2 50
-0.063078352028520
0.091631205588904
0.035764898594262
0.025118563638053
-0.028743267215278
-0.044192060406897
0.007724456273947
-0.041308860476922
-0.012490234373466
0.018575448628469
0.133875241459261
-0.105592345639724
-0.024133727850331
-0.064561062289227
-0.008206168537921
0.033239100582652
0.005182899262433
-0.064475132281306
0.021377534894453
0.112333205946102
-0.084992321633264
-0.014165820960380
-0.085117923141229
-0.061375156670819
-0.042087270822513
-0.014559673470517
-0.018787396739870
-0.034473411354095
0.000328784747384
0.027967819842317
0.017726284240315
0.099843130999181
-0.035674130400431
0.076853869863892
-0.042212145786948
-0.037185183699529
0.054365808998536
-0.039433126032880
0.053292984721489
0.008304313012875
0.001313732943650
-0.137565235201229
0.035033739063993
0.054658325761576
-0.071812238030299
0.007743804395907
-0.067136796825944
-0.013546126570681
0.028534377122683
0.072808821402785
-0.020618047814447
0.006543648969674
-0.019131100957833
-0.052520372707549
0.038110652665407
-0.078096466844227
0.000487649395056
-0.005991880002744
0.032438733726656
-0.014680886700890
-0.019017010063125
-0.048741197492439
-0.104971215253963
0.010220824286994
0.040533926619921
0.083579196150946
-0.075052621548146
-0.038925434859741
-0.111128565404076
-0.036537333079151
0.004350068243406
-0.046132526285905
0.000924060323518
-0.041684486623354
-0.026669995144597
-0.016811728311044
-0.039993007187636
-0.027272039745049
-0.021930089179882
0.015458165609502
0.067181201141707
0.054578759207156
0.067545247138257
0.091192439209771
0.020605357737070
-0.031049426140407
-0.053324552218460
0.020761680831609
0.011137338937301
0.057207439313521
-0.030270445412878
-0.067113791536009
-0.013087786419828
0.017014962139181
-0.035201121817281
-0.023976249608548
0.046745314516254
0.028459497148212
0.015725563165895
-0.000245322672348
-0.032227255582150
-0.004048742502778
0.054072670886192
0.090002764405493
-0.018438997919756
0.066660388877836
0.044394375403123
-0.027670552600816
-0.069528102866961
-0.089967310254571
-0.125992306928757
0.035071360616022
0.049220011762810
0.053328932982159
0.063295312206786
-0.075309003159330
-0.024167403143775
-0.001925834313338
0.031055415620985
-0.041815040238818
0.003657552146384
0.051061170392018
0.023625299767802
-0.083752497241841
-0.045850520456021
0.103567003039199
-0.000519389054535
0.055337396233197
0.048129487497218
-0.020901390108390
0.007883904242934
0.002070817123616
-0.023197392060928
-0.050055672752667
0.046551957123121
0.069639475960264
0.042557441556100
0.067098296631767
0.020482017496962
0.009041469702273
0.009905147703542
-0.066669473432958
-0.114600470534906
-0.006658954302978
-0.065832446154159
0.028192355655087
0.032395318361464
0.088146900492458
-0.030950682907671
0.006195949017530
0.013923414501755
-0.064827048689596
-0.025292317088044
0.008814857128450
-0.042928378034612
0.033514565112650
-0.010506752111897
-0.008315132542988
-0.006884626162551
0.026461754776652
-0.018562952697164
-0.057059597033309
0.010039214546638
-0.024417141790435
0.066020641339418
0.049993150431815
0.009249286416855
0.004056747619235
0.043234596964957
0.078873535547654
-0.067430970359777
0.002097427843204
-0.019739621161707
-0.051099039651094
0.093087545805845
-0.065409787430621
0.113723689216678
0.035188586892190
-0.071774378916951
-0.003572287110590
-0.088051082633607
-0.052070560963845
0.012404513324112
-0.031789260289403
0.011866429196869
-0.020101062876697
0.064579968066531
0.021813658219657
-0.051537367411474
-0.053384620741307
-0.011086301157156
-0.034929307266257
0.006507429049162
-0.038132454606074
-0.002759497398653
0.005738947295649
0.056677772584124
0.036198322635691
-0.094737301616692
-0.046817614520079
0.025289492002997
0.046607285309518
0.126828725783357
-0.007428799968103
0.044543807015550
0.047120439225244
0.019771930394147
-0.004696995640419
-0.051864386941707
0.042874075822086
-0.016734449584419
-0.050341657902615
0.028248803089097
-0.094578311697440
0.025424740818533
-0.039113411695741
0.068739583853174
0.048118031321656
-0.015999576349896
0.003863596985495
-0.033139274881359
0.023657331874845
0.043058933102509
0.108715497918845
0.074410818056392
0.000543175715649
-0.009987110475378
-0.018402932893549
-0.033813633082565
0.061352623573609
0.056290120591127
0.006609291694038
-0.018853398673155
0.052162444765892
0.016757620349908
-0.044763942813469
-0.010991744726423
-0.008471726069870
-0.013033738063193
-0.060395067758551
0.046003051067281
0.040690169811885
0.034875026444998
-0.064013182837569
0.104068436953726
-0.013488963733355
0.013233887501859
-0.049783456273398
-0.051019868928327
-0.052029709106498
-0.060085398182563
0.009674293949227
0.007594770924667
-0.035899672237605
0.000177293707390
0.068875996352746
0.006290396504005
0.015698131318134
0.070247709968431
-0.056145307374550
0.027899703005091
-0.022073516659283
0.056022222454554
-0.043830964845805
-0.007915224547570
-0.087011036977069
-0.056934463220057
-0.000984052548381
-0.009247749973874
0.032099306816511
0.058770760954458
0.005808651568976
0.043753358905107
-0.068791179463380
-0.062057882881658
0.008575933460248
0.027446798439118
-0.056504969023374
-0.025181627643458
-0.040383302956449
0.012610435401937
-0.080997232683953
0.066154711934979
0.058295330065385
-0.037975685367880
-0.013436776617131
-0.026881865072713
0.101347177610739
0.023373264024877
-0.013254542202390
-0.019017778549135
-0.015865846310134
-0.044251530993776
0.013985019336982
-0.101283047394922
-0.032493326716801
0.047307635594401
-0.035852754835199
0.033550511244416
-0.059591939321368
0.001899725120821
-0.035072413412801
-0.000900358814444
-0.003911090065734
0.012295401738218
-0.039380874968023
-0.016790358223786
-0.027740340905518
0.048729813390159
0.040507494718668
-0.006201639182766
-0.041501369984903
-0.053639647734876
-0.041356605763005
0.003038682085859
-0.082226365135273
-0.016092684118085
0.003141351195559
-0.029845011268424
-0.035720127642413
-0.052997212419352
-0.091447529046288
-0.004558563334779
0.082634799566519
-0.043933762742642
0.006904163842436
-0.000697927584810
0.006844184138976
0.081568339182024
0.094471947307824
-0.099338363966535
-0.062343823007019
-0.025619317408490
-0.052025039961587
-0.052607538786601
0.048923683292695
-0.060321427605800
-0.021553974217387
0.019157987515326
-0.051924927581450
-0.021958575448131
-0.030346562561688
0.114864696907675
-0.093295624050430
-0.001030185471296
0.026223779931116
0.034611136907543
0.003410810925890
0.021717908629166
-0.036209992972548
-0.053795099168143
0.081168658010569
0.033013079266828
0.027135016693772
0.089050441842240
0.090258622700625
0.092047327367396
0.071946827797497
-0.050673043265963
-0.076546244607530
-0.035072226339561
-0.032197051402126
0.051790565184858
0.041128106802252
0.067334889563838
0.013224688948345
0.023951114978425
0.076506553595116
0.083248851029964
0.016237219804507
0.072856628914866
-0.032646392988465
0.050518197762036
0.102060764308568
0.041510989714046
0.046542746627297
-0.019095649604494
0.020627676672908
0.033420622645546
0.002581137338700
0.022336240652020
0.069619419908351
0.010432670777840
0.034920836617890
0.008326140549469
-0.045414904135647
0.017967485374322
-0.001446579293714
-0.085897840001646
-0.096122031992491
-0.078637442833661
-0.025356450008541
-0.054471229180225
0.013012179323482
0.006561024114293
0.024742899871226
0.045150661000180
-0.032673504885072
0.054341303124949
0.081046844526477
-0.017703559884688
0.036048315601499
0.076255796745927
0.042144425698529
0.047751397414816
0.037376915686221
-0.049071186228620
-0.037155202830549
0.060835550953860
0.069756780194747
0.100568367762996
0.045596502073134
-0.025359092981027
0.088729118698002
-0.093727622559166
0.002187353181096
-0.068546944263877
-0.046466068584090
-0.029847465214079
0.029075536448346
-0.063449433426572
-0.042894891210290
-0.022253857755523
0.019892984788012
0.033754430458828
-0.025772658757503
0.067297550207620
0.037336657868825
0.105834847243160
0.042126219324110
0.161213887026483
-0.066953589020484
0.010564788698258
0.029627651338256
-0.037704880889441
0.049254580525203
0.033215104237233
0.123371904427995
0.015568970644338
0.082190881799658
0.045802435869817
-0.017305923939127
-0.004186386963945
-0.036981502341820
0.002860507100629
-0.035895358947472
0.056015840451492
-0.027232664189402
0.040998249503627
-0.060125263349867
-0.009385981608092
0.013520576157883
-0.052843752379420
0.001251399346110
0.067193400357852
0.028924967081796
0.006133955076215
0.050922519617808
0.015301879733921
-0.058824891645900
-0.033756062096222
0.106695043531796
0.114570829377655
0.151515830426548
0.165837953568928
0.094616639365341
0.098217316226155
0.028540925481059
-0.016217285157810
0.085146218340590
-0.057923023221315
0.022954880368006
-0.065306593172293
-0.017870721094969
-0.045276488316282
0.053932775589989
0.036435647970712
-0.021194734961740
-0.008824529610589
0.002569247451414
0.067178957822007
0.016516620864143
0.046248805642612
0.131820957201621
-0.020923330063223
0.078297800759360
0.018752280849830
-0.018951697188598
0.094551494199392
-0.000204054102258
0.081777151920848
0.099933983499824
-0.045628837462804
0.016756499855002
-0.008568853006399
0.061651599140778
-0.109981981616425
0.037361057904920
0.026272404997827
-0.082196105213203
-0.008601377443256
0.019087833062258
-0.012684352558447
0.014595174608602
-0.014013251672811
-0.009511504653002
0.001540606657469
-0.014879505174615
0.079647793567965
0.060239312125209
0.011469439732584
0.035827183040221
-0.044277069156936
-0.033119477417404
-0.000463705821272
0.004201402308849
0.049131186652498
-0.042374288013036
-0.013420630899895
0.061534166999526
-0.025662991937864
0.018161737478150
0.003050581560343
-0.027746658626601
-0.026156728499691
-0.133390904551870
0.066592953923669
-0.010163608421635
-0.040504112541757
0.029528967321540
-0.064906656418590
0.030083541348678
-0.005460255355416
-0.051014370430728
0.025123699199949
-0.017626754575245
0.036188481162815
0.029296668502947
-0.029030613794330
0.048054210545163
-0.082366400359416
-0.092518822538043
-0.075539330990510
-0.103416983285066
-0.101865348030379
0.006227551632228
-0.007594242944708
0.086166966885170
-0.020722305661280
-0.030750136358613
-0.087178542642413
-0.103810103218324
-0.009825678868799
0.006206089377712
-0.087308215678239
-0.075496496500540
0.131310942238808
0.038179757975693
-0.003580333195471
-0.055806786916409
-0.065210363057684
0.010452672435081
-0.001403603079975
0.107368602260090
0.005040434773916
0.061315228400377
0.073740062166316
-0.076915774570745
0.051479620344584
-0.051824268558206
-0.109185954407112
-0.061322279188503
-0.008642029053878
-0.039697525497007
-0.074594778197403
-0.035073428727055
0.051654983691725
-0.023858005019343
0.067252787202209
0.064075134731470
0.010704486648558
-0.107948978565387
0.089949258908769
-0.027820655952172
0.055385016452135
-0.024114982564200
0.022597589280840
0.019107243359023
-0.012427725135365
0.096620579703915
0.008665947590805
0.043799732296744
0.027082810524301
0.062412585231551
-0.013998065202458
-0.077168705113623
-0.031647659086567
-0.037826545091234
-0.011697599943689
-0.088442651642134
-0.062347803708645
-0.088095742317598
0.001814819180548
-0.038327241973473
0.016158063663954
-0.038623936352709
0.038836469364867
-0.056554109647053
0.043168619939340
0.023600602288696
0.035581749050576
0.063080306255197
-0.010160407420317
-0.032454231853284
0.049093052654939
0.059470563790570
0.059156499481847
0.043309627060967
-0.007324877579549
-0.012870219058826
-0.039260328648678
-0.065131988229251
-0.008586136540915
0.000471848417589
0.053279583022073
-0.025008731106805
-0.091754457817458
-0.069379957154492
-0.031684304108001
-0.026978805056589
0.068148849493044
-0.020373965475764
-0.014343924880202
0.101578767893756
-0.066097323381381
0.045038320325444
-0.073029358275356
0.090062444666655
0.106009012248078
-0.002075756052112
0.008345076193541
0.037738540732315
-0.010784804301150
0.054015814370007
0.047805724787048
0.105971111703785
0.032241584499195
0.007063473595362
0.167377622180163
-0.016206238265371
-0.042916346239211
0.030910405435257
-0.025030038827415
0.074843445388681
-0.057435195347812
0.039501216003736
-0.045020250554351
-0.065360796473122
-0.060145414775037
0.088930623678922
0.016856314553705
-0.073129915693555
0.068799592153304
0.038339996203924
0.017575614806242
-0.007603180156047
0.048378619636035
-0.022372028766333
0.071280914079561
-0.066006234138452
-0.009576129881058
-0.071053276710814
-0.061842062790896
0.056515609668580
0.064889663919972
0.039306181753906
0.003438291975590
0.085064825846554
-0.073896746644809
-0.020042147766284
0.068586919005970
-0.005957102102108
0.050236062537514
0.011204205027885
-0.054506687143668
0.113508006004471
-0.057679464438999
-0.058184001779317
0.002431883072769
0.048135977275256
-0.006382399058805
0.055415961933061
0.070124470610009
0.004352510954868
0.081710874430026
-0.059535093244098
-0.081781971494643
-0.086528668644118
-0.031650616231526
-0.091677389764875
-0.052221457703099
0.023139905133208
0.039027254066565
-0.052630439734766
0.001226197135984
0.004856086761288
0.071965980462323
0.008111983514466
-0.047970218864743
-0.057687573622613
0.064111485145730
0.012654533753989
0.013337236838217
0.021542937681128
0.012071253753958
0.005764069454637
-0.065568925480703
0.053293966764999
0.040843541694498
0.098792617940751
0.047195517072766
0.027933351247125
0.030243233418531
0.062687088809112
-0.026061359026876
0.021891693455749
0.004582579462851
0.003386328331885
0.001199133087411
-0.081835176244693
-0.077134418340367
-0.005241977302456
0.032052354907304
-0.067495312704912
0.117621974545495
-0.061835413516774
0.086276368320550
0.036902804545264
-0.093503081517679
-0.046938396758953
-0.123810162411687
-0.010131888134557
0.029968033155834
0.015078978186833
0.010198731259467
0.036049817421207
-0.051635312922146
-0.028234511461850
0.005466795679797
0.038537603424904
-0.004341217926807
0.056545421186434
-0.032072080202946
-0.057814129803692
0.029637486728398
0.060639115010473
0.006745384007799
-0.024768198137267
0.112516402306449
0.058191479576416
0.070521064303912
-0.082922275707686
0.041401504714577
-0.041863572927263
-0.054292646566608
0.160041372446025
0.000836630662927
-0.012892286268226
-0.023564257419803
0.004510368344261
-0.050991011150834
0.050071169567925
0.013735943279609
-0.001378446504193
-0.075965074819804
-0.005464355436184
-0.066291316422572
-0.045742098483728
-0.073429793974486
-0.051373705698953
-0.039573886857241
0.009000989204027
-0.078576392949663
0.033676124117194
0.024804682224713
0.018537649826394
-0.025697769072878
0.026026106125066
-0.021490841260409
0.051617311041552
0.033294368596331
0.010645199157495
-0.117004933559411
0.075618145206344
-0.020167967030354
-0.021407773411705
0.043421079763974
-0.064334578401174
0.025472653741551
-0.079574086877247
0.120434512735128
-0.025390655892864
0.019051378969103
-0.027444827138638
-0.021275717349064
0.021698306945940
-0.009593258699811
0.000494411644007
-0.046952584408518
0.025126104206510
0.043546444660353
0.004357159680846
-0.038458059450987
-0.058701838258868
0.041472499211165
0.048842757257951
-0.069803786583984
-0.074553824670785
0.009428266787693
0.023748724919055
0.024204978691551
-0.047327863374874
-0.031326032988398
-0.016394324314436
-0.034354853500975
0.062083420244970
0.051592399635512
-0.043740121831351
-0.051526629634096
0.021951537913967
0.065898108197787
0.102316131309992
0.005602044177774
-0.011898975158935
0.067719708756276
-0.024418912547825
0.007533206594988
-0.019836778086779
-0.083186619052591
-0.016745631844508
-0.012159747972868
0.009816419916640
-0.061865019938490
-0.005195314552992
0.066627782310265
-0.022341658417781
0.122360181089924
0.121470160257125
0.049766578217130
-0.018324628853195
0.042865611575579
0.017621710644375
0.003894386305792
0.038629664508919
0.047886818938632
0.038361261280075
0.116163131438925
0.118758421643681
0.071181940254681
0.070451623349450
0.090587614364366
0.065347379027804
0.075686555841756
0.006588871428281
-0.030014611260877
0.085992486657147
0.012891698553343
0.095944658152126
0.044089134031438
0.035502528569992
-0.044448893163841
-0.022577662294795
-0.020645525051459
-0.019582343027241
0.072375657755276
-0.016673772509582
0.005206588748470
0.015077048159828
0.008482866014183
-0.019456128182580
0.028049740940108
0.007917032283221
0.027735890697254
0.021374424954753
0.133350947315914
0.101216062172881
0.080899948547202
0.091527178755979
0.080325130327686
0.085471591694560
0.025468286498854
-0.083898264237886
-0.004478221347324
-0.017847632409775
0.017080310180294
-0.027993143251909
-0.089940545944549
0.004995966209215
0.076078956000593
-0.011666432685604
0.111653099083639
-0.013777925680715
0.060599255696207
0.019124520437645
0.025227757908647
0.039634452452594
-0.026645622122948
0.010174293282703
0.068533320260639
0.088152724440602
0.021633836786621
0.170140923157165
-0.077243975127235
0.038769807061601
0.055095789067970
0.062876370472590
-0.021871975267369
0.063154059462058
0.021700730729631
-0.015649079372010
-0.038619712998320
-0.048367343237567
-0.067238641177886
-0.013263801545023
-0.019537473934646
0.026740850692743
0.011811454474851
-0.008940191772296
0.014981967213886
-0.069964685862936
-0.057213223356177
-0.087719164722490
-0.003482426821849
-0.011018280669224
-0.011287112167080
-0.108890389419597
0.097629960992221
0.060626090577340
0.012696897474496
0.000337726164311
0.083316045754035
-0.009752105612548
0.048428498817174
0.023832507608017
-0.006372437630471
0.099695409216739
0.030358445936030
-0.014023056840279
-0.041447295336073
0.019020131039442
-0.078433546598288
-0.041072830656406
-0.075301226325735
0.023946904964244
-0.081868328674443
-0.106985188613966
-0.078754161346414
-0.024450212113948
0.082559021214076
-0.066757155585082
-0.022386304432762
0.125029697487385
-0.011511948513565
0.020703326132702
-0.048373352506886
0.065539449953553
0.010906366764742
0.035436824040263
0.041672033786700
0.030606867678950
-0.022766658884939
0.112659999510021
0.015773713764099
-0.049291409345692
0.088872032888630
-0.044993943013107
0.012217781063943
-0.052894096953511
-0.102838100727483
-0.002856964000509
-0.033045930249545
0.021840258806878
-0.014504456151411
0.067997695097755
-0.023726925836122
0.085181300623372
-0.082527389970854
-0.055194225932363
-0.003498475933885
-0.078148042500320
-0.023342149508176
-0.048814326211092
-0.060451703325394
0.014133988152316
0.060154613916947
0.008368081293759
0.016857483450667
-0.004118985162405
-0.115101381103857
-0.026811508171401
0.052454257406373
-0.097381078980926
-0.030508313429176
-0.021852861958236
-0.134139754134065
-0.061365683446615
0.026101716845982
-0.020496791370865
0.026932676562331
0.031292070298386
0.000923902476360
-0.021297583960021
0.044705803301366
-0.101737162356342
-0.008095944952291
-0.029989173283527
0.033568139411446
-0.041827088567702
0.057989855718528
0.074891775791202
-0.031117385457691
0.040320522979316
-0.024653195356245
0.048203964944774
-0.083883342516687
0.001103535153479
0.039769421370227
-0.115421233462980
-0.102366513300863
-0.070477474536490
-0.031467525405721
-0.040619899952643
-0.101659743504884
-0.028049971051424
0.009961960248154
-0.110994718260913
0.038927636103623
-0.108501058109182
0.025369513286938
-0.024722289152415
-0.055305687381557
-0.013584836772997
-0.029495015256781
-0.003313998598843
0.018939499747191
0.010123930214326
-0.058567376727045
-0.004039645566700
0.082224810009726
0.017431472460709
-0.055657751242362
0.112165852128765
0.006460197190798
0.018528955046116
-0.025972950391940
-0.067523941568819
-0.022831509992588
-0.029168478855147
-0.029004873600571
0.053119458334478
-0.049938215396117
0.101310926980424
-0.064063801591910
-0.099949848769199
0.038958072841133
0.018000454773465
-0.020615165382020
0.067372717751285
-0.060348871582582
0.028496778563826
-0.062335847165348
-0.016254988633536
-0.004216094701296
0.090210652631564
0.016845405806435
-0.016565142406565
0.042728266016871
-0.037494128973164
0.004654104186183
-0.028461074151111
0.053973333483296
-0.120506069472384
0.028790260640760
-0.053974484804773
-0.032340848291213
0.030240283309707
-0.051688305478919
0.021360657494156
-0.012857828515164
-0.101710283123710
-0.022427847264707
0.000764792997975
-0.034641253270029
-0.024108468760143
-0.010325331739621
0.033626547436498
-0.005910391317223
-0.011454944994012
-0.082343649185439
0.026228622824442
-0.090258030353320
-0.007356895192616
-0.002481788695643
-0.004332358716450
-0.011601187866675
-0.089429933966353
0.002131584947572
0.076515684970465
0.072029358506885
0.018264232547983
-0.107717731266761
-0.020533354807099
0.030380808767846
0.066274777944027
0.073632261168763
-0.021739298639204
-0.045820937733546
-0.069689390579691
-0.029622365913198
0.034403671891875
-0.036744882492553
-0.102461989733257
0.005534051879324
-0.029079843264049
-0.061458361635895
-0.025100972749966
-0.101821083597819
-0.066946913049087
0.024556305589015
0.008415441772557
0.012280710842543
0.053046455500765
0.084599437576185
0.022807479137671
0.007641815508311
-0.094389855051103
0.121698773085041
-0.027776282350544
-0.013000440270515
0.061074243270321
0.061102328426537
-0.009101944363530
0.035184242780271
0.104774183618562
-0.014839156269652
0.043298458470232
0.073681935438986
0.000334795407220
0.012213116756631
-0.004346476236988
0.005536856302783
-0.019833634046324
0.001449472020473
-0.043381816898248
0.000061975655525
0.001008027075640
0.032945939770754
0.036512644752075
0.094731125790503
-0.094624049234730
-0.075144451336772
-0.016558188483754
-0.025596251242400
-0.035459938230252
0.060037556805413
0.036509470291868
0.004031413232792
0.001393984703642
-0.055722907827633
0.120397078286875
0.085798460292286
0.054404732313550
0.085586476656947
0.014648716486458
-0.024969618362090
-0.052570090406972
-0.049353889155305
0.120946346858608
-0.059629934870858
0.026303105222055
0.047970116475272
0.053142367857951
-0.061155733912262
-0.010068790259781
0.026967018953120
-0.023914361476340
0.098254846200973
-0.071046232042798
-0.020580086827745
-0.062235261910811
0.049648097837285
0.165640790711330
0.051812061508433
-0.079368387264026
-0.045160968883186
0.023608870488599
-0.070077266598219
-0.025414452647698
-0.008673668892934
0.107601634333157
-0.033784543822456
0.130878318460980
0.033253110867121
-0.016563201172217
0.038636214045080
-0.059321698403231
-0.189039680477576
0.080878258230458
-0.079615900252873
-0.082360526467106
-0.005958064061966
0.008691985615904
-0.025780947014087
0.077040886571267
0.063559302510095
-0.024668891425971
-0.032814764878062
0.112419286875414
0.089778961829360
0.092462422747376
0.017102882919789
0.025487571907188
0.013512847746934
0.032321244093643
0.004522468309783
-0.010619939355411
0.001230753989823
0.070109119151288
0.018098329576501
0.027737742301934
0.016072101485140
0.074007596503216
0.024236472212301
0.102732842662520
0.011425674891261
0.029231750901818
-0.057863949702936
0.073279400481961
0.002096512047750
-0.018173336636659
-0.020270174747819
-0.101300786820406
0.049259032800155
0.062660414694966
0.081843190573979
0.097107112975743
0.131964358621791
0.109313781304780
-0.009180802858604
0.008371387670613
-0.087795303916831
-0.091924654698609
0.035734444708548
-0.011843469441924
-0.101143792667571
-0.020782421815904
0.027124201272103
0.065227514106653
-0.024789868474758
-0.003362172680591
0.005503386634914
0.017263926876912
0.120995541869019
0.065107488528545
-0.034002371610764
0.020030196839837
-0.056479150313221
0.001902479191833
0.022955149238313
0.061038949599670
0.012661779494095
0.108125991967428
0.115061764832266
0.062818132570949
0.031991832710475
0.174654382838719
-0.002597298958326
0.000900518248740
-0.040006422441810
0.159188429284407
-0.017607338812427
0.002172772965748
0.070224961436437
0.023770194608855
0.004654265639980
0.033655593763200
0.109185652566528
-0.014715266788972
-0.065663526890268
0.004449360070719
-0.017844852303691
0.010356474304015
-0.030831922022252
0.009707462070098
-0.046558148679779
-0.124178316543026
0.056331060341765
-0.031378789473005
0.023174959408586
0.106826374022450
0.051353374921698
0.086551152769562
0.098335651096542
0.127542307557850
0.023098339724248
-0.035485301596926
-0.005163071985980
-0.004265642180806
0.019117501450857
-0.042451941076400
0.056868905190388
0.137950287794207
0.006264103776259
0.017729732939269
0.051519633071463
0.019234474484970
-0.070046860961498
-0.003136137165566
0.085198769049847
0.027130141208668
-0.143171905600454
0.060395148332030
-0.069304987298603
-0.053617214044135
0.044891775069561
-0.055095809049916
0.049520401478538
0.144078241633263
0.113473649135437
0.112262083294985
0.032468542822502
0.063158529099040
0.084476465963766
0.038029724446896
0.051414287439584
0.096243172625034
0.040273865178316
0.006094267499309
0.004233446779767
-0.008879190363344
-0.011786373404311
0.031801013626438
0.063590784218775
0.101753530434832
-0.009026669932675
-0.021030976676112
-0.038171920206086
-0.027529265160204
-0.102539957882122
-0.077601801107661
-0.021290236343405
-0.120899637517615
0.042002468077080
0.024134134650573
0.097361597617785
0.009158994641004
0.009697438471654
0.081888796727422
-0.027644585777175
0.036282439068969
0.037802797301424
0.051327306332195
0.023123296857710
-0.014560998660841
0.011340508023969
0.038842185631925
0.065734776806968
-0.002780741980262
0.082393238920721
0.051284948067654
-0.027918679357070
-0.143364228112627
-0.110693910404935
-0.067633128898632
0.088041727245197
0.049657691808280
0.012136652860332
-0.003083031747059
0.019515951995334
0.034962072027512
0.002583869980551
-0.042896482743008
0.081651356718469
0.064474888409475
-0.047801877621768
-0.018071091905556
0.077593318862226
0.030411138516480
0.066517412801091
0.044812436849542
0.001098213779874
0.075421577298833
0.086171719787540
0.031822415556926
0.046155884813837
0.055680307551022
0.041043576674299
0.069386517762160
0.001050235999695
-0.022543549510323
-0.016604668513870
0.006184116122832
-0.077419675690724
-0.056018829509297
0.004188631296634
0.012495304738905
-0.076876203653675
0.009640522187047
-0.043165049717783
-0.034256438694131
0.022414077154098
0.044912047077128
-0.104918935356349
0.019064967079450
-0.062647649210945
0.050768446394979
0.015357303951378
0.005276220965859
-0.046478938873282
0.010842725672897
-0.024451139151001
0.041451534207539
0.036929939257911
0.001977167252576
0.038717818518526
0.130073768573066
0.049327103725033
0.045355344656412
-0.021409172426468
-0.044553481590508
0.022612112414605
-0.090392248173849
-0.054060181640232
-0.016722180079192
-0.065484602245999
0.046973463397628
-0.055323685214714
-0.095780925586056
-0.028211073766291
-0.003897472236539
-0.122787052197787
-0.038399501107244
-0.021402254561769
-0.043484065534753
0.013000510689090
-0.052784949334992
0.005242465766813
0.028926509138855
-0.073908529761274
-0.069950385746014
0.086873801142190
-0.028779290650836
0.025264155452404
0.069028145925538
-0.054008178712312
-0.087362782317973
0.037278068684537
-0.045544327571081
-0.050236357207192
-0.015928193330128
-0.051644141255504
-0.060895057869607
-0.005505611164962
-0.063474525423150
-0.056111142509494
0.000623313458114
-0.036195552100601
-0.053636584149600
-0.121793196262152
-0.051547344962640
-0.083411362907548
-0.020467818449827
0.024144472346933
-0.006152260973316
0.008651376642181
-0.033168245472014
-0.048183585461486
-0.044383939914994
0.006299579650177
0.006688179107305
0.048066674021002
-0.027625065015406
0.003101894300153
-0.001401965369312
0.009192435096866
-0.002921009537908
0.017962986880422
-0.014136545745801
0.010350518572755
0.056287938019253
-0.013375398973235
-0.037674849295413
-0.107096509087143
-0.109879849817718
-0.033386956287847
-0.104321869198649
-0.080472047917320
0.010508458258778
-0.056205289282565
0.029197322104649
0.075056008194427
-0.098015638185237
-0.027756047005902
0.047902076863442
0.042670357776683
0.048385180160864
-0.059442541068619
0.042489435284123
-0.038880873359164
0.005176237512786
0.007900849780248
0.005476127187231
-0.031183451564607
-0.006623679900331
0.003989023341094
0.046863490542107
-0.067768096010683
-0.067808349565334
-0.040782626008073
-0.082437517834529
-0.000057622990916
0.032295955639087
0.024376685927973
0.032523043871639
-0.063012902828739
0.041033451665497
-0.012016152606115
0.048386212902411
-0.004709097101679
0.036748017803419
0.016401177734187
0.004420160032335
0.017109975160633
-0.031519138068098
0.035607940963608
-0.107365823114910
-0.101053758159419
-0.045649698589553
0.082283735181280
0.056462655028025
0.083876585359175
-0.030969829705818
-0.047203449584429
-0.069318955286624
-0.011406935783659
-0.044391066746753
-0.027174320242407
-0.073331591580356
0.024931109769869
0.056019657683620
-0.130300038847728
-0.035073611921442
-0.047654070282400
-0.040244534798170
0.031906492008764
0.071955337693615
0.036001052688323
-0.049480168240561
-0.022497481774633
-0.020318202525116
0.065969649176194
-0.017576535235757
-0.001230429003436
0.016988396469760
0.004103181994057
0.024878128417185
0.006295431741575
-0.025989351299339
-0.070712001790232
0.052448244822700
-0.069260311254706
-0.031302809845511
0.042891078209072
-0.041082922975669
0.081630513297083
-0.025350019421731
0.044364323021310
-0.044524618935633
-0.059352112679860
0.039853378169345
-0.055742186310384
-0.024545099728686
0.044815160311944
0.023300649350654
0.013513152044362
-0.135141267580190
-0.010499417303798
0.010860245501350
0.016212391660933
0.054957415697237
-0.098017844331468
0.075665134647435
-0.059322854690730
-0.044379503803315
0.002850660024153
-0.024484781293439
0.058512430541299
-0.051199790128086
-0.003753612343787
-0.084017446996975
-0.009589393441137
0.019906154190448
0.063582480043825
-0.008151984884751
-0.069915229650998
-0.048018115932278
-0.017067230446323
-0.004260240989885
-0.082463759451305
-0.092550440187507
-0.069581272026554
-0.014839686752320
0.081560965675378
-0.054006668123206
-0.021166910564471
0.100198750971998
-0.092017883703960
0.020848221386173
0.001583757913949
0.007007085982386
0.036353775666856
-0.041050231161030
0.021383606734717
-0.036014477107778
-0.052676240229615
-0.092234501679051
0.027810490431529
0.015197548392312
-0.065743548330254
0.006974299340231
-0.092613466967119
0.050182708735185
0.041759908282207
0.036374230396147
-0.001859538618938
0.023775350452514
-0.034434663677928
0.138109710128075
-0.015476638007728
0.002267275984080
-0.025041886885513
-0.003835847223427
-0.027502548511413
0.096542838637031
-0.057213605315069
-0.039329885713930
-0.123636229001596
-0.011299286631856
0.035237697955972
-0.008055878879023
-0.004320258065013
-0.014642474346797
-0.154090663364597
-0.043943514693426
-0.104866865564833
0.040776250671680
-0.002909397129268
0.017042717238421
0.060736340910119
-0.023795972633308
0.053928200545494
-0.028933589229854
-0.042265074812982
-0.109226912762818
-0.047105038805871
-0.015668325626166
0.065168867417906
0.007888189950682
-0.018474958264727
0.100747560674294
0.044549495445031
0.022475921498432
0.036572236150991
-0.092680092623991
-0.048809061741615
-0.031141026230958
0.023904785657055
0.067683958753102
-0.067703802287934
0.016588126695706
0.054941867527772
-0.004520353003981
-0.046877417419052
0.083012287674166
-0.003301772324104
-0.015681166025417
0.034421323934600
-0.065569367002296
-0.006561498709460
0.068996117335660
-0.050537108456533
-0.074032122387493
0.035290676698593
0.040405059966424
-0.145407075057814
0.044476859251017
0.035368068273598
-0.030165398875418
0.057728142396811
-0.064083440490228
-0.001626761142069
-0.007083082947724
-0.034818807430735
0.028976717338969
0.043077009400042
0.037371893580908
0.052639586460821
-0.070553408415341
-0.018126670809960
-0.082827459459936
0.006316783266059
-0.007697295262532
0.013603732448708
-0.051888350362707
0.087644775692749
-0.031863576753582
0.032784312360491
-0.069100844752446
-0.028843861674813
-0.012553687715534
0.013996195197465
-0.014632363968742
-0.029783995832190
0.006274554085421
0.017550174056177
-0.025832164740011
-0.016081077731691
0.017729428721846
-0.025721732143924
0.037972141399819
0.007204736284455
0.024204760478492
0.056911304985650
-0.065786858997628
-0.037445267682980
0.145979699909614
0.029075587281073
-0.035792292439778
-0.038463745773984
-0.037664670089713
-0.062502585155791
-0.053032273254522
-0.036766365152450
-0.060385994232208
-0.058467572027214
-0.011801859638558
0.062133562013542
-0.038387480823256
0.017831543658253
0.008271309521154
-0.033424581172895
-0.033223226293392
-0.032940556481629
-0.025905433585696
-0.044067837272704
-0.028573789021046
-0.075502430153030
0.037244636238762
-0.034754164883537
0.013662502206498
-0.031113810530932
0.046558348474444
-0.024091681448725
0.047171455731953
-0.022691372668982
0.004065493938542
0.000201712165062
-0.037369930860190
-0.063801152081628
-0.053559415215954
0.027430705682241
0.089684233176070
0.014715067230217
-0.020784624249718
-0.049633100885909
-0.008043265572933
-0.065130919329424
-0.106073869652574
0.057621185606810
-0.055881223751956
0.030527198051233
-0.050235138269451
-0.085171061426153
0.024874045657305
0.081027445191065
0.010725647414204
0.031672721353015
-0.037590129323672
0.026604178185593
-0.053232464368128
0.033243753090444
-0.005319356168794
-0.014324401877579
0.033003781091050
-0.003199485877773
-0.035269415928281
0.087229629268768
0.076103646734250
-0.002245834005218
0.027588848957997
0.008893580290365
-0.018401783656188
0.036526443212847
0.021297224808375
-0.004097923250606
0.011347760937451
0.049220902426970
0.009405110466701
-0.051083879681650
-0.053953942169190
0.000803414112350
0.047232427292664
0.011873856140162
-0.073718132174350
0.016543326825972
-0.015558335353690
-0.025022820715943
0.036554305137615
0.005486661999116
0.184455717703439
0.011574100063747
-0.062403468936016
0.085508198369970
-0.024391549773851
0.039145728598284
-0.039261064496431
-0.012987569902566
-0.031931115554912
0.073887971860298
0.021165314106703
-0.047259361175132
0.070118226942867
-0.052722200669316
0.015648727966508
0.000174417223032
0.039076477080856
0.024406468658903
-0.011150409726392
0.100534847145577
0.029349227859960
0.001803619756866
-0.004961670036730
-0.016994735132718
0.067510365728213
0.012020894738931
0.057530357851886
0.085651363033087
0.158313631583662
0.066543279837755
0.053475371858709
-0.004548482308869
-0.025773385835894
0.040815772377046
0.060842407695835
0.024396908552518
0.012235297295645
-0.010072863305387
0.038139633090863
-0.096301967955593
0.006906659645331
-0.078180510348352
0.004825538651939
0.030305848769551
-0.014456966899576
-0.042656942055165
-0.006924496716011
0.011868616752192
-0.009863032577936
0.076603800473758
0.072872054415257
-0.011528524415407
0.019024816862734
-0.001143297480595
0.010414769725648
0.042556544806431
0.080027175951807
-0.054933956577028
-0.079373635033537
0.030500865383668
0.018708860067478
-0.032471682590434
0.002692061968081
0.024315239255731
0.010312867848555
-0.040273102622660
0.000909517893087
0.038790712351383
-0.093780490990917
-0.140223151469322
-0.089764344350705
0.001254532069760
-0.024047247028716
0.085912866810790
0.056392875503055
0.018397200027797
0.077510601536823
0.112854619575016
0.030783980006075
-0.067841257587202
-0.081754395429391
-0.010676261506096
-0.016532468176215
-0.004085949521207
-0.103623320668985
0.017145029200978
-0.076994707794143
-0.050006967120723
0.001830435192857
-0.052050235196983
-0.006868276553806
0.044104726069593
0.052474873339166
-0.008830414355635
-0.027714725516654
-0.137081650557975
-0.060020820553570
-0.050572790408554
-0.007509382724177
-0.018513884555060
0.080990394577052
0.024762511687146
-0.005736989496080
-0.039522565473315
-0.005046275714894
0.036790068618277
0.007804826278418
-0.035733495606313
-0.128007514506214
-0.108750554272107
-0.031607766208783
-0.058639051679802
0.032447912532126
-0.002306361669213
-0.005320828515090
0.015162373374751
-0.032817005273203
0.035079217853762
-0.120556504570220
-0.032482072759073
0.041040471033455
0.007947172241730
-0.021955874092823
-0.015919256672536
0.087434159896304
0.013999329536625
0.034394741764537
0.011983074671099
0.091910190456776
-0.085690582540307
-0.037591956341896
0.043544299388421
-0.106429530790677
-0.066630669823156
0.055567725241112
-0.059886351953879
0.030585033782654
-0.054299437391341
-0.002877272371719
-0.035779954902292
0.049675475854293
-0.006811137274243
0.128466638510786
0.018104555571917
0.050035016561023
0.040796892717600
0.025352766949936
-0.031255696995823
-0.000524716953961
-0.062670418439630
-0.048479288639418
0.026771855864073
-0.037192572838746
0.098585066381843
0.014646189773720
-0.005760798885614
-0.030576294634789
-0.008341824292781
-0.051448891250993
-0.015396481378280
0.101859736742125
-0.070584347136397
-0.008836180394070
-0.004033732029178
-0.006780304067338
-0.006301049426086
-0.017499098853258
-0.048349887261175
0.068578975844506
-0.003418113710585
-0.097257924369663
0.029345094860399
-0.028218211845445
0.053980786765685
-0.070833267642777
0.027936431989463
-0.041305446189844
0.097554692036498
-0.016591271583428
0.072159779406830
0.034912012781720
0.094757378796162
0.114678805694814
-0.033690190902871
-0.006303380815235
0.067707577698340
-0.044460274640064
0.043312799668853
-0.020893605578282
-0.008497593713904
0.025890084098076
0.050400749820642
-0.036070777664829
0.035818288130073
0.046227486724026
0.035614866480017
0.018713959265869
-0.046081314761247
0.016108398498435
0.005831834679340
-0.007013416388728
-0.131581917873887
-0.045317100325131
0.060539797709834
0.029582478692573
0.074321709371235
0.039999183064402
-0.075288840681749
-0.058982815756054
-0.103156588656287
0.054641215984551
0.003351279931627
-0.031191643970000
0.102445702046982
0.048612656209977
0.003689712943181
0.016083979709650
-0.031985924071116
-0.014190582781987
0.029145705792274
-0.061897861123210
0.062662935913466
0.062000214461074
0.006163359529443
0.043347237054430
0.074095507623002
-0.033052146771528
-0.035807607482741
0.040548207798687
-0.096507164323653
0.067026483932893
0.111178985442494
0.063148597463212
0.042786898100411
0.064344770474439
-0.031096800148318
0.030291713090744
-0.015992889917191
-0.038115217205751
-0.022249036260225
-0.053347115706991
-0.002938053716573
0.006080950515523
-0.028981794662601
0.050053926968663
-0.044555907032412
0.033291123972988
-0.089440193417194
-0.034902428363499
0.058547689497649
0.060392251272060
0.091363589922720
0.051758778646782
0.079000262002308
0.010196385296043
-0.052022406058887
0.061512330704165
0.014195584060832
0.085292539951458
0.126308806286573
0.029506449261479
0.005384229590980
0.067956908124290
0.000633190243632
-0.021678136849310
-0.065480940230670
-0.033661878211265
0.051486441179000
-0.047324535274311
0.061015370908200
-0.063015751781999
0.023746274078779
0.029675482648526
0.042671919239453
-0.025925117238497
-0.088383015773426
0.011705100986393
-0.008832739783976
0.086744742822463
-0.017385774908119
0.051082111601059
-0.015341687856051
0.009739972562368
-0.046117770989693
-0.074340696727965
0.105607165400738
0.125443172986947
0.119555696859002
0.048982387801697
0.154888111355727
0.007982702244997
0.099765851660043
0.104044889863294
0.034541232098751
-0.001048742423873
-0.042819283795776
0.029746707257683
0.034293108661095
0.062157636548545
0.022188630504250
0.000637848959784
-0.055738347942112
-0.024816201673042
-0.006038546920809
0.038991481253859
0.025611160217402
0.040355375741166
-0.034411916471374
0.017783127917262
0.001619251864965
0.014670468610299
-0.034831332239850
0.010648567746851
0.032477128236094
-0.041787239205151
0.070086925807006
0.051736195706734
0.186347751849808
0.047067935794298
-0.019141911849449
0.026393096589782
0.019978138401769
0.088076240736278
-0.037648788316453
0.032794063666913
-0.019620356130989
0.013884953292112
-0.001668692061396
-0.034506016131633
0.006383967426532
-0.089216326712200
-0.047234597714894
-0.125540775455994
-0.007161271326664
-0.072374480149662
-0.091626785465904
-0.052328091770279
-0.023344988905368
-0.042490917251811
0.025973364550146
-0.151002539814493
0.022845884777903
-0.001076629892654
0.000059614287006
0.034399932751245
0.093219551986566
0.179102678123665
0.053968852659273
-0.004581888730390
0.091736174560082
-0.010497779266252
-0.026727331133063
-0.008036329590486
-0.110057342275225
0.009267465275344
-0.047997457169501
0.091921523311262
0.002129437394848
0.003817151324110
0.090088080407247
0.004720857389795
-0.112544524498823
-0.080268002981644
-0.015748614782628
0.008903432449678
-0.025635917920411
-0.018574163045565
0.008402267140861
-0.034609209802415
-0.032491925503245
0.047108841027749
0.039957450010160
0.011116197825446
-0.050171545929235
0.005028476712134
-0.073377388013306
-0.021087934938397
-0.061748764331900
-0.100644612234219
-0.023874703304371
0.024244842680475
-0.017861774581282
-0.068829076462093
-0.013981632476597
-0.025472319890810
-0.024859923446256
0.009886533048057
0.074252766492331
-0.036527503204685
-0.053036645226081
-0.014348685651345
-0.014443849825484
-0.020045846087347
-0.038322555679459
0.012211022844337
-0.030353938740894
0.033236801080203
-0.095473720008968
-0.001273127230861
-0.017481783085428
0.051116332936047
-0.087407438770552
-0.005169935853079
0.069124132447164
-0.023411745550109
0.034325399799803
-0.038416769991910
-0.115813244789891
-0.036604102234378
-0.023679903143910
-0.003445153010673
-0.041810524374314
-0.042625881494487
0.021451038121272
0.040476341896296
-0.102452967121333
-0.018354846688180
-0.036301108406072
0.030939312922448
0.039009223642750
0.076766044841612
0.041441626245649
-0.053673244946865
0.027059521298001
0.000633480582752
-0.003831197484659
-0.059538570304620
0.067791658523112
-0.037380963335596
-0.027073138456595
0.067838538459649
-0.049232350127420
0.004649842861403
0.045239472501936
-0.107928416272763
-0.061926037624451
-0.027805270615021
-0.050278896807765
-0.019958413637362
-0.085091884100686
-0.018502175995475
0.062009171976910
-0.091269473412909
0.033486941133958
0.020226706099730
0.038766472366545
0.056389978081445
-0.080006676995876
0.028507423202336
-0.053349190386460
-0.017647430166840
0.014120365973465
0.077846370146059
0.032862886371304
-0.003832451121825
-0.085016329566045
-0.048154414186104
-0.097420126105388
-0.050208951938551
-0.129881503394708
-0.093544865408823
-0.002836291279775
-0.085487102153039
-0.013790868018614
-0.021533009422582
-0.005237740480835
-0.074570448728793
-0.001541656947443
-0.080261472608481
-0.077915054822357
-0.102771734725387
-0.008886957424520
0.043579934438549
0.029982803345504
0.000148655408249
-0.036631658104561
0.070863093916952
0.071625532899076
0.020864527284044
-0.004932229269590
-0.017184561904418
0.018246247214798
0.043652558458195
0.034161168461619
0.022140624497502
-0.033776934947087
-0.003957422599100
0.004228337700406
-0.056678166105488
-0.047204526926030
-0.168605559820751
-0.066784161772145
-0.083628203944627
0.012188774977427
-0.022301104180737
0.057948467906072
-0.009735409707028
-0.059036594171547
-0.086637630078194
-0.024864895620331
0.007936276776574
-0.037172142438046
-0.023141171094526
-0.033561336467805
-0.078105640253912
-0.043901000330312
-0.002244630475038
-0.038577077921845
0.016249262371525
0.030589617515383
-0.081085490208669
0.003223235966463
0.020490416242708
-0.055544331196278
-0.021655605054588
-0.028483157389282
0.088261740612667
-0.096789406451371
-0.093426628808870
-0.081831719175790
-0.045136510745037
-0.003411426399920
-0.111136888749091
0.159080644777303
0.020522965444039
-0.032867271317356
-0.099560289557763
0.051867530072396
0.002288220275566
0.017224496406530
0.023035387590940
-0.036369681387312
-0.003852976430818
-0.040185614550218
0.054440011127072
0.030903969494583
-0.026179707687183
-0.004614429688002
-0.030459487481988
-0.070330277180870
0.119297293301117
-0.038299117601268
0.023405516545895
-0.032203937457032
-0.079371046057490
-0.029647530792629
0.073960662613771
0.024734921752633
0.042972271490089
-0.014413233940275
-0.067363954997229
0.031939729734352
-0.000846337985728
0.077976422161151
0.055278544201762
0.000190287597110
-0.011364468356790
0.071383754369516
0.028933333383041
0.068106785874895
-0.011074683909614
0.010122210324321
-0.070776659039226
0.006388984890284
0.020126847440044
0.072469867993973
-0.014670127146065
-0.082699615963559
0.025645461768222
0.015573774480606
0.030924131717525
0.006502616894107
0.002978399642508
-0.046231467769445
-0.006132512042745
-0.035336006472316
0.003493153133401
-0.044539559050929
-0.002600478487681
0.037129740255912
-0.007563284264292
0.068719299987586
0.005482584457612
0.000574636070417
0.019069230344996
0.016710052395132
0.025195550471343
-0.023742082255578
-0.058280976008163
0.046137379730406
0.072473109935470
-0.019204163881879
0.037751775251378
-0.133191330866794
-0.114978022555909
0.033044440433657
0.018383923576868
0.032772904186600
-0.046994354173566
-0.032077587537854
-0.045741822625717
-0.019733628533279
0.040878395199880
-0.011210404635262
-0.000114836238026
0.026564577729505
-0.109532713152791
-0.055758347007417
-0.015236754043479
-0.062477000781574
-0.003911857306262
0.002497891285102
-0.074823935596685
0.041306928609460
0.073535207831824
-0.039511178620643
-0.019428967781912
0.100292105644674
0.096969465497870
0.065377473510062
-0.043285552654767
-0.104876797180974
0.053393444289760
-0.021594192857482
0.002513972310717
-0.025862484208003
0.020432114946871
0.000530396204056
0.078912096723040
0.041571902409304
0.048868328999242
-0.008847096011940
-0.023709863302207
0.000088625801189
0.075788778768586
0.022556130423217
0.065479063456255
0.084483494269691
-0.001141562793275
0.004881085768632
-0.113048335470842
-0.087895933969459
-0.005520700289013
-0.080575730584230
-0.044754843032237
0.049774690956508
0.023517234702388
-0.017161598998072
-0.070460305769463
0.067571203575522
-0.032768890674403
-0.063616106229456
0.002202295181406
0.041831586159689
0.014871847345519
0.089677848980662
-0.006991484907575
-0.024247735934050
-0.023018226924895
0.072364990208753
0.014250740345490
0.065245731422245
0.146503904299673
0.043691810899215
0.016372152894073
-0.016118150185396
0.027677615938843
0.046920907800046
-0.029406548323109
0.061267270783844
-0.026729466793109
-0.024596662350023
-0.064354712564645
0.060868445062794
0.016044083934206
0.069451149423230
0.055814865292966
-0.030450589456480
0.022772295426981
-0.071062250489713
-0.034441036123039
0.030002033532871
0.071238979510997
0.028039688491608
-0.074684631142559
-0.039735126274248
0.056437400280830
0.047672505911330
0.056741230345399
0.040006311051723
0.025501296483808
0.036378082732673
-0.005936481383845
0.057432052493885
0.109211807849566
0.025582223248781
0.056415694529661
0.026935162662759
-0.101148735583334
0.005125978770021
-0.042244071476654
0.008290001355943
-0.035960530992028
-0.039333158117408
0.052767955923388
0.001678346006729
-0.090841150433997
-0.044154249729622
0.041710161802964
0.082363112079718
0.072090495427997
-0.024717290994874
0.113246844639598
-0.010428572146376
0.112461347151628
0.053136563439507
0.043209590165571
0.092375869878609
0.020545649401047
0.073284005021811
0.019478714958544
0.123146621074594
0.184151023772512
0.110948662653582
-0.003197505261685
-0.070911501916808
0.042402384754916
0.054487073987350
-0.009446765625959
0.016913018523543
-0.049816135787892
0.003651349243797
-0.021341376392639
-0.095725690573880
-0.147742245297757
-0.019109858369686
-0.063035861347176
-0.022459948270596
0.012613679346688
-0.021882697494492
0.098137048784400
-0.017067021252433
0.005168526091747
0.027565874395012
-0.030014879689707
-0.029866699880848
-0.002548562880392
-0.033348596025866
0.008358149276462
0.031280776625942
0.042280204494676
-0.152476040879740
0.056755969148946
0.035322953921349
0.118735459221254
0.071761436562489
0.029535116898070
0.044107886071028
-0.013653575790482
0.023011991659034
-0.015051261175058
-0.045408544396798
-0.013229655257704
0.077764914828214
-0.023253200033313
0.020192907088596
0.000744658892831
0.079549234985643
0.016722684096401
-0.047942294012253
-0.099490162917785
-0.053246739684062
-0.057158616055763
0.022954216568118
-0.026283633049435
-0.101918309075949
-0.051410484732862
-0.046541011621961
-0.000181790042916
-0.007244516574505
-0.057409373609399
0.080129533729525
-0.010536129505508
0.076148206172924
0.016448168106760
0.067942529677664
-0.024338856738261
0.002072216645305
0.048931520150856
-0.004813865385239
-0.062119622865522
-0.051671938328141
0.101444217185497
0.059772127691326
0.088522787612691
0.064955641437074
-0.001065708916744
-0.074819196172295
-0.071784835246741
0.106864652545834
-0.077733422679079
0.000740487958313
-0.065653442100667
-0.038206934565229
-0.027227703078446
0.075224084406709
0.096890583932575
-0.050995150463233
0.026547456625439
0.043326871549087
0.034962264711960
0.064528615185864
0.027122875479520
0.035149408976653
0.075819021551834
-0.004887160573625
-0.019531932641289
0.023796242692316
-0.036463637421586
0.028473575299349
0.019507876324439
-0.049281142489714
0.070318235801883
-0.073698103997795
-0.014894084606996
-0.098021371697267
-0.061705390924212
-0.032222199650877
-0.021260276048982
-0.028784287635757
0.085217129445638
-0.004401301969136
0.003274236809812
0.080267189223370
0.032997998367367
0.038336190310906
0.041567344449756
0.035011335411586
0.115376668312805
0.003839145006388
0.051314965731642
0.031120343472792
0.078705119807480
0.001506601476730
0.054548741293160
0.009305189258580
-0.033432774318582
0.001936240487443
0.007044625523709
0.028412923668649
-0.048949776312262
-0.064481605850765
-0.021551076948305
0.064752559335360
-0.047751529576845
0.067625254284018
-0.020529914700783
0.034690770918373
0.118630967298193
0.034114252917770
0.008104648155331
-0.122704195920347
0.072149037036529
0.039412428609871
-0.020636822773565
-0.017263914555254
-0.011515960354491
-0.075312193837232
-0.044685131967261
-0.054508283373085
-0.007405518030505
0.066184540877526
0.001656905078682
0.006025089706518
-0.037782689725687
-0.117087957734442
-0.116371859349923
0.085102948809432
-0.034803105844296
-0.059514678098478
-0.060406121085206
0.032485286626529
-0.037311546633234
0.076746496180070
0.081074649133290
0.101924146454251
0.104781876522237
0.099609273823299
-0.079853705314637
-0.014571775094727
-0.045100698307773
-0.063183782704089
0.019975571996487
-0.110979335460866
-0.081877246139064
-0.093207435905076
-0.050424026130839
0.025433608874586
-0.057044428495398
-0.029934747054468
0.035954794040217
-0.051158102338783
-0.038423660679351
-0.015151722521224
-0.059592519954947
-0.050619764885172
-0.119615266167153
-0.066485122903588
-0.021528344719352
-0.030743307809634
-0.054111989377422
0.031892677133924
0.044764688835223
0.137959895101436
0.102383760624800
0.026964685435010
0.001609036768383
-0.021889148667971
-0.034135990057758
-0.075561446903181
-0.021524806638337
0.008407777597313
-0.036357764517757
0.023869068067372
0.003943059188037
0.032525173003251
0.090169040811594
0.011218322729437
0.034600381563342
0.005225893363283
0.010119612285612
-0.004047579023131
-0.068119844724914
-0.099042713279060
-0.033243486547556
-0.035297905469551
0.029933693206475
-0.064242628734253
0.058476177878715
0.057554660876234
0.123056101198837
-0.009019107287981
0.026124881728259
0.089362638460464
0.099193318870970
0.039636632124444
-0.001346364916543
-0.105638380679918
0.023690454429234
-0.029802631760531
-0.048576196016064
0.004543015735957
-0.105863752170853
0.016967198095041
-0.047651777968581
0.003655154570722
0.074439265519276
-0.020234689036883
-0.020055652373520
0.016377153076749
-0.015878865023765
-0.008234165027370
-0.064422608728502
-0.023544900126206
-0.010233748177360
-0.048421095010779
0.085193244611742
0.003623072477370
0.105603046792296
0.148637287797754
0.042495075824992
0.030839462008076
0.039820369844148
0.032983451712020
0.096069856676541
0.043922197139776
-0.013264947240099
-0.017043147627112
0.045669797902270
-0.159573139382519
0.000031134525392
0.001583231721908
0.057507128494014
0.110686909200502
-0.001498884904339
0.047265689587725
0.015090839274773
0.049080438108632
0.046140012619451
-0.036851656266740
-0.048805002380353
-0.017220385015366
0.010117850153592
0.071856320608339
-0.001320223460538
0.063436771683692
0.053153031903580
0.042647772441563
0.107527608623805
0.082415609976909
-0.100210220840585
0.083570586668288
-0.052213366622585
-0.006495106196660
-0.015013443571998
-0.085174278300942
0.020622858215117
-0.042359166426762
0.037308952090502
0.016022222273029
0.059794993598942
0.043286775120760
-0.007144712545925
0.108502035726316
0.002129128850997
-0.080644180032402
0.105034118571679
-0.062368620793330
-0.016505794824661
0.018688823497387
0.035444186060130
0.045363088370714
0.074279534870617
-0.000708196137587
0.077300541716867
0.018572837115926
0.080936772662286
0.014681085093046
0.049559979295481
-0.026633082071333
0.131939103041934
0.062575955388680
0.055498297956613
0.096495761661827
0.126476168767322
0.019450122755309
0.052036484061465
0.017009213548534
0.054571136721565
0.065749957150105
0.016608785627526
-0.005411833203275
-0.022031787394887
0.004346330009839
0.065215107242540
0.053739428485414
-0.026424665065661
-0.083146137939287
-0.038538945063371
-0.016286285351976
-0.061808339130195
-0.088883556728205
0.022622849834218
-0.007069238639578
0.020289277096941
-0.080537521897507
-0.013583101160914
0.076595847916332
0.100506548473678
-0.064850347491182
-0.000670102860592
0.009025682611482
-0.030956746187568
0.031965654299897
0.029960660712816
-0.002165967761929
0.048966722937543
0.076932601334954
0.044433918038535
-0.018083309857738
0.049406014487105
0.005241741981799
0.126081161023680
0.069977688709115
0.015872861878350
0.045337206802532
-0.044412617298742
-0.126522629284868
0.120331008841917
-0.036604397629346
-0.047908520612595
-0.004003859452396
0.002038189997407
-0.010064917297534
0.029283219984347
0.108365752919196
-0.007986073267107
0.126959399830741
-0.036798504896342
-0.031148461981384
0.099703792845631
0.087124966804805
0.041436234232118
-0.023166803907620
-0.097204776655335
-0.079200065022974
0.006240788319008
-0.004054577051222
0.091745645490966
0.103162033740162
0.021194687625911
0.028270044107963
0.039865503037956
0.072843335105567
0.052166668639609
-0.031933103653709
-0.022903166419867
0.039169373037301
-0.089497365738750
-0.064203341698603
-0.001238222628981
0.095863348288021
0.089943568334060
0.069830762153662
0.022105868612970
-0.033804053162955
0.029361089795895
-0.035211416354560
0.026890372565776
0.079893088578683
0.012526883573539
0.065453261909183
-0.114430329078657
0.031691355668213
0.103605076887030
-0.123691504645281
-0.002424617527755
-0.039895120486720
0.042081070068987
0.034230543065097
0.037716465799418
-0.008346503793251
0.005208737477506
0.004513358861006
0.017437879276460
0.126377105271977
-0.033029140746787
-0.000907424385474
0.030278318932384
0.000614004688456
0.034724314082266
0.035761024972359
0.044660668548097
0.032944044127945
0.018780692243347
0.085363087268100
-0.079602993422281
-0.066985647357829
0.046649320514584
0.033603946504825
0.042842838735203
-0.034693622744416
-0.030469488053585
-0.012963092989943
0.038910294107497
0.091806949879378
0.040484196161511
0.016050816482075
-0.021091242363920
0.042323123625572
0.047320843342625
0.194290197478024
-0.028061644045548
0.068733647641989
0.064563685348963
0.025101602680301
0.151810655950926
0.077348799852460
0.017622195505468
-0.049981808416630
0.001757579588371
-0.034082665920643
-0.013321782297400
-0.030476122893325
-0.005801796237631
0.091010696409949
-0.044552845030856
0.042616459175356
0.048602147236081
-0.036343482441745
0.040172973380039
0.025630621041044
0.086706485622016
0.077352211328447
0.038265303652004
0.027819010633879
-0.015017655639722
0.022795307203339
0.011474513724830
0.058615557477598
-0.026904873846038
0.036767250686123
0.030949224808959
-0.099288269800225
-0.022100593387455
0.023586142927737
0.046273889807823
-0.022505412644790
0.064583372700605
0.017018794497286
-0.030115947294361
0.004348221030035
0.089344231006574
0.007416807478344
-0.048522575033687
0.049124347021812
0.028614412304062
-0.005038204021412
0.071743674123897
0.026264326293756
0.014214032265220
0.071993820537657
-0.031362735558123
0.069239616331210
-0.016936997939899
0.059531211902367
-0.051064800578335
0.055753757041095
-0.099822736657433
0.043888477311543
0.077457931557260
0.066718071642520
0.028754799286358
0.018952880587000
0.035236418549010
-0.120065651139702
-0.020755735772125
-0.080642985567337
0.076888261296263
-0.036562312883788
-0.072952156417562
0.016776396063414
0.039911478608169
-0.007334266996899
-0.001912943695186
0.063234144666589
0.009746041646012
0.027840489269072
0.013680237536155
-0.016481351402305
-0.025427467136867
0.114924894889632
-0.025722655567453
-0.024813599673257
0.034619753009117
0.005754546860915
-0.108723932984117
-0.024019360153309
0.008652140034291
0.091168281160216
-0.132946219554883
0.019370729492302
-0.047433665610851
-0.125770953645630
-0.056531043400401
0.003741466720035
0.024978361078457
-0.075086407772258
-0.012016792172597
0.043320473987440
-0.009629321881537
0.026601726456953
-0.106635535513135
0.015817892738819
0.007345529915908
0.020580515177583
0.004093114336724
-0.054870433864358
-0.030521245265149
-0.044822818746707
0.006191718838294
-0.079946884638398
0.030171234880341
0.009868748255557
0.003460098565286
0.007250218558648
-0.051693073656481
-0.150875827079897
-0.100856381272872
-0.006219099649394
-0.008997501716400
-0.067439355408209
0.007361039639105
-0.063236433842182
0.006813560268997
-0.108132031722458
-0.052617344549734
0.003163977084484
0.028031083220489
0.008494753866508
0.061822643796187
-0.007279193467323
0.049666165984846
-0.027048725279537
-0.088458271555705
-0.010341492012632
-0.012163098932744
0.060823057390633
0.039992113621203
0.024053994747666
0.034996139165744
0.009222345103806
0.034108289735183
0.029494704029779
0.022157893256033
0.005393590641424
-0.039415417083082
-0.049147433203439
-0.036204414472107
0.030861615936563
-0.094922635677660
-0.006027139878503
-0.036155304470865
-0.039356166289907
-0.031585390840924
0.027208979787267
-0.002631402313127
-0.057996691574778
-0.003474198173083
0.057864659639249
0.019041202869637
-0.036989045892705
-0.047226114492632
0.032147419406022
0.053026130565507
0.004410719232932
-0.018273371000762
-0.044691472268118
-0.023515628557903
-0.040425646502727
0.013938271352390
0.096895946511632
-0.000304611047022
-0.046819525280351
-0.058092272544302
0.041206963442517
-0.036983559799269
0.031716199820065
-0.080350734871576
-0.081064329667663
-0.043238525582787
0.001144001760890
0.080048101457852
0.018264347458524
0.125255405266767
-0.008570757850383
-0.031699928962336
-0.007189510255809
-0.036661776428349
-0.020654104322290
-0.035530312200212
0.077411982173439
-0.104534386722781
-0.051198073570539
-0.004948299400778
0.001912236576493
-0.102161622161922
0.022390212139286
0.055638646340522
0.012777748234167
-0.002084905325242
0.052279087245982
-0.002914076537864
0.016819722699499
0.028635234006836
-0.024114912051372
0.044493826942437
-0.074785216818614
0.060612678967734
0.059448409154846
-0.044662327923823
-0.087943529731362
-0.051019618334312
-0.020406936013415
0.038282657033665
0.021919989624514
0.134192808510849
0.029281265959166
0.003793153406266
0.014323296527792
0.000105339838035
0.060853071904276
-0.054725532281745
0.058686349588878
-0.005594657391565
-0.039698410143489
-0.022839151099079
0.041146012590016
-0.041357619638254
-0.078658061264898
-0.075729779012438
-0.027007802849259
-0.101012568119210
-0.081614661949840
-0.091313886225394
-0.002999143740120
-0.135115549577563
-0.064328984927147
0.004161237252989
0.000482291011367
-0.069508625117746
0.034202828023076
-0.028383568394212
-0.074380121157008
0.042511466154171
-0.007017030894496
0.080832469478314
0.085053137607346
-0.080535657201029
0.008273972446093
-0.134049242307166
-0.010181925318052
0.054513398755598
-0.071837009703896
-0.049928858847365
-0.030306604059145
-0.124814275818036
-0.064863344487476
-0.049849083591576
-0.001187022479012
-0.062241673379329
0.062290605905821
-0.020625277259730
-0.019528558324031
-0.036004811381667
-0.066813468744341
-0.074951967070755
-0.073452485012144
-0.038792630225850
0.050982137778810
0.045671724167896
0.019069833453420
-0.058061441477458
-0.033476544673618
0.011686425232937
-0.063079704949901
-0.095048906720889
-0.058145708656355
-0.017954958650591
-0.070567345828984
-0.039882747705294
-0.160391001153248
-0.069727644913858
-0.064876596512642
-0.058118653694808
-0.052654399986618
-0.033434305122844
0.039444960198469
-0.014955407710464
-0.066336280127372
-0.012282581540615
-0.011079103096628
-0.015641543307035
0.034362879009905
-0.019925092738452
0.016298801162992
0.040428498577929
-0.009049789378709
-0.026851432569911
0.034015499017755
-0.019225191232217
-0.018362579240739
0.012962325707266
0.049385983280122
0.043566396843474
-0.020862583609440
-0.016335980044803
-0.056834820104302
0.012437307019284
-0.002405334626898
-0.002611121852581
-0.121062396945541
-0.035287278518740
0.006722383643164
-0.053851899271990
-0.036598916502848
0.131224495432998
0.094747933859960
0.014763614360041
-0.059221992519450
-0.024697385226998
-0.004391081220749
0.006094897743774
0.002389958616310
0.055034274933083
-0.037938723596039
-0.026626994894442
0.012623742552362
0.066221695586951
0.064684224467315
-0.073345101679393
-0.005235016369796
-0.029693894272150
-0.076828510264831
0.026526078295855
-0.139240597372485
-0.060130624693766
-0.040522575861274
-0.056582671839484
-0.006137455143109
-0.011573817587408
0.049136927733727
0.018823838155278
0.028763465102867
-0.009964919114571
-0.091494439760138
-0.015446941329957
-0.054689232271157
0.004065852944105
-0.053050257577899
0.059905294663809
0.034988855814420
-0.020468211792694
-0.051871520458372
-0.022231654857580
-0.029022858396657
-0.010151603737322
0.038537081799499
0.036639795962819
0.026127943762115
0.019149275332591
-0.144780356127473
-0.065183904763809
-0.060800510656576
-0.028758986389016
-0.039394679361479
0.004807128119333
0.076509031389805
0.005425940346810
-0.028115185293752
0.045416635053502
-0.034434271963532
-0.016923488994705
-0.072582627175739
0.074140928321702
0.105678534935852
0.040254451459677
-0.010381885888223
0.036266803540159
0.014630267094458
0.023571875016431
0.006025904092022
0.038915946529310
-0.079956079701509
-0.081856907215228
0.018101829909991
-0.043204387529730
0.075473062156308
-0.046051911939108
0.047817122139327
-0.063761591785344
0.027033037944382
0.040789266795410
0.056483847129977
0.033190575376641
0.041547549503499
0.007128658331275
0.001752111665293
0.013033829138317
-0.036592525246122
0.082683816411690
0.015661922703142
0.071722499648269
0.025534022717581
-0.114933141677362
-0.034866364041056
0.052512042605937
0.095967400948492
0.092355557635139
0.022318134160324
-0.032804580138583
0.060362117077374
0.020699399385102
0.060404927607150
-0.006878827270573
-0.079659022251916
-0.033331151643496
0.003444634832193
0.012713599786761
0.129312651497402
-0.008330922164367
-0.006776435950827
0.005904833801520
0.041817888785442
0.078013815973370
0.095441196496803
-0.035667428625121
0.017139879287907
-0.070960138288433
-0.098545952378654
0.032047223765738
0.041579115122096
0.062182673924641
0.004264810595111
0.004114237846311
0.071787050352067
0.035563151836901
0.102107509859110
0.054668119056913
0.003946298595136
-0.019139085062704
0.088007958767018
0.009056780556109
0.055685347398327
-0.002084044548206
0.015976002554494
0.041389068708571
0.048307289077456
0.023477548520550
0.093029936788702
-0.020333041805818
-0.000382237611167
0.104529993788611
0.020739324355573
0.004515926232939
-0.020235117743540
-0.025595758945078
-0.093004656634410
-0.043538555150203
0.053927780290016
0.020970623068804
0.076357049429271
0.040932399562318
0.084998671807617
-0.059037174335350
-0.021363743404152
-0.053143772611910
-0.050261877756352
0.042144185019279
0.004716600655708
-0.117750243975843
-0.082515663109127
0.063229903899694
0.041055385890573
0.002848762245397
0.019371993900685
0.060178288631090
0.096399183153072
0.075302282454376
0.078365132558536
0.045322397035652
0.017363544671647
0.002239903034696
0.020809518571901
-0.030249982441296
0.026416037185101
0.051787727493884
0.045099597306691
0.095475494451371
0.051003994684353
0.052827187382603
0.034930340557684
-0.037832763236952
-0.010038961868182
0.064995252099632
0.078751844972109
0.008660295142510
-0.028965916738002
-0.023255550040713
-0.018393065344984
0.033225364463110
-0.022727738878169
0.048584918739711
-0.023062564720870
0.031559759668749
0.089815228211785
0.107956870861690
0.080133965299290
0.082915360363343
-0.045436000841638
0.079166495921363
0.113873458604547
0.127590981037016
0.065670553180411
0.108169979434113
-0.051649419656243
0.045119925709049
0.009069057475670
-0.029267997706517
0.126596556499852
0.067199809288717
-0.079588776458794
-0.070047685529030
-0.036390589042269
0.040066216997997
-0.020364635169748
-0.093318434079516
-0.066502707688809
-0.072576243257820
-0.075995917202279
0.094405507606207
0.110078780925044
0.054679104281126
0.041044914232634
0.121741101260679
0.052219735458358
-0.043815397050365
0.045216273862920
0.139099941647107
0.137262350893826
0.002963176377183
-0.007765274412369
0.006980536133648
-0.003572901143933
0.032715416433337
-0.008472472651712
0.067394950215745
0.063629129647454
0.097675950729070
0.016780562085858
-0.013408098065590
0.058841704284677
-0.050431209825898
-0.065720645230038
-0.040680259600060
-0.035982741789893
-0.007639292520647
0.018208027847943
0.099440640761760
0.091672889463825
0.035163218959911
0.002514031314954
-0.039415138590013
0.022345436947861
-0.097082607543622
0.012359469840978
0.009823424145497
0.035340841094161
0.014417736780090
0.076584983261325
-0.004514932210048
-0.074198461702014
0.038865007516452
0.016052086202692
-0.050714930994379
0.094979520232848
0.050008805402503
-0.004894834041288
-0.047670873953194
-0.115383845062129
-0.030277172259407
0.055889922445188
0.002956476479549
0.038610776819830
-0.034093615908787
-0.043939769299117
0.079060496758344
-0.004596016386885
-0.019604575534998
0.046495218608996
0.055618901148777
0.114009217149571
0.074190429526454
0.066097900279105
0.064042802218213
0.072227601515155
0.016216575426773
-0.009193822817919
0.041959272022570
-0.047027105076852
-0.027336795005286
-0.074662356959486
-0.007338856569709
0.092760038934288
-0.038069225802590
0.035173684111109
-0.065788124370570
0.029406587498148
-0.044457906979509
-0.034019773014732
-0.001796749503886
0.029297940230057
0.072205647107621
-0.079735371355080
0.063888832490369
0.092804405838241
-0.017106664541445
0.082976815142228
-0.009165272645070
0.036107432756976
0.019177030950708
-0.088389757273250
0.057421256530710
-0.014330038525961
0.004655827005598
0.035420466413271
-0.045462619543905
-0.081971537284740
-0.001222961691121
-0.042618120280593
-0.030741649504575
-0.069951056821767
-0.085819460281239
-0.069509761151888
-0.119451854667259
-0.009153020197642
-0.061067940993123
-0.085983519363979
-0.086379940471111
-0.108643136047390
-0.105565436329154
0.002985804328084
-0.104889180832397
0.018857527628804
-0.063328289307092
-0.042836476574098
-0.012030633499553
0.033118108670943
0.175522800506826
0.030593680277996
0.096975001470623
0.108599445421847
0.089232875947243
0.022097056872196
0.086352861222632
-0.015416037652709
-0.048455242442343
0.083025145577966
-0.028007272321545
0.066100418149298
-0.013598079970225
-0.065779102962942
-0.057384032238934
-0.096501116618326
-0.031388640562737
0.047588475352511
0.064971399940528
-0.095203796167800
-0.007251978394753
-0.047157135959393
-0.037623525450917
-0.013228216343505
0.032913592379159
0.116460362691396
-0.014196251190714
0.076800480129350
-0.012325247320011
0.124223923535587
-0.067945583634400
-0.035563794272988
-0.016173224539490
0.039105509749140
-0.022178144066712
-0.040752609594981
0.022511729568089
-0.103958669997716
0.049415285806068
-0.041289362652562
-0.035966676178852
-0.049205608326658
-0.021126072714033
0.002918547457424
0.062774399119769
0.008328169118612
0.061678396884804
-0.073829681843525
0.002465252178683
-0.000471570697889
-0.017027917417314
-0.012183039870425
0.082288897503717
0.005145258212929
-0.000389260296648
-0.004841151505276
0.097427502232417
-0.061256385170480
-0.053148832955621
-0.032848913944771
0.037396505963031
0.033357747520428
-0.066885414507728
0.022523485866521
-0.022927163666437
-0.049861045902160
-0.040885757282930
-0.097416585624424
-0.044423588491771
-0.007454847058969
-0.025171234698156
-0.055102335037231
-0.015908213073053
0.093360091813052
0.037167973857172
-0.068093626616794
-0.050596721772997
-0.104244089729292
-0.069236961829610
0.016266057317863
-0.049559609244185
-0.076522857458938
-0.092450136954701
0.012143234213385
0.029810061391456
-0.070149955714963
0.003481743557431
-0.087588120482695
0.033101534911003
-0.030617802497052
-0.046263262119279
-0.152963316247798
-0.053108835342331
-0.015227621847877
-0.107604896194525
-0.014740068911723
0.003268712473174
-0.022721472063744
-0.069124522605172
0.020286311042211
-0.012785987181838
-0.031424288625570
-0.131426635700192
0.002515867766022
-0.096031069098031
-0.034751840187153
0.014886350466230
-0.160067807777089
-0.063052043809843
0.036249464245902
-0.014537264956109
0.000823011426941
0.027759288047242
-0.053282905443036
-0.049979711246211
0.073933232670101
0.009163534390583
-0.022252055553819
-0.074411996981568
-0.007989165002122
-0.019621600774731
0.027008315238034
0.027600134704696
-0.054622533898108
-0.064131210095031
-0.066690382058166
-0.058833562537479
-0.081541990190767
0.021564230789067
-0.022602287716334
-0.093414126668520
-0.083543222761711
-0.019846355270274
-0.005463236532499
-0.024021009156645
-0.005846917695925
-0.045640811538546
-0.078537057636558
-0.032616340642930
0.000253236070409
0.073386030842458
0.037290706850380
0.013196051485479
-0.002366306629465
0.038426836834015
0.055776090601599
0.088846303213516
0.095111220598436
-0.032329151820992
-0.073730149883526
0.025831648911321
-0.062889120454339
-0.037487027437369
0.056266729045391
0.055145075767705
-0.049823218683547
0.035504189472924
-0.061729930182717
0.054246814743841
0.076841036539004
-0.008251640629324
0.029470563652121
0.109191369766403
-0.038712561117520
0.006709665389726
0.092300864682705
-0.011444206014746
-0.044819448773974
0.035261097378669
-0.018507515720743
0.085978597251287
0.025285330418940
0.005106172954948
0.006084776955496
-0.009487867342919
0.035967025983847
0.043912589140516
-0.034666599862647
0.033047823799335
-0.033030463161125
-0.019977642366513
-0.005366341087492
0.008841647371552
-0.090568579169411
-0.018040011869009
-0.019300845331049
-0.065864545549993
0.034730090825914
0.009003101658622
-0.058311539817348
-0.048988817887375
0.067964631230940
-0.083908312918453
-0.037555252462182
-0.032055550679153
0.022148436991726
0.009022847728658
0.119887750133760
0.063266917074855
0.047828977882362
0.008880189412411
-0.053161580543177
0.027148557356188
0.070350722109142
0.047983303444975
0.044750711654897
0.075265507597047
0.016242398849554
-0.076109837148661
-0.018005841584063
0.161344185283704
-0.088537366748058
-0.091473515295134
0.007592246832998
0.102632730164516
0.025344876855648
-0.138956682092773
-0.014439226036653
-0.048327534517115
-0.008064189264023
-0.076881697479838
-0.044818355893702
-0.013256265988223
-0.045329419809096
-0.033010522681538
-0.041190606763223
0.041466768044649
-0.009353543295812
-0.082184598187349
0.028500480284005
0.113786997284616
0.004128723529712
-0.012877633987088
-0.008450033512546
-0.005636070695781
-0.072114835774403
0.043020671875149
0.003967481644287
0.063925965451115
0.069022317908578
-0.069989577291135
-0.004819593563870
-0.054947248943949
-0.007986423636009
-0.023599591864586
-0.076062929144760
-0.002079035448401
0.019315402826403
0.066743216855591
-0.156092834840509
0.074018358790754
0.000318228066099
0.023358709394324
0.034449747978578
0.034607965801496
0.011831417561363
-0.017651305025684
-0.089237074442100
-0.041355706520513
0.027775104734880
-0.012419275805582
0.040906576767474
-0.022278571623572
0.065321894130370
-0.018507727508014
-0.005694650013113
-0.094234791490720
-0.005949044580048
0.012332372958805
0.012057878862514
0.017324237284716
0.015458451629445
-0.010079902657408
-0.005461328866332
0.115686807384273
-0.056237265587689
0.089673407089963
-0.052807054651072
-0.020295832131203
-0.035810702637313
0.005484599280051
0.021285667830860
-0.078581839973009
-0.083833260002098
0.005049546380641
-0.075921735002020
-0.080999625155999
0.026856819776356
-0.021405938938698
0.049599247298411
-0.035236089541912
-0.034878771463475
0.068297083143053
0.047006652228517
0.041400125909353
0.002428227778871
0.022455237259225
0.008568491454390
0.025638281122674
-0.081268748694253
0.006239837351841
0.019861779818296
0.016213909627825
-0.007094546299561
-0.038883782992405
-0.073652107885601
-0.080156335811231
0.021345915122170
0.019605863320109
0.016965567510801
0.028572519283208
0.043028327411196
0.056521167480276
-0.025364174198893
0.075030693473580
-0.110010580654916
-0.021811163627406
0.006073981371238
-0.080200211299296
-0.027617493787544
0.006771065678018
-0.176929923540811
0.035001436080140
0.023896438369859
-0.055293462893908
-0.027207590012087
-0.071396312217872
0.008394113621618
-0.045206177571787
0.062024349523939
0.034578683657776
-0.096215253821898
-0.011975619769546
0.034205215186936
-0.078024956085557
0.074966912267099
0.046597716210308
-0.044288359273099
-0.014637192646225
-0.030742501578459
0.004526318169411
0.082574972980363
0.010243335992604
-0.050582275200327
0.049310940339591
-0.030351758378629
-0.064081860566573
0.046866549168271
0.000875273614267
-0.022141975551920
0.092333316505607
-0.003183195841066
-0.069375579697443
-0.004191980021162
0.023747378903100
0.081120795362484
0.036881231721939
0.031806142446042
0.020367565527113
0.020552101345849
0.012490736770097
0.053154069021603
0.113084342659118
0.003135288606425
0.044389599738301
-0.042441704846061
0.029806121066524
-0.037339501873049
-0.009996149542702
0.025941283505498
0.061555826845332
-0.012644180279371
-0.029782279800731
-0.021090625591739
0.034263448617314
0.005760885210911
0.032920243130284
0.032366969117666
-0.008731399284236
-0.024924454266584
-0.046320723938593
0.012981979534727
-0.053681842254404
0.039948253264306
0.060527240253686
0.011366070941501
-0.022502060548707
0.012766768140475
0.059358545547786
0.046065624292933
0.051635931225822
-0.051739244315594
-0.025524856116691
0.020661600215097
-0.045456498340935
0.077773455278678
-0.023191658634374
0.003566525724395
0.026749765123035
0.032258176303346
-0.013262513008070
0.000217063469593
-0.027333199032406
-0.057485816805344
-0.038169868974399
0.000661772455504
-0.026273004728148
0.000517351844889
0.038308589255624
0.011023161168748
0.065205341651911
0.001305620094531
0.085231016037293
0.001369975635088
0.044701564954820
0.021754195241836
0.070140244880057
0.056079477776336
0.079614416565862
0.157006652482181
-0.010538426863745
0.035980580513878
0.006639695713919
-0.072410491634038
-0.027164385967351
-0.079090661048918
-0.020599765010611
-0.038858021705868
0.090280417740471
0.078411463578829
-0.031102193206478
-0.019652282439131
0.004144954210705
-0.035161504927875
-0.039963694780922
0.028770326104195
0.010220175795030
-0.029988314767016
0.052374582733503
-0.025243805131962
0.067746020781896
-0.027650730098073
-0.026633177733405
-0.030756569635821
-0.018120308373322
-0.068532409875323
0.026147092919509
-0.016569297885781
-0.010941574931147
0.022287163250391
-0.078697773515393
-0.037477431071023
-0.046434438429054
-0.003814070356027
-0.042320575085001
0.045380106314710
-0.020963364990432
0.063193972871695
0.017688297075224
-0.026879325007316
-0.005994830697373
0.086568911138697
0.031918238156359
-0.027537690546722
0.047694367453079
0.079434125617367
0.043481150001056
-0.060914082945227
0.035243302599524
-0.080537055899017
0.001011662398405
0.032682621381673
0.072150334236111
-0.027416575890964
0.009649539176696
0.052028685328904
-0.007290554900300
-0.049051490226445
0.018714837706992
-0.029816995604402
-0.041357435818114
-0.028860114994006
0.032006853133689
0.003689710908769
0.014333348356643
0.013739670268948
0.016583809284796
0.008673317946797
-0.015093122822975
-0.037827292688042
0.002341003550894
-0.146289783578251
0.034740260389150
-0.015651326777567
-0.043445060472966
0.105758569942997
0.016490478876952
0.096580275631244
-0.003554097955782
-0.036191051520078
0.067744165763273
0.023639822089334
0.056599364240279
0.052402861411843
-0.025233585833792
-0.115919354866625
-0.013658550526216
-0.088182567384115
0.082371950195134
-0.042049665337416
-0.061102824078243
-0.026431801249177
-0.085202384306138
0.077160179464513
0.021695548602278
0.044102336525689
0.043438490128777
0.027207918751787
0.087433255809198
0.045428017032385
-0.066363278286732
-0.015476850544850
0.047840549015097
0.063817247871602
0.072476841360307
0.101161951243964
0.025403930076302
0.020077206988183
0.060809039366665
0.024848113776775
-0.019948277820194
-0.012503142799421
0.016021676405106
0.014302474349652
-0.017469570988084
0.069063734359695
-0.030815762931794
-0.021588373653639
-0.057797661368455
-0.022493619918874
0.020504354678354
-0.066386415255624
0.089869897083345
-0.023031452439765
0.053286893697186
-0.063433796642430
0.087457800975254
0.037097009640995
-0.001889949150517
0.023524303074368
-0.084947779694214
0.015635106890896
-0.015555413264788
0.090173621042672
0.007078514634770
0.099684924667790
0.030629807040040
0.061273988834498
0.062727267566128
0.002781068296275
0.059867536429563
0.075058865803101
0.013964451800182
0.048913660952119
0.151616420647894
0.055839445854136
-0.022311764411537
-0.028143491056273
-0.126469101758041
0.017007517322553
-0.004606813743059
0.010799690993995
0.047704831957576
0.084778164850666
0.030238694474844
0.018871202888054
0.046676733649418
-0.045773499048029
0.009645918400258
0.117410081070660
0.010877899875475
0.084193585945346
0.058574863000819
0.123076692074426
0.049028240023892
0.059446153630744
-0.018653207851478
0.025440167446593
-0.053762558033861
0.000559325856394
0.007124225845188
0.022439911696985
0.099898443959351
0.082048828920051
0.063146981565361
0.119151529715464
-0.066327566266212
-0.026252481094513
0.040638117201040
0.056434899627004
-0.040131362718834
0.069420473675098
0.094137010962294
-0.067790630734069
0.008956332300478
-0.032404958959945
-0.010554144419253
-0.023862354001778
0.047098012945381
0.078368428847350
-0.067002135865655
0.111933575955828
-0.039292529633359
-0.044424213111806
0.010938963815489
0.036423631217210
0.044212534401519
-0.080485740724860
-0.009829069294376
0.026340122688720
0.033923349110595
-0.092390992197954
0.021263937513185
0.061607618869182
0.077298364475733
0.040360129976374
0.077758133521362
-0.042733089821143
0.041516445908122
-0.030107348931016
0.034122384770963
0.024123293674664
0.015330948480455
-0.045614084210243
-0.024632012272892
0.039124853993159
0.038220165950477
0.058256328332242
0.038505952582999
0.034214711166807
0.053945186384218
-0.069155540047500
0.001063199557168
0.013117276410801
0.014709815327028
-0.087941642005083
0.001073925492110
0.020481512774784
0.010095309642640
0.033901518348826
0.068568629848553
0.014034771055794
0.142458758601243
0.013807761899576
-0.037980460645866
-0.083758685378897
0.002472259051109
-0.059439850150333
0.023217057833344
0.017406512908673
-0.085059624666199
-0.095427813593791
-0.058292843850502
-0.001459782352188
-0.072958429231204
-0.012021781386216
0.017553601881043
-0.000867857961982
0.111230646898564
0.006696152346626
0.038497356719137
0.113806806978642
-0.031678174279014
0.018528960636921
0.021220246719254
0.062105936901221
-0.010778194091080
-0.101914340532280
-0.096481090914951
0.001835224295692
0.056627031577679
-0.007869660564809
-0.080235307069452
-0.057199602761215
-0.034495656753646
0.054197491220288
0.008379148451022
-0.049714365224764
-0.188235104979412
0.015480711876710
0.095053478270301
0.068658485787198
0.012592832706412
-0.011123551387493
-0.042354083413467
-0.014398307425438
0.004301102752311
0.028559132916180
-0.031219630329929
-0.042894858969696
0.037481464843459
-0.046643455618036
-0.000490763134283
-0.005629156217650
-0.122430717092782
-0.013719903465674
0.031485069244123
0.029299124961018
-0.002958696003031
0.088983219942955
0.059532801440684
0.060774220411101
0.006943743367032
-0.028895988969332
-0.028177656203331
-0.021127138824424
-0.079174927978748
0.010086565543592
0.035808737541934
0.010743015982651
-0.051993466885177
-0.060028648713923
-0.067279481942406
-0.046539238194629
-0.095906518952875
-0.068375177831190
-0.008822843349462
-0.001530099148969
-0.020497925495061
0.028862898942552
-0.031427783760796
-0.043505386247930
0.011288498656683
-0.108167972723015
-0.033987220141315
-0.164052820662094
0.050970690061275
0.053407561378799
0.041796353748639
-0.072591448533027
0.012293804820707
-0.106559542043897
0.021498493336257
-0.088733954005283
-0.002939598454190
-0.041826562734204
-0.018143195570830
0.055072766895737
-0.101146892900552
-0.051726136952877
0.044969291221052
-0.022924531910273
0.003676740613388
-0.002828364772793
-0.028118016217930
0.049633130689360
-0.063265319219459
-0.056425181796720
-0.062226045733323
-0.082955709498903
-0.045380983280231
0.031747657548381
-0.162275526894098
-0.008696802654654
-0.080833245524703
0.020603737665052
0.018950988133856
0.035590480286113
-0.013531965868532
0.028666064746222
-0.031274336362215
-0.024572009931420
-0.001513336952861
-0.061557438211062
-0.106626637272986
-0.076162237117489
-0.057608974248134
0.053282419163222
0.019678509434696
0.008948177799138
-0.114686351477803
0.046611683043873
-0.124903768619725
-0.051933491287057
0.009289073971064
-0.108057510844492
-0.056834895074674
0.047373101892980
-0.083881542210762
-0.017417659085867
-0.060649078121712
-0.030329473977160
-0.073740572322766
0.047194799154636
0.067636050055491
-0.017399658225718
0.089001879791949
0.036445035298492
0.019221604247618
0.076058190321114
-0.040413458313586
0.009418608887368
-0.029500465718461
-0.098075644014792
0.021609889692426
0.046380279830570
0.117544282421133
-0.015393032470388
0.020101790609143
-0.058203038555972
-0.028448528975411
-0.025171952312775
-0.040251311569151
0.009408210861894
-0.015648385174717
-0.023311123170844
-0.028286291016120
-0.028698031965888
-0.009337315444040
-0.021397213052812
-0.020703975997079
0.087424725090450
0.018355991166255
0.073641563721352
0.107969486344387
-0.040780490966959
-0.033015988372006
-0.096389988002294
-0.033282837920629
0.039870829980240
0.009058558052527
0.000429498841641
0.002023116732140
-0.003421707902860
0.038435438053264
0.003052287410944
-0.047556186099329
-0.028979934589495
0.023064488514817
-0.078279252660257
-0.073029567931696
-0.072420221788984
0.082042448473095
-0.083962174364994
0.036403822012203
-0.004770161626662
0.033798712614572
0.082008664724987
-0.008752738556454
0.036994372308890
-0.010696983771841
0.090549298109151
0.075099289647866
0.002047113783484
-0.039385439039205
-0.075892128393041
-0.044008783014796
-0.067784498419059
0.002012875787150
0.090196825052676
0.046384860684032
0.020361483745541
0.025800336541313
0.029378158941091
-0.045003994220924
0.021752515622258
-0.064187580853962
-0.059429525583533
0.054795846173270
0.002001257921958
0.009620636369010
-0.030544095496435
-0.006129597127177
0.020280454600186
0.030184959021841
0.041946391968617
0.091305566744011
0.034760171456791
-0.016436878602435
0.065732210466258
0.031918341597169
0.016104420362729
0.033514246798420
-0.037445534629762
0.076945834055329
-0.004586989216622
-0.067129839279519
0.083178250863915
0.069481265481698
0.083519477025068
0.072197350660053
-0.065386409921332
0.071962476348685
-0.021940073002771
0.003702797959845
-0.028096903699339
0.052196588069705
-0.059440203869109
0.068330542574110
-0.118463044128293
-0.015265597864323
-0.049073593799054
-0.002308461318399
-0.020916669644002
0.068184334480133
0.039475246849380
0.024958204126303
0.023203539845484
0.006318511110429
0.036538753538917
0.008630340971919
0.090078838977834
0.038778482331384
0.030897626694176
0.009775579732984
0.091724434325736
0.082093293207553
0.000782768117685
0.066191439547288
0.041394024751407
-0.061379810867454
0.026633610945645
-0.037471225578690
0.039348167343064
0.060896094510485
-0.038454277077917
0.074239334077210
0.090429834323013
0.017959560703921
0.080314045927338
0.103770512779740
-0.006117359638032
0.019753456653045
0.017649994607937
-0.022462142823528
-0.067910484077390
-0.117421007752462
-0.069808576629893
-0.061624858639379
0.014391256917780
-0.010130351601257
0.018668325521454
0.010277336910368
0.038815016127797
0.003265856712138
-0.039172733667630
0.057255043621901
-0.016525632621739
0.015132708351597
-0.090191763395057
0.032479634630230
0.072266447853679
-0.005255961083154
-0.008067339168348
0.043091419854764
0.024412045415834
0.035595229257404
0.075175209382041
0.058049134832180
0.105584466768731
0.060030189928394
-0.044531776124836
0.044345872671096
-0.032775378252802
-0.046912956486825
-0.060442803809580
0.045839179411942
0.006513986066483
-0.040182438653041
0.031259061339481
-0.008341608222420
0.081412330390907
0.047058097215376
-0.006162141843428
-0.041203493012524
-0.002808402813121
0.061010615131437
0.064989823456356
0.013837037073402
0.019041265713355
0.017565201017414
0.018970986229034
0.022550975232529
0.066170158525811
0.004638628447613
-0.008710641761495
0.047256787942031
0.028548333493920
-0.003807953226982
-0.002142703033273
0.015196209129732
-0.027186508419365
-0.082369469824571
-0.004302687719282
-0.042560064711375
-0.021729217271375
-0.011199668266466
-0.035262113007953
0.034010736277531
-0.071979865115705
-0.018356987461056
-0.036744223901318
0.005560877799042
0.051274558888948
0.041031257356914
0.031350776072516
-0.019931891850032
0.073221485981720
0.104252858194874
-0.015225142595819
0.045271128969812
0.061394269829219
0.070495306545071
0.059928475433790
-0.005673913070996
-0.038360002455880
-0.025644149206195
-0.031860932309287
-0.043298621724703
-0.019701616966923
-0.045282222655319
0.032465421641768
0.019406453358754
0.014346417223299
-0.022061699172588
-0.004892778801525
0.015884755820412
-0.012937004587534
0.003021173200970
0.014879849401724
-0.042852181626460
0.091731203775397
-0.022379971780560
-0.047348674439252
0.010473683060295
-0.040159399452828
0.076520863340339
0.032716685124599
-0.081457986730901
0.088381803210366
-0.059578705582392
0.013517725583859
0.024646371610943
0.099479409839475
0.048806592618005
0.029542212964818
0.032462219471464
0.024048331345350
-0.005507092720664
-0.068429108458236
0.071947577159485
-0.012304891267139
0.012323708146737
0.039391541886379
0.013728416408249
-0.034766401948673
0.061027887751188
-0.050191757489854
-0.002299676807906
0.081191773939248
0.047061611638995
0.061669727643307
-0.018522483822680
0.060705551940204
0.032839394069993
0.017144084633836
0.076722771412543
0.056068669831933
-0.048097281880683
0.078515513788641
0.066397383239621
0.121027970581249
0.069792446882021
-0.041182184999564
-0.004574072304738
0.011521041419337
0.061047128932990
-0.018172320247239
-0.024091680811789
0.053821724889063
0.014619208588630
0.026811330886599
0.020724711749483
0.090670972504856
0.033783541461934
0.023203578324106
0.001764262668325
-0.055355180518323
-0.053635700644225
0.056702563052074
-0.000720015460465
-0.043105805372193
-0.000422950352916
0.017952730612948
0.040537965742520
0.042510851574872
0.019433019559553
-0.047414804420552
0.011335584044689
0.097786037328817
-0.048515812157877
-0.007715421705822
-0.062072282551238
0.012606112559219
-0.011285995306041
0.036221863631811
-0.027111507870790
0.012757663023912
0.039869030607275
0.015667390334687
0.073003067245921
0.034751351032455
0.014848883206981
-0.077152384871980
-0.075542480692251
0.080362638982040
0.026826881444034
0.001847653731012
-0.059931216322779
0.012646932966730
0.011736303911162
0.062055089509705
0.005091429131342
0.024786892964494
0.054910770406497
-0.045775535327036
0.064940715299197
-0.087053778993358
-0.142259554112509
-0.026514753932305
0.033354470819422
-0.091958651150788
-0.068567441298442
-0.018968931640906
-0.055478885011624
-0.073275402130394
-0.009823577532022
-0.034216081870963
-0.046206712377195
-0.059964095830279
0.116925009374156
0.014523008226333
0.039047671897296
0.059041527729989
-0.048145147388961
-0.006243115099082
0.000694528009446
-0.030363286922881
-0.012450020763336
-0.004777839041230
-0.068972255537636
-0.082908286467594
0.003485147149490
0.017091132127768
-0.089670534365348
0.011657509242965
-0.021874721285964
-0.041504749110203
-0.109372265179899
-0.019126756499156
-0.130364726361510
-0.081537111379688
0.029526178810032
-0.019120360192361
-0.053803490287856
0.003397690216677
-0.014945663703561
0.045486023068338
0.071409311671218
0.109463261982802
0.062581044591724
0.023666576596740
0.140322956376790
-0.056209237821420
0.048138466110116
0.031182006390534
0.027787256941511
-0.005716422310608
-0.011226702280608
-0.015153890365617
0.029824434182241
0.138196788698371
0.044622666689395
0.025772104404329
-0.073526460231396
-0.065623623218041
-0.049087699493702
-0.074462798249035
0.076527450476474
0.013284805957828
-0.063403949198520
0.029428857929318
0.112892030297642
-0.014068906863066
0.036420159077792
0.043469110352682
0.087490500613117
0.023995425215339
0.115584621242590
-0.027564749993080
-0.106040999824883
-0.038708668468502
0.063971073441029
-0.019354405781324
-0.009223222510999
-0.017481723391750
0.075398026530398
0.060010814250942
0.119172287812929
0.037474111320138
0.036947508445623
0.062678919719553
0.154880254693870
0.086813217325718
-0.008840797608179
0.068566170819831
-0.015954430094725
0.007562892098807
0.031878119806088
-0.025276050734481
-0.096581667805154
-0.042978427721962
0.014216487113012
0.050697509116051
-0.024200106732186
-0.015277996162780
0.012177188783744
0.008446953208410
0.014885079254910
0.060647750254888
-0.009717268273591
0.011618170452322
0.091099787749521
-0.028126318268566
0.003099112255501
0.050011965597576
0.115605234909802
0.031369337468502
0.045911944901932
0.080578088316222
-0.015980963124620
0.019565407411629
0.082706191273726
-0.015372646174464
-0.035510209592563
0.037721117760883
0.073513150387883
0.021455794684680
0.015510048005320
-0.045246730389986
-0.023290644839353
-0.015526771284077
0.026870239394094
0.013817084976938
-0.056712641604380
0.049762692400682
-0.083863150060873
-0.071809227573217
-0.022042743585436
0.070895865887977
-0.016153968189163
-0.102321051555882
0.016465662131115
-0.060141354630232
0.088502980590275
0.010349835624444
0.000278270021128
0.045119483342448
0.009605017467582
-0.008181563504179
0.001410511681329
0.076159806772579
-0.017598882581460
-0.020415112810181
-0.014675830046693
0.032471316292003
-0.010011438049129
0.003003009968826
-0.098668819152549
0.072113333078490
0.081857460791394
-0.004901136684764
0.049509801059519
-0.056591824305159
-0.071227554246300
0.039198972364995
0.011363238006079
-0.046233163282167
-0.015616373938496
0.014392315909474
-0.111420998070598
-0.087078021955992
-0.031449450498774
-0.015115109224447
-0.139247669899099
-0.006661964098367
-0.075715194083687
0.008152401294398
0.036178594644659
0.047527440579683
0.082707078382889
-0.011245377697574
0.044374559488255
-0.029681081931233
0.016548747026982
0.020641577358646
0.024846637985525
-0.064016831664443
0.061290105095689
-0.048343244648838
-0.001024011937420
0.019826148617137
-0.083683778036814
0.034600635522281
-0.002865344660735
0.012615855755404
0.033949010788810
0.040601695797353
-0.075232163911963
-0.000396241239018
-0.005782695027193
0.027262204249497
0.018455699151286
-0.007478231608672
-0.021119289506983
-0.072485708108345
0.063410196880107
0.097482571778064
0.025979217598265
0.013965013942548
0.028855999609789
0.038297353430575
-0.055066954915070
0.002224605469656
-0.047747030149018
-0.017214907204119
-0.006653949304442
-0.007151751072622
0.037453320284474
-0.015382051156812
0.040056249831152
0.026353438933041
0.011092181061327
0.040045127605383
0.014659304628688
-0.129060167371259
0.027782249669787
-0.045615991294534
-0.180401665796076
0.001512089252889
-0.074835342572162
0.032608987527331
-0.067520808307927
-0.073692467094045
-0.026616364586900
0.007232548824361
0.047223449831379
-0.000967779422737
0.018984099167753
-0.014806513492161
0.025364720125094
0.008287555097072
0.060559499530585
0.050001526629275
-0.001479070053764
-0.082323663736578
-0.054713032206011
-0.000331083036659
-0.096209801659081
-0.038544234365658
0.001583812050493
0.024274317429351
0.061127388743356
-0.012581991023634
-0.043633414990749
-0.004074106806294
0.065006481735811
-0.048238118754623
-0.027006780735146
0.064361158867899
0.014997601766280
0.019867858622749
-0.100336467138781
0.007120840667636
0.018878922794695
0.088361387369879
0.070267070534909
-0.000744506986932
0.053067519573399
-0.070426824928340
0.077933751114074
-0.029759649449606
0.006699415552117
0.011623566946253
-0.068390672350006
0.062394864084019
-0.015700945454952
0.024600733001331
0.030895446343273
0.025604466847592
-0.032281153740226
0.006713480107304
-0.022873575506005
-0.177988634966902
-0.098106528955616
0.027776745729819
0.041991639804103
-0.045899834670490
-0.090454817234130
-0.059892523006158
0.156215771216618
0.077319144244040
0.025499932185361
-0.054983130220328
-0.112477070543987
-0.002767142165213
-0.035961937141067
0.051601979679511
0.063842639840953
-0.034959637062561
-0.017233721600406
0.024439885755367
-0.007990853436224
-0.038085881364892
-0.136577774336692
-0.057176163905147
-0.119170705142085
0.044226826691651
-0.104543365077576
-0.078027534179251
-0.063728189825885
-0.043715798738401
-0.034976756164639
0.091474119593844
0.031279669055580
0.031515299655381
0.050768602085520
0.104808085621679
0.114250222950480
-0.013814914908002
-0.010049451406639
-0.080148925214543
-0.025046772606947
-0.013685207318591
0.031916832215990
-0.064356069683926
-0.010824364023781
0.052363325015882
-0.023924634015361
0.016809829604809
-0.027114790983833
0.036097248896674
-0.104173436486938
-0.145753328036321
-0.050094974798011
-0.116367303209719
-0.063044491885491
-0.025294184445890
-0.037099206538595
0.002746593000381
-0.002748008754316
0.032971809867728
0.082192304484590
-0.020432141023695
-0.110831356188491
-0.001903000596637
-0.073326928466332
-0.069745309396012
0.051048960417985
0.001811602230635
-0.024090588385210
-0.007906283694587
-0.040787365518159
0.006972913407764
-0.007261777719413
-0.011688501442045
0.034255879922679
0.009895548321975
0.010338081892809
-0.065813146248612
-0.085405678974381
-0.061870770650990
-0.112636310124114
-0.022808133083649
-0.021546191953174
-0.004217239126810
-0.079480458265230
0.063617233809638
0.173257260771768
0.033997867927748
0.042876347121974
-0.006201107291975
-0.016417605940958
-0.053322999956609
-0.018125858562588
-0.029140923692642
-0.116725211779923
-0.133925895144574
0.115302281760162
0.024245846815034
0.019058219177911
0.003376621280289
-0.063052680900524
-0.090479871386648
-0.032910982980030
-0.001440861835982
-0.011042890373517
-0.007587416434728
-0.004910867559921
0.031998150651698
-0.021250027856556
0.014811235828537
-0.069095201761935
-0.028737969926836
0.117945182947838
-0.048829054771964
0.107810510737635
0.026444906469993
0.052640422969745
-0.007023399933180
-0.048534626732090
-0.008675426222154
-0.109125527688895
0.003469799324716
-0.109082227969716
0.001899666160392
0.038495597720912
0.054575773276772
-0.004402775993980
0.005343585304137
-0.052445462989229
0.011413550186134
0.076751971277351
-0.027519240593626
-0.067720865200050
-0.036898342558854
0.054895280047091
-0.021939384613472
-0.029127766629905
0.033978516527717
0.108567439531259
0.103740167734829
-0.016701135363331
0.105849890431698
0.106893017036270
0.126103395902672
0.119884520993915
0.041047303362623
0.053130432297953
-0.062480043205092
0.003450820049827
0.019172754833183
-0.014533170224291
-0.023700249627767
-0.004924533722665
0.095094033869276
0.010948692182324
0.000722830331777
0.066877990973590
-0.002618284896313
-0.023522656348084
0.036773543575386
0.040993787596303
-0.081767050991767
0.037992010786980
0.065840780455623
0.053656891539818
0.015847621293668
0.120990641769552
0.081726982087332
0.150516862573789
0.142446703934617
0.196671031875101
0.073657150429009
-0.026421327526636
-0.000384088721702
-0.034372641136149
-0.048989003670051
-0.024323203759956
-0.069512981184992
0.032562698271065
0.003069131351956
-0.035624656374265
0.071651386210834
-0.002293946968624
0.069103018496377
0.049642699322910
-0.109173172575585
0.077069605736887
0.018584298831317
0.081385201143193
0.005345290651276
-0.000850072436530
-0.079901021360873
0.038474589002383
-0.037451283354187
0.068743935615249
0.097301837452289
0.074214379512930
0.091433255376238
0.159703919190126
0.059377225250327
0.069135278308241
-0.024474317808232
0.105138980850842
-0.039192810712110
-0.032057463621255
-0.040150893588038
-0.050545112923244
0.016288169782134
0.040107752385474
0.017068034863572
0.077470788397029
0.096698761246069
0.006667486505720
-0.026083013871284
-0.034102344048317
-0.109438978288611
0.045870182059812
-0.081760960176965
0.092084190975790
0.054725238446103
0.131281875503669
-0.024797178491543
0.028189436351149
0.046559694397531
0.090854420487788
0.197656566104682
0.042521253656583
0.051718083968799
0.042361425533245
-0.014003970772428
-0.022281279338191
0.022911614982470
0.066853055238672
0.044595275131563
0.043462057503883
0.033505354527330
-0.008115547081426
0.083380988461915
-0.017935833074974
0.003791169335888
0.032947553736610
-0.049791099735365
-0.111692180137883
0.020990499858577
-0.004083394989787
0.016053103423673
-0.015735257641216
-0.096626190464025
0.083126920507830
0.045178612291511
0.038812293861080
0.008709516522168
0.007941918092589
0.103569924475141
-0.002337124041980
-0.025731654668566
0.004033447043008
0.011719598610513
0.031449864013737
0.063193539723057
0.089680590139390
0.071955338292851
0.008528922040156
0.068068978412476
0.091463121075479
-0.016876995799947
0.064818194936789
0.016636419723350
-0.042378865186067
-0.059567982836387
0.009122734272058
-0.089067903585867
0.053914292387137
0.011924322743892
0.031229770764929
-0.036515056170656
-0.034499786730070
0.057230200667525
0.030724226016779
-0.011012895500257
0.007341110035705
-0.021371139536982
0.024435821409744
-0.001170626961264
-0.020599751989690
0.090422289655245
0.008773751018665
0.004630358403608
0.035859903163323
0.027495317847003
0.031191674363257
-0.009749421349203
0.017108403966207
0.029428619180911
0.032323783162960
-0.059033722586112
0.008081561276136
0.005472894755402
-0.014025192357156
-0.050322054931751
-0.075596694443517
0.001694925266434
0.075108604948334
-0.011780251638931
-0.005079142262795
-0.027680126122161
0.045123538860499
-0.047006037709188
0.018996127540975
-0.074193862385696
0.050364155474631
0.109351621307278
-0.070140727310854
0.002736522485983
-0.000688469435768
0.112482203872127
0.053648896573016
0.069615161717095
0.089862411908101
0.071152705756742
0.078012336332354
0.074236423266242
0.073722343157620
0.080769267761262
0.050024684458391
0.013077984137258
0.031767430580902
0.034904712861061
-0.071132561855050
-0.061268059224499
0.064057603441181
0.025613922000886
-0.039573182071392
-0.040214193102614
-0.035337374287070
0.026174787074767
0.010505747775599
0.094377544920178
0.028345426809682
-0.042407512795732
0.082701701812684
0.075488264230681
0.055500979491031
0.070054591759553
-0.064540833009610
-0.023602763288859
-0.012261240636859
-0.091673295298218
0.046023818265504
-0.000542569106441
-0.087814333469474
-0.086810630489801
0.086736542545525
0.057363371345031
-0.042235959550251
0.028694002900582
-0.033086567797128
-0.069671423157335
-0.035492838591012
-0.106534812154765
-0.099986249066482
-0.166965176170822
-0.048736779227816
-0.095322740354845
-0.028595412823674
-0.094419328382800
-0.058143065092146
0.120426027215476
0.023216735548974
-0.050590024881529
0.038302905511794
-0.084270812804204
-0.025956200070736
0.034892049458309
-0.020700780974036
-0.003030812271902
-0.036737040679676
-0.030548409587124
0.008346844884307
-0.028058705018800
-0.042691537455790
0.056723144748144
-0.000099770802470
0.024418477450829
-0.134615830853671
-0.003451229680435
-0.042676019879968
-0.036363176601256
-0.104957355493529
-0.064957239323020
-0.187060958467973
-0.178768549561067
-0.150066864504479
-0.055620073804406
-0.063294858810059
-0.155086978710488
-0.043268861598566
-0.048071643567563
-0.060312269854090
-0.047422085158982
0.050301033877284
-0.078203510907638
-0.063281213054603
0.088524096675052
0.014109695240665
0.019331297290906
-0.022961580144704
0.014801857735807
0.009439089780373
0.023498064352542
0.150928343638232
0.067382679319738
-0.035541184622939
-0.029791642238086
-0.028743789236746
-0.006341001366317
-0.068398086790448
-0.101204120884251
-0.016300162079791
-0.022432592703131
-0.027305440201375
0.012341830943616
-0.040923526635870
-0.067732192284901
-0.019388164585349
-0.071799480745612
-0.100917197151236
0.020875529839456
-0.006252613890193
-0.072019343656808
-0.010298782460171
-0.028032101547142
-0.024454578024102
0.024582406038623
0.078510530419974
-0.014364005672902
-0.005430762531870
-0.050622273956236
-0.003823988625272
-0.032393472594436
-0.024342550641865
0.047876573993176
0.015741236983853
0.082093867535420
0.044050228105167
0.014367751110721
-0.059969690727727
0.000302923943604
-0.023643399664302
-0.106367059216169
-0.011544076300580
-0.060827180422770
0.029239058414526
0.015171454504415
-0.000799877780587
-0.027145077603908
-0.013571005595781
-0.047527647290720
-0.001096825023663
-0.049537578734618
0.046095103534851
0.015288504136579
0.000071870754210
-0.066257436639192
0.007937655818250
0.025025237754236
-0.042101049799429
0.020502711119922
0.021888836503806
0.024072720443773
0.085798588221452
-0.022034366685026
0.075765772952267
-0.041100424277193
0.029030929262000
0.045642218480879
-0.010702781933646
0.025530633657962
-0.013631526427046
0.019266269769958
0.005301724562772
0.029992814372346
0.022321902715600
-0.034930339343626
0.026676524290794
-0.110208325203971
0.005083798471012
0.015892601525780
-0.118073478119219
-0.000627384151224
-0.049131340295966
0.063075863393894
0.065518808838658
-0.068267684998372
0.024899232490652
-0.061553590730275
0.084038976391622
-0.079097312387877
0.016482964542970
-0.017614913792673
-0.029113071014294
0.030023059966248
-0.134430526115783
0.076598674046762
-0.048922663745662
-0.053863253623789
-0.009740113417307
-0.062196168553823
-0.068239634741522
-0.002755921629161
-0.025662660783072
-0.044058926896607
-0.009379163727170
0.115448317231780
-0.031263613218141
-0.070621445711980
0.037814221645890
0.040777596063235
0.017787517769965
0.103338142353497
0.016622528611088
0.068446000501796
-0.068834300077333
-0.032000567318335
0.033673015840488
0.082318827882522
0.024086565386006
-0.027755965251294
0.024738547071840
0.028593175192527
-0.061672472345569
0.046651484536883
0.073221621268410
0.056992167713834
0.015512515615655
0.041989113453575
0.043282304039081
0.048857177543751
-0.092803788186450
0.082965177514081
0.128666547007554
0.090850179389414
0.101447859498249
0.089148576865870
0.051540701197571
0.056552197142808
-0.058432501706714
0.012320598377692
-0.009526530209803
0.041452620901365
-0.086272212579350
-0.104045629480884
0.042713853149748
0.014098581925416
0.021847432041234
0.045272303127511
-0.020891775289249
0.019929316245307
-0.029587459437744
0.007251429046445
0.009462361236647
0.039840178265425
-0.002662989268629
0.060927118912623
0.068244490076718
-0.058493575342579
-0.040022875183344
0.096653636495671
0.043212139045477
-0.030200117519240
0.029311798019903
0.046774419297906
0.028606012285520
0.165607616156115
0.003559273882539
0.038713649714246
-0.008541877460897
-0.007695706159437
0.025466328263474
-0.040300468597234
0.013607845401987
-0.026304439221305
0.034301118834630
-0.021922865039764
-0.006418881645324
-0.032292720065415
-0.078180250554484
-0.066873459015302
-0.012742856727218
0.002201580112815
-0.045223329972104
-0.120459069156484
-0.005847947898971
0.009829333897496
-0.014163354552094
0.094426633623125
0.060100231969135
0.033939737995416
0.036474114999183
0.025831718926095
0.030714492434091
0.039168852142976
0.050782047537085
0.059085790199882
-0.070349039889693
-0.059404056930323
0.019250140022492
0.009999942830433
-0.072925774411531
0.073768412836131
0.050367187029651
-0.069833081821330
-0.077555116486937
-0.024896362334920
0.055032466213845
0.036728622765179
-0.036848207605283
0.074620412607671
-0.108459180947446
-0.041217871050643
-0.048903608785502
-0.008933185641411
-0.091352341535752
0.108290449016674
-0.038300384988611
0.007516937923168
0.005325843622134
-0.014450475443315
0.111693713463980
0.031198093798261
0.062545001964122
0.088346338755803
-0.050031991612156
-0.065559274907100
-0.005379365668860
0.019240760726434
-0.009678653963335
-0.029320766591440
0.015044452660509
0.027782866146312
0.003007908506407
0.039171194083613
-0.062076002120875
0.018258771690775
-0.000077125864760
-0.095588670831740
-0.071437141590610
0.004205742185191
-0.069797003169674
-0.031384055729630
0.077415673536448
-0.054666787681042
-0.024975597938638
-0.018226598020601
-0.038165417239391
0.014251840169705
-0.054127444262678
0.074168041741920
0.011407826330353
0.052119159284440
-0.012527250737951
-0.026415714506807
-0.051140083339541
-0.009478227698962
0.029933971682875
-0.033155696228138
0.043826849063665
-0.034359626438837
-0.070282542524543
-0.046993536761629
-0.037991392541870
-0.048335314391654
-0.001348870170907
0.047891906354118
-0.044760773667856
0.015880394682240
0.032109581608181
-0.013785583540213
0.028398267743602
-0.018534480349651
0.024759746151074
-0.024483136019884
0.058293293906192
-0.019962466802801
0.057649617551290
0.121181519554055
0.071954422730787
0.020242461959528
-0.056702209363992
0.007776174385579
0.058015993700213
-0.064367613016972
-0.017701231169557
-0.029483352206981
0.016871317121367
-0.054309369848513
-0.084553466049897
-0.003826997869944
0.040265683694514
0.001980006590595
-0.040245142706816
-0.012796623157839
-0.063400491230382
-0.065279680570379
0.009294291675799
-0.044649903378899
-0.130618084434696
0.007088457272668
-0.036664204953726
-0.029890079499725
0.021648821650084
-0.015665306049663
0.045028277275532
-0.023255527210805
0.041768159485160
0.037727630258351
0.072483019762791
0.042046607155029
-0.058823467711450
0.018573701564371
-0.006626923946722
-0.085321733418859
0.004737021056634
-0.013460246016125
0.040647725683537
0.040767143000506
-0.059321218447421
0.063151986127825
-0.050281980785064
0.002680389260878
-0.012114962204726
0.061250625546315
-0.039895811130323
-0.042501901996088
0.042688178537798
0.019599272348036
0.011608146632236
-0.078491322374851
0.091051800430072
-0.059657596795429
0.049755801150211
0.030931682432043
0.167250551174750
0.035814985448094
0.057907988790477
0.070335427594754
0.006297055968481
-0.023919518593861
0.019095616449253
-0.093891761281184
-0.041838470637190
-0.038329135164442
-0.067094742278103
0.061101349482399
0.122787712622604
0.009665230007941
-0.018562308539681
-0.080568423850537
-0.068751542548042
-0.009753439934737
0.024162101224491
-0.033181277939893
0.059245362722335
-0.038805855288640
-0.067141219024187
-0.081265629133774
0.043147239486414
-0.012277243602696
0.091967500450820
-0.058279084203349
-0.042228209861731
0.056603756742458
-0.032514371665626
0.042350518312499
-0.055749960455975
0.069219940026511
-0.030840909806082
-0.032662780934988
0.010851134543573
0.031606335470560
-0.033080841193920
0.023868829713266
0.089117212602015
-0.025516201543208
-0.049169948786859
-0.017719334708819
0.042618901287451
0.042046277433205
0.143438681292754
0.068455786473386
0.101574033555194
0.020934442071927
-0.036714671136192
0.008121807499434
-0.069042235210349
-0.014890840909316
-0.017594197143306
-0.031503170413962
0.058088438996274
0.126732639412010
-0.075331520981514
0.039062422245370
0.006566763505079
-0.075915697408445
0.034204042301373
-0.022018217903373
-0.003428781671534
0.015830769094139
0.061675586467461
0.150448710018836
0.075915157487624
0.046789220461053
0.100776280252236
0.011293209453543
-0.002745131894511
0.007280325083635
0.035355321736708
-0.025380343643398
-0.009584618999740
-0.010310271673016
-0.072346976190096
-0.007185130438633
-0.029082193045077
0.041118866541310
0.074100690049051
-0.055255333612221
0.081479887361365
-0.012654664777261
-0.005622309908710
-0.031333302001705
-0.096353513241734
-0.033286712426098
0.009567492121686
-0.012463632078932
-0.091915860698272
0.014628098826562
0.086092840580212
-0.048157011374396
0.072937246736166
-0.043850019177323
0.041406025982907
0.046815179990047
0.092270123975352
0.033344623468440
0.065758682345852
0.048904897949308
0.009946561710033
0.020798500040640
-0.003546534897114
0.072936821332301
0.021380979646639
-0.030570298425393
-0.038475913184594
0.066577189005243
-0.034602690513148
0.003416076661232
-0.036921555445042
0.045526955358783
-0.000629579171485
-0.026538597797889
0.028632270540429
0.008756449649086
-0.037297854154976
0.053525984259247
-0.034478943325052
0.154134983290628
0.034374651802487
0.122684209741973
0.036676283785239
0.026616135891680
-0.021228490917716
-0.074250563992635
0.001906229387287
0.038070197055114
-0.023576344616147
-0.040167262766929
-0.046001324861187
0.079516282060489
0.003256068667632
-0.019159644222118
0.078257575711207
0.106716756680737
0.008831850068966
0.083953289617972
0.049605997240668
0.030328786301589
0.064130785616736
0.038154925656618
-0.072873855231176
0.100493622118658
0.037533282153727
0.036364896129280
-0.008834130631171
0.061811088484796
-0.002991498522327
0.082081982352254
-0.007751098824358
0.012532738729403
0.074246986761556
-0.019367971291697
0.000974635563506
0.032858242351053
-0.038249674679291
0.011664573750765
0.002387863214447
-0.082387707748552
-0.014573658075826
-0.019556520040883
-0.123480406707989
0.021370709496168
-0.018530497283786
-0.016006124992690
-0.108542197313569
0.077150621493032
-0.048363400414741
-0.053533357953038
0.087632624306677
-0.009113239157459
0.026243291874895
-0.002256961492448
-0.010493091474119
-0.019724866696822
0.029423943082862
-0.070755258593859
0.078032370271175
0.066135733061443
-0.026550259362027
0.064038148684532
0.051474455070246
-0.077424699768558
-0.103700924538569
-0.026005795608631
0.018580688641751
-0.059941096692229
-0.011412711267002
0.052669437914300
0.024832750330163
-0.005340699108209
-0.084666467113902
0.014362999897546
-0.009474524898087
0.012938025049935
0.004732213666271
-0.001197106103697
0.081259834359367
-0.022929330259948
-0.018890679714299
0.073420832578041
-0.074057898505015
0.046315788216647
-0.102137559743534
0.051059798393410
-0.010007381618546
0.011503191857638
-0.003970875573007
0.039572464160158
0.072251019319549
-0.011627266513012
-0.026891609273433
-0.060821179624998
0.064803685439322
-0.006303370524687
-0.035813414926082
-0.036510724298130
-0.022837329424206
-0.037086181989195
-0.005438010251749
0.049584937557763
-0.054291607934314
-0.007584841705642
-0.028652124410493
0.004889070722519
-0.052398584153803
-0.075638379817656
-0.088619583073730
0.048111510880045
-0.097341014688705
-0.032846505726617
0.007411234633161
-0.045448253523386
0.018961396303493
0.047320404087161
0.059623878995927
0.023826769614174
0.099447539772591
0.014567071990189
-0.028246012541945
-0.021395576356487
-0.068689190288044
0.125072986862715
-0.012641480644715
0.002601294458150
-0.039010864922443
0.030345666375854
-0.016927373745991
-0.102038332151421
-0.082764021562511
-0.028213806091184
0.035472546622882
0.071225973496042
-0.016306062195729
-0.057308407647173
-0.058692760339278
-0.057386732108180
-0.073975630793512
-0.005541595057358
-0.049668173174174
0.005421174205729
0.074353684316127
0.047639983684489
0.005165643992709
0.015680045057530
-0.007728608735824
-0.056101501472945
0.001033032683762
-0.118872773413204
-0.028569912199676
-0.001915329249833
-0.035729555352224
-0.072189440259461
0.030428241397016
-0.058831352680306
-0.061145305116029
0.045067605909103
0.075158380809733
0.008570163750608
-0.080150664699157
-0.050270424445384
-0.081564599607869
-0.005047841721037
-0.046949332469718
-0.009489814192071
-0.089596307661498
-0.101820347899972
-0.050217223858590
-0.062946914323692
0.104827501323978
0.015020010065885
0.091185876629876
0.014864443572687
0.035757776687711
-0.048521668232673
-0.083512006390650
-0.071703110465807
-0.091590262721406
0.043642053810158
-0.016162546249798
-0.052905737298417
0.053884089442861
0.015768582475739
0.005068711346211
-0.035843658609702
-0.081226908249180
-0.033844445891423
0.017745499404055
-0.013347296557902
-0.076237604400537
0.001833584882816
0.045643523247805
-0.002380583846478
-0.088500908698529
-0.072989122675840
0.069342546376257
-0.013420187674341
0.006532778152253
-0.039506779680822
-0.057492657294641
0.018431044228445
0.031329395941268
0.004052990378099
0.052990957907874
0.099293626233708
0.045387680843117
-0.025819179828075
0.015714463311025
-0.052208605145399
0.018508098358202
-0.012772916436676
-0.032555434968473
-0.038264214476669
-0.105326327422001
-0.068097135290276
-0.052965867442836
-0.010827337365192
0.025854922368754
-0.058115941589288
-0.030199683429444
-0.055346793154012
-0.021387266051661
-0.110935358045825
-0.070423704004664
0.067747149432008
0.045904150058192
-0.101346358264052
-0.013946129178822
-0.091839266988031
0.025298188447810
-0.035067405956672
-0.098416449877059
0.054114434045161
-0.001744284895072
-0.025259530293203
0.016961502305620
0.021160345678397
0.027147512475539
-0.091806078492690
-0.084471250633315
0.033864933260240
-0.004833703755102
-0.046741711016096
0.103493916622559
-0.068787248044675
-0.048943793667656
0.006576520243266
-0.038372258595176
-0.074996987198464
-0.058477611595270
0.122989311583167
0.049773670097342
0.013682196763675
-0.016838198310563
-0.036119142080603
0.008552256971136
-0.046604166069407
-0.020466388292059
-0.018287125992718
-0.000765395224813
-0.013062498293432
0.021128359107162
0.007322049635346
0.111528195004531
0.109280326408099
-0.077163954028925
0.057687908614475
-0.030659835120672
-0.022236814935175
-0.010429137698901
0.002259257762101
-0.021712043775938
-0.012815653925685
0.042735170350658
-0.081206841690415
0.006424467810701
0.043734996848848
-0.023680123170087
-0.039316515157858
0.069598934631122
0.052833365106618
-0.016469090355172
-0.088577245818421
0.174793175407997
0.014358243836049
0.080001809965400
-0.046097100459136
-0.064934951642113
-0.059211572663154
0.020037796986362
-0.004957387659844
0.041265694025470
-0.083261933246939
-0.042481081028736
-0.028621127072766
-0.021332082145542
0.046008772576297
-0.060055509292146
0.034589602231074
0.048872454653816
-0.016422489665248
-0.013944372376829
-0.039270638092955
-0.074568997738999
0.048293987990587
-0.094035063414793
0.038472746431013
0.043815243677393
0.030461962717815
-0.007634136005599
0.003066769050032
-0.069071966233186
-0.010087496945188
0.018739573651172
-0.130961490777336
-0.013462500473457
-0.035619521083870
-0.001175386526572
0.160993238897130
-0.022547972727996
0.023936151139676
-0.012848231772122
0.026866564164373
-0.026906857868574
-0.005642465112508
-0.105886051620114
0.010554835198916
0.017466715108840
-0.029890414751234
-0.032837421310170
-0.039162221106021
-0.106348466737142
0.024887263298486
-0.033460651697479
0.010394869013656
-0.098401838095635
0.010925033720341
-0.055472146463653
-0.047858837873800
-0.003689290894656
0.096655636831860
-0.055372701375625
-0.007460410201827
0.018696932040004
-0.035435943302019
0.025798462140883
-0.051840833864290
-0.045285714009654
-0.024217753994991
0.027298328740879
0.041006274573025
0.032426038213591
0.006323547768327
-0.003539367950059
0.010023435051686
-0.032103601064326
0.027396378862590
0.045024052672753
-0.030831700193848
0.002710212257260
-0.034414418567691
0.041343750158107
0.027975851602366
-0.004033124009180
0.049115984517922
0.020997601546272
0.034059163150703
0.075300924617915
-0.065018154601668
0.067159263237566
0.029048504233286
0.040121313137422
-0.017459344488343
-0.081427795774884
0.057328561163338
0.132290681117152
-0.013341341412339
0.054295853058874
-0.027422762679408
0.009762494481349
-0.018047429935119
0.110050173218238
0.067218187204061
0.060783541849199
-0.001019225910095
-0.024345624748861
0.016532521405154
0.006330955669680
-0.028973538195733
0.070320164172923
0.024087321564186
0.007702485634681
-0.070030070722329
0.062686826348923
-0.039120207018848
0.019709285261433
0.019042256464712
0.039683939340035
-0.008508358332653
0.075301296043390
-0.027305433118776
-0.001540358847502
0.122127203525961
0.075311106622759
0.042583540934932
-0.020582326495286
0.032720905803285
0.036759365795459
0.003607054326444
-0.007501608874452
0.021019971740753
-0.015348751671163
-0.024482506767210
-0.009722551335299
0.036774844956782
0.014820840382720
0.050563935896314
0.014069528915666
0.066194677644734
0.029905027102069
-0.050669083980963
0.028433133614567
-0.014232299427526
0.034812726346676
0.119001271616059
-0.069109580100688
0.021925483505997
-0.029345916591674
0.012996775125336
0.062529600375676
0.021190591208218
0.032213598291370
-0.052542367051857
0.013713262107615
0.024843185558729
0.101232434823735
-0.110041003244199
0.094874261444849
0.046410522746265
0.048835800144506
-0.041271521152136
0.014057812390397
-0.093090978213961
0.030368838688118
0.026386280332362
-0.053513633357149
-0.009212589344530
0.086851721465515
0.038685207108584
-0.030622309265680
-0.109343399600989
-0.111875130558543
0.075562500289623
-0.080538852928666
-0.031740431776549
0.068028259927395
-0.037647025904311
-0.002183434073408
0.082878291585701
0.068480583972821
0.033959337203973
-0.015519821239428
-0.051539051855824
0.037636481314308
0.015639420060341
-0.022985659272797
-0.009478351833887
0.006580135310593
0.030986068669819
-0.008444867264649
-0.110657256989071
0.033269659942207
0.074156988030043
-0.036492527645300
-0.095143183916370
-0.049128787285019
-0.043088354281747
-0.091057660803799
-0.018006076179840
-0.001649254677541
-0.021317062103663
-0.058659900506945
0.013771215349835
0.027706445219443
-0.079502433086107
0.043586468790344
0.016629018756317
-0.172251805313793
-0.003478904899849
-0.038151527026718
-0.103956066885307
-0.018728854503573
0.015324422907243
-0.043000172788377
-0.069226526756353
0.055973371962821
0.055124317233513
0.046357711176174
-0.076885613587372
-0.057433637158299
0.012436934635694
0.002113933348644
-0.031625674651517
0.043893404244276
-0.035436325202236
-0.056375967286556
-0.101962094192515
-0.065980688109418
-0.049063485034882
0.006199645135319
-0.008453307306680
-0.010446345050260
-0.070884560254110
-0.002586206935674
-0.021130665278463
-0.046148289904219
-0.111368674601923
-0.002139047361817
-0.071849450699743
0.015173460188695
0.080970476328240
-0.008791869676432
0.058209592275278
-0.015201285683925
-0.007493839449783
0.004396458223491
0.000714730518868
0.041815448516046
0.101970492381958
-0.031754058312555
-0.036429751205164
0.049842779249554
-0.106123817673985
-0.070192881991199
-0.070006638449458
-0.016461608742134
-0.014093388374333
-0.038383934044557
-0.041687134946134
-0.064950222401344
-0.041713544367700
-0.008588049899713
0.073686929456654
-0.028855083025519
0.009882395433648
0.027007197644644
-0.003515151452198
-0.081224938800736
-0.026123820677795
-0.072659600164267
-0.013636609694628
0.050604380196482
0.006968008149020
0.017650613783691
-0.024125616880858
0.001014630271106
0.016887134450949
0.011172159260912
-0.049446861881101
0.062421018587222
-0.002128791560816
-0.074680535855190
-0.024301064741066
0.020530215083324
0.009774845908314
-0.022041115889881
0.035827589753459
0.048239125887721
-0.014874123383322
0.016866895321569
0.023160075410020
0.001651590236507
-0.057814717411466
-0.057673286823093
-0.098510869664883
-0.051687310430964
-0.002344458907284
-0.022745836552922
-0.020809012177007
-0.056247963074675
-0.017759399790780
0.081121029975631
0.104145081559998
-0.137831851077960
-0.011186605737078
-0.060857866120240
0.029412228972164
0.020637716717685
0.024427903129351
-0.077008432545501
0.111662424489942
0.022029443093369
0.060719328695886
0.214875335901457
-0.053985623612141
-0.032592711119923
0.036225556653857
0.056660833821129
0.013848486642759
0.014344395271874
0.058178766576399
-0.115828753088096
-0.035232025043770
-0.030241469513952
-0.007190620637239
-0.065098422157930
0.076405870827575
0.003424969224322
0.000800972503041
0.044304711786010
0.027998264428607
-0.034133681312652
0.049574973432483
0.064490434848948
-0.020339583086474
0.012299996453071
-0.019837573082933
0.005323442306715
0.007875059975365
0.123608180085620
0.001442066649384
0.108991674253574
-0.038008240274470
-0.046316945735985
0.111547710899663
-0.017385896301180
0.089219964862631
-0.046534592169507
0.058970618143944
-0.025210856368555
0.052100012931305
-0.048674260167940
0.007778564498896
0.039168666344466
0.031582784869857
-0.006204806016674
0.000848764633056
0.056631074891749
0.027704476137428
-0.044946289063619
0.000260316634046
-0.001174045898864
-0.040805148164595
0.069002945552202
0.048281017808126
0.035845972840487
0.117105699704014
0.108271492970308
0.102019408002435
0.066942548853009
0.106479870564241
0.036442445263353
0.070255766768169
0.002894398906606
0.005923281641692
0.057008079126509
0.019166396678984
0.076534160213043
0.025847596477186
-0.055508872130744
-0.028166715374313
-0.055890743406470
0.049008241713101
0.009138588141612
0.013897442090338
-0.034255616711136
0.009778168857713
0.045293751206285
0.089855544362172
-0.027216952422799
0.070654921589762
0.058933613864735
0.100978663589251
0.111018843208002
-0.011594171480305
0.082516925450475
0.077324274828189
-0.054661152890980
0.087322335446284
0.027305890519290
0.012770610562228
0.022524293028115
0.072421627214729
0.095140996136004
0.038971645253815
0.022230698517811
0.003793499935983
0.050520695254254
-0.016762504233717
-0.047204068423247
-0.047416713430066
0.005107455932074
0.071359172421347
-0.029950850437856
0.038974704209031
-0.066166623165237
0.035475120676558
0.020706163289416
0.029292534626157
0.110835349917026
0.203180016553187
0.090364470325922
0.113016760055387
0.078091276710566
-0.046436357921940
-0.087889351416822
0.009662625679256
-0.020118147937722
0.093888620053607
0.023884782238972
0.052959085239204
-0.033267415160775
0.058653657156715
0.050634029049752
0.106688219373329
0.044191961984012
-0.047590696318572
-0.065430292183791
0.043744758437455
0.026953510696352
-0.020871434255742
0.134822922279228
0.010515471527217
-0.002376829068112
0.062426377487231
0.022675244494947
0.144285865390259
-0.024854743171393
-0.000143873714074
0.019253587526237
0.049487943730202
-0.039069237058803
-0.008226381079045
-0.019822982773364
0.003129526469343
0.035468647424594
0.084029974638736
0.085586014474797
0.014992169594674
0.082169124552669
0.039739629622964
0.048631757648852
0.039893930502484
0.017082305943130
-0.088289529674725
-0.077388917959855
0.014485066259205
-0.075040568419761
0.010915874792913
0.003307560776908
-0.013737891706594
0.057538063074267
-0.080054468165368
0.050432274394696
0.079087265213150
0.122752986893753
0.094752935712570
0.011446772167230
0.056487307982833
-0.039639028226466
-0.005938850599580
-0.021671134925410
0.013757203540464
0.116001726152827
0.090722665964330
0.137896169408637
0.023431525911131
-0.061467392129907
0.017045276586048
0.066900389860011
0.016294752939490
-0.042222097964526
-0.051013169132014
-0.083035060916990
0.092755033363506
-0.045687559038125
0.024034014029395
0.027990510163083
-0.086894519331690
0.012429522596846
0.060188979912300
0.047816233074914
0.003717794504077
-0.005966376469417
0.044579860555291
-0.040876282664606
0.007717709669522
-0.048716297090336
-0.049492182971817
-0.028719853917218
0.012990339076637
-0.023654248139438
-0.023113802063676
-0.082223536305098
0.048807068634869
0.031645681820870
-0.040139999339889
0.003805872683071
-0.052591019063919
-0.046940788856526
-0.061204146997360
-0.000372989135043
-0.011652770060846
-0.063986751574331
0.129493458121045
0.065317095405146
-0.068187471096678
0.031406227870043
0.031982658670792
0.020501217825212
-0.071547657985136
-0.041721123414195
0.034458998083815
-0.079360620624525
0.011923042848739
-0.135311369343673
-0.011909153808313
0.091329297311240
-0.038573900360701
-0.011634760063860
0.049358923801540
0.022387372773403
-0.033174732572789
0.098681497252999
-0.059782274532045
0.022881242918017
-0.033392762121157
0.003871427428827
0.024225237585489
0.027787722958637
0.028849407019581
0.005925553530199
0.038467510629809
-0.016144572348999
-0.057352414207276
-0.034678316951555
0.089821363022534
-0.006408891651210
-0.119213684212143
0.083639304778410
0.032099102757740
-0.079859928025555
-0.007050508495678
-0.001113334695499
-0.076497124625006
0.142495669731186
0.116423582121811
-0.001537399727267
0.100649414835827
0.050252243450602
0.077353802411219
-0.052907918815719
-0.048674218771249
-0.054643334561109
0.026140098821369
-0.040854684255358
0.048869424316561
-0.037694576180939
-0.087179528509377
0.068012500286073
-0.057787468315676
0.024731796391339
-0.107451010521998
0.013247665136256
-0.037304910998397
-0.033182396631612
-0.122687432872903
-0.082599489431247
-0.044668450360719
-0.014040971161031
0.069446170145251
-0.016763260442709
0.131122285643348
0.032846034623573
0.086219028769880
0.023194927934130
-0.040281665094660
0.048723660497446
-0.034434660639233
-0.051715202357379
0.061459568304586
-0.026570487225676
-0.018779058757258
-0.001077570638123
-0.035158688601478
0.019029285570502
-0.115113997871423
0.072442869340016
-0.000545510900167
-0.055904026926883
0.007527319754234
-0.081823893796239
-0.028612469734987
-0.062812108279621
-0.007058865945916
-0.087819333431080
0.018381911759307
-0.091550922261102
0.006000594128158
-0.061046806342171
0.019801370727789
0.012620978298631
-0.042131146654856
0.064387825627370
0.053487330204165
-0.050750411973880
-0.064626802768289
-0.076324038056943
-0.077761046415076
-0.024659030817190
-0.118180611371522
0.026165525513091
-0.043583137747355
-0.086242246123181
-0.001206005455578
0.056573290077573
0.013104653823002
-0.021740340320720
-0.019135884868467
-0.040031888922296
-0.088541596038513
-0.006478872853454
-0.061858176400476
-0.134286662120150
-0.031406057783116
-0.028108416014966
0.020993048059869
0.036377357839690
-0.013992662606166
0.004878969943225
0.059138989888336
-0.053757733840234
0.022840871601275
-0.029335977814539
-0.000702105670446
-0.038722278022363
-0.053824706827993
0.000453280105067
-0.059461530742779
-0.095180414680389
0.036358743226659
-0.036273475855349
-0.037751550843830
-0.008548682189934
-0.002444675249281
0.074608933911854
-0.019413265811737
-0.011599622804836
-0.085356413546597
-0.083452303898220
-0.131559727804196
0.019227642279848
-0.030204531416250
-0.025262380307258
-0.070996028711591
0.110487472203763
0.011416526466977
-0.030347523764152
-0.054328290958434
-0.020596104017924
-0.091477969527841
-0.000109025080439
-0.046021366485134
0.031188554866110
-0.043236053560792
-0.009611954228035
-0.074980325398575
-0.030217536992176
-0.008238576576961
-0.020362276933797
-0.010904150337403
-0.030068573762042
-0.023063183102251
-0.022230731196606
-0.038190989496372
-0.123932224062379
-0.070310499671952
-0.041183985372323
0.062093329810741
-0.109988919886776
-0.058484353031038
0.007811311408625
0.003558377239453
0.070411947735772
-0.038735500664781
0.049583228627125
0.003671164285776
0.051470290999218
0.041102079799374
-0.087155461709156
0.015326716961040
-0.031521919674455
-0.048687867462002
-0.010613283079730
-0.051483946816766
-0.078783856571795
-0.015241236232402
-0.000688839110725
-0.064983796277175
-0.039730849281729
-0.005534183650961
-0.048568902905029
0.001881586402248
-0.050110856597193
0.041073525297310
-0.130845674767239
-0.085126986724521
-0.014851629805442
-0.132191237275319
0.019641031157099
0.001158840599363
0.068833349391877
-0.132488998125900
0.023347318999578
0.099206643831756
0.048713401361982
-0.047938700841882
-0.003730198922337
0.046839352581115
-0.086514785649612
0.003388057430310
-0.014777470270627
-0.071919209397886
0.108663515099810
0.041236403712456
0.017553809077002
0.044018793566033
-0.028469997266527
-0.107171564560117
-0.003858337433806
-0.046416156953551
-0.017459555156815
-0.054341473718199
0.002273979998951
-0.061022573201960
-0.001041507085645
-0.075145601250222
-0.068127714217475
0.034009325478267
-0.016891358076570
0.010074676247196
0.034450589926214
0.025024533141924
0.021828454869890
-0.005892617678081
0.027380076784249
-0.037285819871959
0.021324352346242
-0.073764001915219
0.044621303002452
-0.061766157350104
-0.038536018006537
-0.095295340806795
0.023803212179826
-0.064813221000877
0.038645179973625
-0.002560474576087
-0.022424719243208
-0.067153479227546
-0.081430165857496
-0.034027166179797
0.047569571074729
0.033258541455778
-0.020923679569090
0.029572485176531
-0.013309489690695
0.059750380892275
0.074789589842849
0.064331526338065
0.068315656700526
0.066792276876748
0.082036197731497
0.064365221676407
0.074385252320043
0.152328141682482
-0.066962871668372
-0.018257630952390
-0.047501121090519
-0.056730418569611
-0.115086775553427
0.006803833380709
-0.037408663395008
0.017116087472513
-0.038723749457119
0.016131322251139
-0.046727869230080
0.108947020417309
0.012489410760900
0.008845121985499
-0.032841304090044
-0.046370289278734
0.041103171864206
0.157140703386365
-0.030707711056841
0.050491573881950
0.075589426067701
0.004679171169305
-0.012171873645140
0.053149043899713
0.097516868846318
0.058757498123180
0.144000586411168
0.009129397287385
-0.045548682563795
0.035522046083834
-0.038970481602889
0.064961754069826
-0.046694589117779
-0.042466357260535
-0.079679898534541
-0.082555864517927
0.013011635709563
-0.063641552601375
-0.044668015984534
-0.041868276962819
-0.004344725053568
-0.042735618704779
-0.027418280079072
0.054557068293889
-0.097617125892278
-0.011490425303690
-0.096940519910134
0.005503937613988
0.084658491815386
0.172745896069864
0.019021119244520
0.089059731344022
0.057978264286396
0.153944993021652
0.023187406717866
0.075345504059534
0.048992023159226
0.019696502951507
0.001745228711999
0.091530531042000
0.055676021223465
0.039995787612084
0.041048741875374
0.091558334056415
0.052973283241020
-0.016900541119360
0.025045013678899
0.040984262503470
-0.045677907692861
-0.058507664764361
-0.074610842402306
0.024168496493453
0.073184922927841
0.091510575157033
0.006625218957300
-0.016509648053362
0.064204664625231
-0.009576795701997
0.067890987422052
0.024215509717901
0.012164351396368
0.010196239025957
-0.012711530173548
0.008678255676348
0.067832776779353
-0.043014038987497
-0.058609730054586
0.026089103467865
-0.037464016147303
0.018597511532528
-0.060405876980585
0.071334158446945
0.072263826171184
0.052214759806448
-0.032615137597951
0.016472240656344
-0.044709730131363
0.094307986470866
0.067445097545408
0.005777740141220
-0.020015700780693
0.094866847743816
-0.021294846924607
0.012122342684663
-0.043896106863913
-0.041076595151563
0.001582549023638
0.045432795202018
0.080013034582316
-0.005600760708303
0.012100673189612
0.121760805409796
0.004117334119601
0.047966918281807
-0.030617168134741
-0.055391504497382
-0.006466261593884
-0.123541372089734
0.008935216599602
-0.020168650938784
0.046759335698223
-0.017247318740593
0.008066332375812
0.097121655151068
0.013446568016078
-0.051219629109721
-0.093899949125757
-0.052453435723195
0.028901145343679
0.076975726081506
0.008703528148453
0.055591922419429
0.032074288699834
-0.071677496109746
-0.058428195837578
-0.072336432356307
-0.123120894368182
-0.035284898190929
0.012961239578314
-0.095266832524085
-0.011220234700070
0.097064429884498
-0.025260739110529
0.081657512345749
-0.045349279238208
-0.061129628965737
-0.010201201839285
0.049241016372408
0.013601980053006
-0.037381636294534
0.015058783371819
0.053445596688028
-0.037145726202015
-0.036073151133978
-0.024662679326530
-0.034839441320175
-0.014191228667217
0.022748125546731
0.053505819822516
-0.034193298904368
0.024114032946591
-0.118654791602196
-0.100483355610579
0.050683062037095
-0.077434379825972
-0.038111887820691
-0.015289773466643
-0.040295116042049
-0.016939263374828
-0.059710965159211
-0.014693766924871
-0.091086882826925
-0.100589997431260
-0.065567367453057
-0.011464784753870
0.033453484601239
0.002634110992202
-0.021772375038542
0.127486578371446
-0.007467076274211
-0.048135379122599
-0.037009769413278
-0.028699495301586
-0.096632041710249
-0.041685155259546
-0.083102196376499
-0.036768515838516
-0.094032871869567
-0.053931367327245
-0.074944012219923
-0.097413446552385
-0.044301552281871
-0.124867057443838
-0.008557894337833
-0.026747461885683
-0.042295654890233
-0.068354044225815
-0.005853373378084
-0.029863254138204
0.025881111848925
-0.036193409177902
-0.065742742866913
-0.005875327741963
0.057640016588083
0.022123649880066
-0.092340771410852
-0.030777668014582
-0.056982945109535
0.052191474479762
-0.026334767674336
0.052096852339117
-0.033214685323841
0.001120009840178
-0.050786845069510
-0.036796194020409
0.021650419069050
-0.053600172905303
-0.076214044749170
-0.042956027467988
-0.050871631559135
-0.088437596944743
0.078416778634028
-0.006329625730763
-0.010242195029449
-0.111178799849691
0.048031327143656
0.112145955133841
0.008415327411101
-0.098172585977688
-0.030125962193862
0.016003677510480
0.071057384577620
0.124278743697647
-0.019451406751405
-0.030069346975873
0.001222337742746
0.041867338442872
0.006980915554191
-0.008230821846330
0.067258346048266
0.073750484789804
-0.044525601098382
-0.003331020752080
0.063920964570126
-0.055049124467751
0.052138765034565
0.064534210360444
0.121304708385257
0.000718672231342
-0.009627184882535
-0.014818936043856
-0.096863150183026
-0.036801654758351
0.043751460143807
0.025934695924403
0.008373214339105
0.034813401177246
0.034816683113121
-0.008396044440799
-0.022283062579002
-0.052214357398969
0.069091770588211
-0.079469859325863
-0.001116944046813
-0.061505167512489
0.009985681778790
0.027773408773341
-0.006248239817658
-0.095672862434045
0.040722754699670
-0.007089735313835
0.014313645954443
-0.010064415581287
-0.073004929784145
0.051742823214363
0.024390945542952
-0.049405034085496
-0.032146318008002
-0.018667335018532
-0.009642235928398
-0.092039581236680
0.018684268356228
0.077919029867085
0.084512055235601
0.031198342087702
0.069679135188602
0.057063707999388
-0.039107371153099
-0.007771965495475
0.013775990603313
0.032846573863880
-0.025948637887002
-0.125954185931352
0.019932910990528
0.021556574603593
0.048127134958847
0.084030081183728
0.063697395275559
0.057918729423232
0.025831828896171
-0.059043646873192
-0.057480690188666
-0.070014052116086
-0.071464672588744
-0.204101644857204
-0.110997331353561
-0.037751631363182
-0.056872859058069
-0.008944848700819
0.066539284530985
-0.014470648070494
0.092078190162274
0.035012650438079
0.035539905836828
-0.009330503908934
0.022633340471437
-0.019332297172093
-0.083723095210905
-0.044110979422343
0.044686290864282
0.036273409451428
-0.015121892574760
0.018751203411305
0.015666822725581
-0.035415508979366
0.030097215115922
0.039838611304835
-0.003131806613061
-0.050383241044949
0.051507849208479
-0.069391164894184
-0.152241989119346
0.026283050236674
-0.119713953680847
-0.088598984635675
-0.044067961527749
-0.046658407867765
0.016160087005471
-0.041243722300193
-0.056778976828503
0.015477918360542
0.033518368384722
0.063323531149809
0.005299387613080
-0.005274258554444
-0.022299695880481
0.027349793029700
-0.017344256538933
0.029773805347710
-0.024741608587491
0.022246026266014
0.043092769616518
0.153978206756931
0.056006772000919
0.046792377087871
0.025085570388219
0.037656655498430
-0.008083364963802
-0.044160389317002
-0.023575297893666
-0.004260182608771
-0.047125855020345
0.047485547336002
0.052476983331574
0.104685261656835
-0.023929297321427
0.116519139201467
0.043593987528634
-0.022742496181216
-0.010333795023243
0.022474681333730
0.136785183309819
-0.068683196835510
0.006704839221116
-0.060760511083237
0.036524643501152
0.031845638458874
0.044031311682711
-0.009409799602681
-0.080523301637589
0.048223023836604
0.047088219444268
-0.004820759689530
-0.082491619109169
0.072229935291957
0.023024925491946
0.071909398325014
-0.045114311695780
-0.056351508527606
0.054860504981712
0.035200852805450
-0.053749185122840
-0.025555193574443
0.004093897308075
0.036508272937322
0.009822295484543
-0.034728482561792
-0.035314376965593
-0.003137287005711
0.034808885667041
0.035979225247512
0.059116588056767
-0.058377295572823
-0.063627252481166
-0.028174365775969
0.066137385039387
0.057816623319082
0.037488787389768
0.032289993761800
-0.020654602688886
0.059576293502253
0.035294917291651
0.095702031410846
0.006680279565513
0.035637294648045
-0.071475134117985
0.021725354049138
0.004546775672778
-0.033575342846284
0.030941737116494
0.044009551620874
-0.012010046864736
-0.008539250224156
-0.033531268511073
0.008861066261278
-0.007605049197084
-0.016835075190673
0.036047512744764
-0.023787593278684
0.025191332613834
-0.015706642924360
-0.015321567002503
-0.007275243450978
-0.018286906025543
-0.004057184461253
0.038832853036784
-0.011523388073249
-0.010659296882890
0.013903297424185
0.025055656716317
-0.005166962162969
0.032655204059232
-0.022434152168187
0.035934728209691
-0.010626984845134
-0.067429299009575
0.024910018625414
-0.016319746184676
0.095000395821190
-0.005711940290516
0.029074318640466
0.026810986443245
0.042778477263363
-0.039125601167204
-0.068653294599208
0.071802942099667
0.026474700313299
-0.079813381300805
-0.026416478986026
-0.035903720565700
-0.064817759329104
0.042995522228807
-0.047088636092530
0.002818886449672
0.083351710969803
0.028933293507689
0.034415492345958
-0.015116857394988
0.112810744150300
0.004757578013709
0.060262574944348
-0.097735618599468
-0.136747220696585
-0.028942424045101
-0.012826939947023
-0.035010700610898
-0.001355846757483
0.018861442776688
0.059773623885615
0.088528659250120
-0.039414363593124
-0.068942385369081
-0.048240100049443
-0.037338867954020
0.060473975809076
0.079305550036178
-0.047346630966987
0.050163596107157
-0.101033235564173
0.025685120985544
0.028505852231473
0.077663989180489
0.048532831989111
0.054791940480877
0.084497436174158
0.041101185234572
-0.004239640173911
0.108434386567857
0.012120896121227
0.079135607221318
0.047430582721494
-0.006218551032376
0.013699522564052
0.021304822026142
0.030791795129754
0.022764829929597
0.115530657702352
0.038415555792744
0.039099528187731
-0.018356812405663
-0.011970780379356
0.039060075743198
-0.034474423569775
0.009564211651672
-0.003920972233570
0.041342194068001
-0.026367856064724
-0.023176931310800
-0.037152530971973
0.064086186348659
0.058863969432268
0.059058428585977
0.091323199400750
0.063596834518023
0.000901004099639
0.085418424201278
0.049909128945943
-0.155503273590807
0.025732583388522
0.061259235305741
0.020701824973268
0.073896708215621
0.068158056771238
0.017584490066863
-0.011146679491046
-0.006104168249092
0.024825848380907
0.002593649371377
0.017465822013197
0.035306083008861
0.036115428393070
-0.017426542570237
-0.028080630830191
-0.030335303627754
0.047701329684186
-0.031775864376539
-0.107475703244878
-0.036303414406379
-0.048306781222162
0.083394968132762
0.091457340876575
0.011322176727183
-0.073862126535413
-0.051902803183046
0.007241618254625
0.022590188904672
0.027437147170912
-0.031577027699471
-0.046964453620302
0.015347910407171
0.016071870854799
0.032944943401350
0.054971970789086
0.012109425896836
0.032162333805317
-0.048148085985639
-0.020948975006040
-0.028356206005640
0.024623709837614
0.065799248336436
-0.013766064393514
0.049216044320043
0.006090336914409
-0.026073408600869
-0.025345055844244
-0.049473674024460
0.024926705084945
-0.003309522361041
-0.000238088255516
-0.045182780598122
-0.037420039230447
0.034977503614187
0.093120434741358
0.022879498340383
0.003425181325217
0.061250960903795
0.125411336800558
-0.003632701795778
0.063044641329367
-0.046067799018789
-0.060340804198908
-0.035808807867570
-0.138401482104790
-0.026997247933770
0.025900775033583
0.018183221577665
-0.035220006916763
-0.027963741339313
0.045230723191966
-0.013765414413929
-0.018379041987994
-0.002878537656689
0.008661479460220
0.039999315485017
0.056260055322248
0.029736418891829
-0.024193477753645
-0.034183739502017
-0.006730595925925
0.094022997051476
-0.024556817406041
0.071177025200646
0.013703411046616
0.041735520012608
0.027852085187968
0.019193231393257
0.006923663394227
-0.124128702266365
0.026476144679819
0.140122930075326
-0.021156215803772
0.113221522196946
0.000351132343779
-0.037207313543016
0.047906252696157
-0.023720916674010
-0.022040576277784
0.039348135887031
0.002328986045213
-0.093534030760813
-0.001347991824262
0.009297778335636
-0.081873079987526
0.003336810877830
0.021903898623164
-0.156865436057658
-0.093938492548484
-0.082145071723267
-0.099961888619559
-0.025887310136559
-0.046573545297959
0.002332800920861
-0.007498970959755
0.076929244044314
0.082064549361205
-0.124667366172185
-0.003304145453752
-0.034242986396048
-0.016549270384435
-0.027502998092246
-0.018742305763014
-0.069338888309706
0.060270306626649
-0.067729603778005
0.044925620922959
-0.005139064591315
-0.008221249084042
-0.075562443510045
-0.023420482508005
-0.005298891373223
0.048472834930556
-0.161163486164787
0.065251243810865
-0.065545473246882
-0.095798607022690
-0.073467874667737
0.004839640534400
0.014760406049570
0.019574242579065
0.016845485834713
0.013442043144253
0.047382504192041
-0.017942611910350
-0.033769444483916
-0.120560686245860
-0.013858287492793
-0.038347914822177
0.063968987172646
0.003982289593244
0.062298669874017
0.032300134848728
-0.033535005118242
-0.042444404053868
-0.091534523376183
-0.034199824598449
-0.063286947943521
-0.045017819293670
0.021407179844722
-0.024479987091761
-0.070946181698029
0.037084138989835
-0.082419924244437
-0.020052076073679
-0.078323179290484
-0.067266867588635
-0.006081460281572
0.017829743211397
-0.003523705301999
-0.000164333167853
0.001062845868858
0.006647831356500
0.012797376746313
0.085370125910590
0.037451912681863
-0.009802776813409
0.007881242898908
-0.006781954850699
-0.021793445677732
-0.039352235644190
-0.048688046343497
-0.040274925031148
0.015316257409780
-0.087222922237876
0.035544326872333
-0.012597473578480
0.008571457083375
0.027053201162163
-0.087452665171255
0.005209074634658
0.029018978029676
0.029019359968295
0.020645975197067
0.081502242576687
0.017378837262211
0.086430156513107
-0.015489399651144
0.076009002040318
0.038886642682229
0.011846427603899
0.022806002016872
0.075084842531505
0.040093777857683
-0.009051679325305
-0.067854234946951
-0.022518047065381
-0.006180644910268
0.077114978265585
0.002226313057958
-0.036057480894758
0.066480178375904
-0.117357926142790
0.005627784091409
0.076418998792812
-0.054050630825419
0.023571266681184
-0.051970410408128
-0.041080659783064
-0.099392167477668
0.023757117284043
-0.091823044788043
0.020684737096696
0.026357540559713
-0.073031516213086
-0.013787700608252
0.049189470736865
-0.032615842100409
0.058723677632392
0.085099110712425
0.011529065568295
-0.006672759245524
-0.021699062161882
0.017103452582053
-0.039162651543986
-0.015150788955441
-0.042505698648425
0.026387920178385
0.028024349287848
-0.117120655673745
-0.035232627457901
-0.032291071634563
-0.026392734244877
0.095158614243483
0.026801750268621
-0.031663564273205
-0.086242716525269
0.008675785814776
-0.056681824044122
-0.021866880145404
-0.041216965811992
-0.012772500866587
-0.031341312735458
-0.078508894534168
-0.023362338117758
0.012499097203310
0.008300840223830
0.002269434952458
-0.036845153118542
-0.059636008943997
-0.054251092935130
-0.056821356034692
-0.000203479557039
-0.134987830205229
-0.061191144075692
-0.062600887645424
0.015602204402625
-0.032688886068867
-0.093582560421869
0.014267551995613
-0.000305285465160
-0.021870572209371
-0.091507364912613
-0.029273190719966
0.023920759351806
-0.112362653015427
-0.040015479582102
-0.089938258496918
-0.001745276956976
-0.046011242493210
0.068140576851964
-0.081562744438181
-0.033873334370400
-0.053269006731789
-0.059020242127513
-0.021397884108745
-0.054535034443906
-0.052847824338147
0.017075335705998
0.012051863241240
0.043952430561604
-0.009337650329478
0.038667034561656
0.034981116522965
-0.079615447124653
-0.020791006722460
0.011667691438474
-0.049228127544124
0.034725313518851
-0.044277310843721
-0.074283575363136
0.032226761988987
0.015197656250035
-0.040626630413990
-0.027122329024558
0.006606816404946
0.056013275883772
0.046769921838569
0.002906758830784
0.005628646645272
0.018989548564930
0.106633104444764
0.004387721834741
-0.130647524668409
-0.040395256328391
0.024024322645185
-0.001871232288185
0.042291189359067
-0.052779188955578
0.057564472419982
-0.045639939907303
0.050496850744898
0.008291804665605
-0.023290237417287
-0.068279858529832
0.034624587838424
-0.029249727319911
-0.062430492443681
0.009327137200222
-0.062186077538282
-0.006710422416160
0.010854758878279
0.065050938712789
-0.014594495169395
-0.007828934913224
0.044415390989339
0.039004985978115
0.014605572260638
0.001610847352313
0.070367678803400
0.042908839589437
0.091020803819645
-0.092389887870077
-0.061727533049935
-0.084288251330188
0.020897996066511
0.001564676507606
0.018534205883215
-0.013698257448203
0.026781387774059
0.040290220559951
0.005123974515237
0.052183373277725
0.054958689886237
-0.067325645380432
0.001171664554565
-0.023929532845805
0.037837454903430
-0.032474729564785
0.087673923601112
-0.040607017177127
-0.013699146261199
-0.020215977211061
0.055435525941455
-0.028470736834480
-0.001966694575728
-0.035915529969969
0.010576615591354
-0.103944984128353
-0.034809370127049
-0.036444439007880
0.061560709331925
0.064380046420939
0.038181100952810
-0.064159100435909
0.006413367074982
-0.059211977941497
-0.045531401737371
0.035658782537852
-0.028615915686426
-0.035382490565975
-0.002158271121488
0.028720863449578
-0.021741778127004
0.021317519880660
0.085229618069470
-0.064927028869007
0.069697019984739
-0.028467675779174
0.006577883579124
-0.017654176481434
0.106350923533513
-0.072918698808676
0.065255863911899
0.002916844253033
0.069981036729664
-0.051833828993111
-0.023791932087620
0.014777027938412
-0.050116881401527
0.044920283569725
0.056510670192011
0.028364116149373
-0.097118845412830
0.071638460593382
-0.027436364148312
-0.010350521307406
-0.008949336160816
0.018206092237724
-0.045810822739298
0.107916215057560
-0.056888336444941
0.039431010679856
-0.067586395701195
0.065381532072998
0.074585905319672
0.070754437091522
0.059172135485263
0.014597367117935
0.150362668941931
0.057369627294705
-0.039484668886784
0.049874357564837
0.036443731876363
0.021081408028409
0.198572673708759
0.073877661888054
-0.011202708228030
0.031578958033069
0.041557000182750
0.030735404817610
-0.047423873909795
-0.005464690495099
-0.120176179189110
0.061595593328183
0.006399424073393
-0.039421569937593
-0.100671197076347
-0.029820670785185
0.010028461706307
-0.024681038207749
-0.060321333051365
0.029454459675249
0.080205671890600
0.027774968519000
0.007393897699721
0.026735303387581
-0.068902697607038
-0.047199664505321
0.009641143736820
-0.037667021556492
0.018673817139987
-0.017548549829918
-0.034261382685561
0.078126043769895
0.041562221309027
0.060933635477183
0.091556046875989
-0.039871959019305
-0.088677031395736
0.002037822811871
-0.074444816792755
0.000084171151087
0.004295719490160
-0.089533450497601
0.009855579036951
0.038038090932567
-0.014420769723860
-0.069960942956397
0.023324369954512
0.059028345168647
-0.064883423414863
-0.000395683614677
0.001628672668370
0.030654696837095
-0.003956696265310
0.009622236359213
-0.022038356202860
0.072665445890976
-0.012764728436660
0.087896340099238
0.003492038670255
0.021317064039964
-0.027168077767096
0.009496505048574
0.055107786967679
-0.206370950444772
-0.034679596784560
-0.008906103085736
-0.030613215850756
0.039891112149704
0.047806468528765
-0.068317911639833
-0.104354847518357
0.018469765711711
-0.018363701379319
0.058330644713627
-0.001984062254264
0.057389385898402
-0.049282267634283
-0.070236715205002
-0.077603739548522
-0.026360061823557
0.012859585641536
0.068012367889124
0.048435255618679
0.015138713964169
0.090651348193243
0.084963393127857
0.029690922566554
0.118497776566427
-0.031407099753232
-0.026318785412463
0.057339031904212
0.010411544716106
-0.008002926838015
0.086370471526386
0.055063478482712
-0.052180557463182
0.012497628417769
0.003206347784856
-0.083684329229562
0.012407053325529
0.016552879003599
0.010696209196048
-0.099483228991010
-0.010638774565460
-0.033959399744803
0.064164091980841
0.023057780752495
0.050773025049564
0.015889698429304
0.112130061434069
0.049772948744570
-0.003110353904641
0.115742793635894
0.061357265851465
0.037834609411182
0.075237833424103
0.014735787314506
0.005338809330428
0.087879197974735
0.032843758646195
0.007553813476052
-0.046989244526950
-0.052568058139402
0.023326678080540
0.096137735654639
-0.030708309239974
0.008904373408941
0.009742491061399
-0.064376762260247
0.043473590258193
-0.065174924122146
-0.056251129394561
0.098815363797190
-0.047244665846905
-0.034160658273948
-0.005569874719642
0.036787052530217
0.030441823032651
0.034195807728685
0.002017033945785
-0.018980633633941
0.001586438113775
0.046757073908978
-0.002476628423258
0.070744761041111
0.058803686657875
0.111287822208902
0.017268870637077
-0.010089928114982
0.004235375686837
-0.045001584788528
-0.054940333822914
0.066534416682013
-0.041372481309622
-0.062317623161095
0.018639750397949
-0.039936404085104
-0.097969144577691
-0.040652064449863
0.029434873152300
0.037990941462735
0.045517699284296
0.011605110360757
0.090767709849473
-0.023279578007620
-0.087240389077179
-0.007134110968981
-0.187632717595393
0.088527517752120
-0.013614533763142
-0.094542329019001
-0.019293713952752
0.099872589832233
0.063158516730038
0.045782020293628
0.124921426848856
0.077182029888586
-0.000152177588956
0.034787177037633
-0.013136559036029
0.028412146357475
0.001865284952041
-0.115269374811902
-0.093109573292544
-0.014963268039376
0.000732607490750
0.046630869698602
0.156229483089430
-0.043041874056555
0.026591725771037
0.065912155107865
0.028798951583169
0.043229397935809
-0.030026559033461
-0.001453614557940
-0.177113364565267
-0.048364141184616
-0.092938751888366
-0.061949004479924
0.046670492774235
-0.014063501438572
0.065764151301798
0.064185053840166
0.111417531819315
0.055638772172367
-0.036859545594242
-0.063969420019626
-0.007937422060291
-0.046957609324033
-0.026485724764967
0.016390907815700
-0.035618788161862
-0.013038669962215
0.045109495050556
-0.021435345022585
-0.028583715082381
-0.060337852275535
0.032399180675323
0.067072243862698
0.056557522517953
0.066619601050103
0.011989996623196
-0.105493478025276
-0.209926258028582
-0.168847397564380
-0.077434919370906
0.065387043299227
0.020187475574058
0.002008926711046
0.060893586340110
0.097320896159650
-0.002160856539884
0.052488771077070
0.085069393675107
0.040163561365508
0.145851372211595
-0.006106034335034
0.030268294101784
-0.000963036898562
0.000060240267648
-0.040103701533587
0.025948743425665
0.037724027637525
0.002614951887398
0.002878356031084
0.026606332071348
0.008490779966421
0.061350585824365
-0.034069767808971
-0.026947395745721
-0.014322682981125
-0.092532801007888
-0.016835654557320
-0.029798368946363
-0.136865784804988
-0.010884402207063
0.034511113140846
0.078586222095154
0.037779698558067
0.055245924226117
0.055729275720381
0.020246891193215
-0.071673376955857
-0.014379839819955
0.012613097359696
0.005655716413033
-0.040445303271068
-0.066699374530706
-0.028955146710350
0.063222461781583
0.050371196914621
-0.008779560155307
0.045941896402668
0.029612711357844
0.108777601897802
0.044192505650916
0.151905492009745
-0.007742708266615
0.082887080035149
-0.019274813099836
0.005691815113049
-0.030009416282146
0.000802667963773
0.077887464702321
0.054263931031604
0.067415809453260
0.052963876690630
0.058394239260783
0.041935724341957
0.065234785960057
0.011743912086768
-0.003831710443793
0.054901249918952
-0.006798132214702
0.115021728085411
0.057545427833000
-0.046157280236965
-0.033095880817925
0.005835506463022
-0.008022343208746
0.115592254964420
0.100763636883981
0.080163647864716
0.103762833606455
0.096504767191697
0.006538812562166
-0.012760049238891
0.001200189382934
0.037039477936707
-0.063399424399882
-0.066102990277196
-0.037337374126568
0.014740450601192
-0.020572353970168
-0.036280821058755
0.057263574183438
0.127908107551177
0.045930550891889
0.005874935163064
0.056419928020756
0.048774188807197
0.085824527458747
-0.032770230940140
0.005329729526360
0.102095545744009
-0.029454263449191
0.044776137977429
0.026149072792311
0.017619047056242
-0.030995980672108
0.014747274886352
0.078435710197449
0.094013668891468
0.011121068570051
-0.042292180962900
0.100114765228404
-0.146520936176278
0.010995649618995
-0.033588102732521
0.011468931989494
-0.012788797386968
-0.029411580293316
0.061346727728301
0.053789276993782
0.031429733222220
0.026929080395499
0.074891211878251
-0.003378453093067
-0.022333794306681
-0.003090842089788
-0.014570426868414
0.003662547709471
0.000301566813385
-0.069559458853069
0.061118779342930
0.031127503086921
0.193938476731470
-0.002484934273690
0.166740225251419
0.065552076131761
0.027680570453661
-0.025469843700061
-0.013749071072691
0.059282850463952
0.023966241765083
-0.009745902626006
0.073555345488602
-0.072476641488925
0.044232922482177
-0.026530550361598
0.122765238036364
0.043500044288916
0.032913473229098
0.047277112923934
-0.030701311765056
-0.008311547657143
0.049875845160716
0.050680711328708
0.001591499736812
0.035140619941035
-0.034631970446368
-0.117846995086294
0.057920030833131
0.086305680429823
-0.004401512334786
0.146475164057102
0.087642745619848
0.068198217543315
0.065991580192492
-0.018450488914207
0.055107379691577
-0.082869726486640
-0.003930225509949
-0.055258626167488
0.020259767769330
0.034922455720949
0.077392261126727
0.140551263812807
0.056061976270223
0.007580538955591
0.084667633013216
0.062537693965165
-0.052305215125471
-0.131577715712238
0.071360373740092
-0.019027929264845
-0.076906937103068
0.014085861112106
0.027841546960871
0.049212543565294
0.020065198433555
0.078360548307532
-0.009378753671384
0.117889931515465
0.049120820839492
0.055408376107924
0.046935769880691
-0.040733518596715
-0.120401740598885
0.027941826865271
0.142557104261570
0.053052448066314
0.021473719621556
0.027401721888595
-0.012490518168912
-0.032109188947897
0.029641144911313
-0.032503089940181
0.076871599004498
0.082881937318826
0.002152654012853
-0.014927348261470
0.070895687476156
0.012399325553478
-0.024457480136513
-0.021779949219130
0.009086341258069
0.003800524494232
0.067804534616347
0.103015671533879
-0.001459689996544
0.059611539094120
0.113205902952545
0.030653197633547
0.077874784455608
-0.029243782075280
-0.086346838000679
-0.052362810368160
0.058644215601541
0.020808776067558
0.047146405885354
0.036017202259281
0.051626043515133
0.066374166340217
-0.029768425935712
0.053249827109675
-0.010442678847289
0.018392672476630
-0.058952883763192
-0.068552154549486
-0.073846352845506
-0.040963197786533
-0.061347733388129
0.034526905028956
-0.139647130173514
0.000469970374714
-0.027995809606300
0.028540054520563
0.044409835212537
0.115869547398905
0.077202168537440
0.054116574845944
0.004914090049770
0.016148093661032
0.019985131285852
0.015003540463603
-0.017939519245160
0.036794522230457
0.061717167089383
0.086168753351549
0.026413790440496
-0.002698231692102
-0.047387630701744
0.040197961537813
-0.010197558446904
0.063369180760369
0.031025698132214
-0.041175267299024
-0.005196450023995
0.152449492261270
-0.041108757371163
-0.057556986133208
-0.032849359745821
0.026420461682499
0.023146397850053
-0.026268022804625
0.053584919131913
0.055122078922101
0.040085642296442
-0.012400869630610
-0.003723777851095
-0.004437036692326
-0.035462120486318
0.077090324597835
0.075863991234210
-0.001178803996081
0.026198778226285
-0.009548866555148
-0.072391493996671
-0.003335301357743
0.058442003728647
0.009794637787421
0.056406442944207
-0.026607902684750
-0.011492188459545
0.013397929116969
0.111292519951737
-0.094662478678775
0.072722493092611
0.041352062954101
-0.045883570696048
0.017203088459994
-0.012350404598697
-0.020156209928692
-0.035173336524508
-0.073154315669356
0.084967031730449
0.097557054101373
0.028678272827053
0.033043969118302
0.126770991649814
0.105510384803705
0.065517384494968
0.069508275844559
0.084959711441351
0.095001811066469
0.024164514801306
-0.022684474608755
0.088705612694636
0.012990850076052
-0.007713813724137
0.005115401159980
-0.024361222940079
-0.088222977287340
-0.099313498329376
0.026910069295101
0.126453061162088
-0.015379644682815
-0.030627236055050
-0.018312153617344
-0.118159228256466
-0.043971461734396
-0.013366516788905
0.000332495152049
-0.005983562880956
0.114027940320094
0.045259315969957
0.083976590651973
0.005993433047241
-0.000976376279186
-0.000415476536983
0.054589424843082
0.040787895925815
-0.126453115287035
-0.035673683737355
-0.014751959772410
0.100896438537448
-0.051370118628621
0.057319041456647
0.003225555682524
0.124402387947156
-0.062962838012937
0.060984320418361
0.101394787588809
0.038505856970043
0.012044041902153
-0.043332051263043
-0.016967702284506
0.032528897846388
-0.097026929279358
0.004476981548390
0.040481399344478
-0.010285476837434
0.041333818555320
0.094044258795225
0.148435185313267
0.021718793426018
0.004566894997469
-0.074812941809231
0.005148398936931
-0.027729830833321
-0.069162649034343
0.011179262909764
-0.058743824552845
0.030788904219192
-0.044719995867258
-0.023080295003736
-0.044956550770966
0.010136446448497
-0.022736796920873
-0.088018035481043
0.009538476787972
-0.065454594089983
-0.071182089445619
0.020829292849721
-0.005601372952085
-0.030923639806315
0.043320061136444
0.034354592654054
0.009361040583563
0.083026464226178
0.048295343786265
-0.026872747532404
-0.075869377126909
-0.030313571876689
0.030950463028444
-0.004780597823856
-0.062491170579614
-0.039187739383699
-0.094009479302408
-0.055337719422585
0.001555649344433
0.086156641908013
0.005455908537807
-0.053946163937677
-0.088036803780604
-0.014785349539396
-0.101013061420950
-0.084951129390126
0.068985542148216
-0.042488140710250
-0.086334352582779
-0.018947540941932
0.073997001822883
-0.024238249285618
-0.039750447204362
-0.095316458722735
-0.166406999638337
-0.063779092816641
-0.067619954896620
0.011517533666416
-0.007895168673909
-0.063977687842842
-0.090433430917024
-0.100482448986461
-0.152065315558693
-0.066537665281178
-0.046829374462583
-0.012861717600920
0.077720666799743
-0.012108757546278
-0.052059181587462
0.023569919586149
-0.016782328297734
0.017070493906069
-0.042583606837400
0.072115549900044
-0.011813129478950
0.022397460855599
-0.043846974132519
-0.045967969624788
0.004515502188656
0.012405061677810
-0.028119691174346
0.037498915674478
-0.023994360062532
0.044083108899472
-0.128824142723292
-0.025167041520723
-0.056028635219716
-0.117674870439399
-0.165562193787512
-0.042537893542472
-0.014054024905766
-0.032982974680685
-0.108367829334238
0.014794056503604
-0.074372769766120
-0.065973890649009
-0.057175713417736
0.051455288291106
0.025751741417543
-0.095940444994572
0.028890959334362
0.001813233092491
-0.140890913632178
-0.001523443278571
0.053806528516684
0.056208503472179
0.085288956349065
-0.010042090141181
0.047465691163545
-0.144790776084134
-0.020272938977586
0.045403104153665
-0.016726533298482
-0.010094595277329
0.043124177287004
-0.018352850310653
-0.050672760982356
0.045948897434269
0.041307182845797
-0.039923486297395
0.007811073951314
-0.032508916258229
0.039984238914649
0.013838533564965
-0.012334287931108
-0.093417688140706
-0.011785104495236
-0.037777394854418
-0.006391853759762
0.000610688190639
-0.060190408566594
-0.024179730013504
0.026494416117217
0.081604585873596
-0.052248515743627
0.020547456361730
-0.020007924725397
0.008457607772641
-0.096717441332204
-0.044963593650255
0.047467092285262
0.018989184797427
0.015797651317239
-0.050381066391178
0.092462364288217
0.032806769096240
0.021011880288475
-0.062695064706538
-0.034606580843078
-0.146506417036331
-0.032178662866960
-0.022326771649304
0.048879467003954
0.057346533504182
-0.056909020758877
0.051889019040606
-0.050501765766711
-0.002805499699583
-0.013324792498517
0.026880376577233
0.037876264196177
-0.029445778096380
-0.038916565374116
-0.028146215065039
0.077943134938096
-0.007848365981611
0.007981953897152
0.005613631915100
0.026784698367800
0.047464910834520
0.089703153882817
0.011308195071022
0.017734236151870
-0.012029763409282
-0.107671426285281
0.037132002266001
-0.033739071411663
0.050152911215651
0.020765996945879
0.001268766863209
-0.022752927093295
0.032381257398627
-0.016401512873705
0.011362606274771
0.027873580031218
-0.069874551354718
0.067979308952933
-0.056829173017350
-0.054398907569202
0.084563237317340
-0.077773010998663
0.075529008558346
-0.011125910533073
0.036970164515040
-0.062211097726593
-0.096551549582532
-0.020487505026392
-0.027931730397263
-0.038464532182285
-0.068558942243596
0.038221924720212
0.040071046984017
0.074027178241772
-0.037541420391329
-0.021008157359309
-0.014402103299500
-0.009299166662813
0.020070612319274
0.076475504201420
0.021936836963494
0.022409220730266
0.086607835435489
-0.045751826155434
0.070665975232927
0.040816510133041
-0.004460715958437
0.026202289919500
0.093122077857748
-0.165118638265631
0.076148666120596
0.013551056468361
0.010890397476051
0.015067359691638
-0.046876569772848
-0.069427084075132
0.033769550599521
-0.058057210199334
0.015823886481503
-0.086406784360707
-0.093047139666873
-0.136148348739517
-0.083812652758031
0.014123886872568
-0.009514768521810
0.074622498526463
0.039287277167682
-0.044710745913545
0.081984133642867
0.001690172571328
-0.086654744551388
-0.031369408748316
-0.097454144671835
-0.006254212291715
0.094120152534609
0.054497756792117
0.062345458428043
-0.000257939075879
0.088913368702914
-0.006611339335579
0.067890139137406
-0.020697654049684
0.052397096782635
0.138565926426927
0.017916309383101
0.036914481932382
0.014211784644542
0.063566382917046
-0.052945914774382
0.058762049965059
0.002345132209740
-0.092075426204118
-0.034277536898876
-0.012447058190079
-0.033662576473596
0.020496578199501
0.013448034520889
-0.005986296192567
-0.002320059396517
0.019286008457413
-0.028432893556281
0.083150076001213
0.009108992377425
-0.122526325538010
0.106371618854653
0.054774068914138
-0.028676087355996
-0.009358151076655
0.169884686675791
0.039793864633542
0.026715187097776
-0.020995260417760
0.014620241923765
-0.018328373726905
0.020879655393626
-0.062445210799850
0.073673717553344
0.050547557558900
-0.031088180288499
-0.036530306915733
0.006463555240063
0.187126558744922
-0.007319528028257
0.089234577420672
0.076166668303177
0.127681511076976
0.096518415316642
-0.015619924057538
-0.046105621349488
-0.114238437956122
-0.054051664698076
0.014113534157947
-0.025263067420929
-0.038861443874540
0.022106333355133
0.056649875894105
0.040001446078450
0.042094851901676
-0.034883147337687
0.049907513714643
-0.063592244779270
0.088288160538326
-0.000700496329100
-0.057851489217945
0.014572895410727
-0.126167582919354
-0.065429630442118
-0.040518499881004
0.022691757579772
0.009445060106075
0.091280246378761
0.083805266695507
0.114180077893873
-0.027244242471980
0.050778082840531
0.010677955613488
-0.032577461728948
-0.082571992275690
-0.003450217581250
0.091038709240048
0.145911161873172
0.067965731401142
0.070563918931805
0.069466987485952
0.070771009211262
-0.012986906753522
0.025581547731255
-0.000939870728046
-0.050273697718020
-0.054069520038106
-0.002171787252856
0.057921548014324
0.015887181258310
-0.031600154085264
-0.072000532326341
0.015450998824952
0.054621348829925
0.099146072534645
0.013719312028213
-0.012090654052945
-0.012104794389998
-0.001330751662988
0.009103183908686
-0.018701820277206
-0.017084270248767
-0.024962999925620
-0.006573891846262
-0.085850770591973
0.053885524995887
0.036919154219822
0.076121145015850
0.012724486453343
0.016430631182152
-0.114426547127452
-0.012332685568950
-0.079090446932591
-0.038900098617015
0.034251636080082
0.010613288768918
-0.036739928254389
-0.020480353317236
-0.064464174849786
0.001663118632302
-0.023040475285874
0.023189897968571
0.013417058561144
0.008917889985233
0.025841234609821
0.088153235742744
0.056940536118634
0.004250183448760
0.005719875547106
0.010522069184117
-0.065445569256980
-0.032888345969718
0.107500784537212
-0.002518280426035
-0.025533800832717
0.040978401977100
0.021176832415087
0.010186152536661
0.054571729460094
0.048937893965732
-0.048159614422262
-0.006633652774829
0.028716932587763
0.044531485090221
0.098054603280255
0.021862812991440
0.045826843930621
0.124714458637534
0.058163830424578
0.035321726535288
-0.039684986985842
-0.022747071511000
0.003484552183740
0.020417539455895
-0.019280868134643
0.035895219815193
-0.015610644308224
0.008168663509987
-0.070435777926853
0.000240710618733
0.048120392709051
0.066388035299454
0.028635669100498
-0.057159089861076
-0.002364513628667
0.069106273841698
-0.003863787953579
-0.013653298244646
-0.013501782766921
0.035755444263248
0.015350789166953
-0.038641206107544
0.049582640497869
0.017152059181328
0.130790333613284
0.014735544182384
-0.005545787546995
0.014171084953075
-0.037365185106078
0.088461342451964
-0.073135073305362
-0.009423041138137
0.111372234945243
0.093174737101762
0.046928840295627
0.025628361621998
0.024044346611040
-0.005648966557798
0.060294341530742
0.037369226331075
0.034484378144362
-0.071205046586011
-0.010048174857583
0.047703514276238
0.016527396944304
0.050437468923949
0.009380937318519
-0.025158141288994
0.061838591697084
-0.020195731148733
-0.017669583650394
-0.019156975704163
0.077958333653326
0.096654280445579
0.007402308267734
0.099796371034449
0.010733382824582
-0.048879290342494
0.128302971030343
0.014375001834489
-0.010547523873026
-0.009986193201864
-0.044362709030449
-0.003474106705933
-0.028625720468994
-0.013378558497606
-0.004361137491082
-0.019717252247336
0.014446759895056
-0.007509677219398
-0.055135279813985
-0.015982442280597
0.048596432518436
-0.031326718169912
0.037200729290085
0.073203710815895
0.001287715103493
0.031086637968607
-0.081409763267718
-0.074175856407870
-0.014299971742272
0.026380476116653
-0.055609278496325
0.058138874194240
-0.090167892217192
0.016958193504645
-0.040108824060633
0.029704480508305
-0.083597132451161
-0.006638781926829
-0.054867511725715
0.194354325889919
-0.060968497318767
0.028165206359762
0.007239030557620
0.153569948143623
0.012847894879532
-0.013192392442697
-0.001769009588923
0.020747005019457
0.035475395647741
0.029368554012678
0.046626279009464
0.057882033250864
-0.010039292166236
0.048568969154812
-0.063057319018017
0.013280445363181
0.024383484998240
0.026527542765555
0.026947072334895
0.035027077485331
-0.018016891999502
0.035339577369617
0.037703320043321
0.034873838111933
0.108606542808966
0.013350659577401
-0.040419864057167
-0.085365104621497
-0.031502499329946
-0.006454640856104
0.051521850512863
0.066466762539425
0.053495659823610
0.024073674936155
-0.041208391703844
-0.124171239298003
0.064801904270224
0.107504665663270
-0.027703621523320
0.015959678214079
0.073456829200417
-0.057405648171238
-0.110055886207209
-0.092328982113661
-0.023530871662158
-0.019559058427486
0.081173629060447
-0.006065379392693
0.139169977957641
0.073562160159314
0.011219769775322
0.027911226448631
0.019732658208317
0.041896862372836
0.033950236178810
0.006316488174750
-0.027053973902601
0.028605255772203
-0.028912948055984
-0.028960223191644
-0.039248184661551
-0.028387547752952
-0.025681141230357
0.078858021848940
-0.053706585714751
0.085883673937697
0.052527582566192
-0.071470481242222
0.109893369849771
-0.014067483347006
-0.061408110920151
-0.038844274297654
-0.049447665386532
0.016568092266398
0.045540685034145
0.058700846127162
0.120871556485529
0.002892469658676
0.045335589989462
-0.056023674767934
0.002097204720808
-0.057624446769863
-0.085089661682830
0.024733322305226
0.060858715477091
-0.001036381576931
-0.074802311014440
0.038930780973673
-0.027089062229084
0.021250530547296
0.060200862056076
-0.077785600302562
0.062498536978235
0.063815382196436
0.038378636381967
0.076559412044312
-0.074388597610867
0.002590508296668
0.017462901979378
0.045722869813680
0.084082422433898
0.028054944546136
0.006688252365925
0.022484394578357
0.057578755549231
0.073989752167268
-0.056938593131246
0.077316669148266
0.046404356422503
0.004435301305442
0.065952808610434
0.102130454771349
0.024044536575008
-0.034982259448028
0.064613632691707
-0.015788757099688
0.028163842963934
-0.019283120476472
0.028653136227939
0.046206499540282
-0.041425420074468
0.013728141049167
0.062008701636204
-0.040890831227123
-0.017044556476272
-0.013056971188287
0.059400840224086
-0.001682652081638
-0.040914988772061
0.047603572394307
0.065839505812670
0.060867445572725
-0.090463780769817
0.012308085124797
0.008672943002627
0.042074800187319
0.040309344819506
-0.007651946287812
-0.109346080307269
0.009562828309927
0.023737162641627
-0.104271542590882
0.048708943081209
0.091564929235428
0.039649056931937
0.040211025751304
0.005447386518463
0.143043893680981
-0.027869276768267
-0.012812357593506
-0.011882405855430
-0.035702318172673
0.016715949951340
-0.006914752047881
0.033731943254903
0.051219589658331
-0.015421787035045
0.028015234869104
0.025590106654112
-0.055747991551643
-0.000027819375346
-0.003229980103794
-0.080379988163434
0.003254096318395
-0.032744872586176
-0.033291517307119
0.011582017375037
0.054874159838039
-0.016041499256374
0.008676403206806
0.002694121422945
-0.019281570560564
-0.079866547418213
0.009737478808686
0.076482201949933
0.103307614236586
0.083489952841256
0.021512779530208
-0.037039194823847
0.088437120449303
-0.004045703485008
0.026999734636650
0.083476929722365
0.058066731166803
-0.034986214931501
0.084748748537016
0.064613962842800
0.013225767688418
0.011105635679539
0.098165817230360
0.012547283335078
-0.134716722554102
-0.039806029380268
-0.033392605675190
-0.087547479272842
-0.050078139480468
-0.092278111837775
0.132086238569080
-0.013311518231274
0.026979095825050
0.039590155046221
-0.012845345562594
0.119562011857780
-0.007575516124414
0.121549248125047
-0.000054044838120
0.059392048268305
0.067523038595786
0.072091166063401
0.053653363896815
0.020093025016469
-0.031603687985017
0.016946620484789
-0.015657085029224
-0.003761927293719
-0.023100547186997
0.047353900261890
-0.016459508191723
-0.100892627351453
-0.032520341184591
-0.104564740825533
-0.003592444490833
0.023931532820679
0.044891608119102
0.018849552364157
0.066439033464990
0.050191978389317
-0.005437927254054
-0.022317194130350
0.046885402436466
0.026417706024760
0.041092603935412
-0.030090022599177
0.039306801044693
0.109911611013942
0.032782474629733
0.043271194974655
0.091702235369273
0.089595738757778
-0.063153243306094
0.050494217201527
0.049262394130418
0.073258508473700
0.003372092077838
0.014843148473462
-0.003570913477746
0.000877383162261
-0.047220980394058
-0.068504815946766
0.032706868302996
-0.055669674098890
-0.004819078007157
0.058783828303164
-0.022738484963492
-0.029083605911535
0.059862559601867
0.083354684057659
-0.006876732073534
-0.048673704960097
-0.016386908475428
-0.017078776295207
0.076797547822536
0.120120229444286
0.092581118611812
-0.096930318108504
0.046534227056149
0.100868875886429
0.012132184449693
-0.039178685819344
-0.078854102823199
0.055446190139866
-0.018473189625093
-0.013553092169231
0.010011012929581
0.005430217682902
-0.033006738715553
-0.033949291618684
-0.082548674328334
0.016594327456678
0.036405965811826
0.006419993120966
0.005977595095267
0.021653207314157
0.013578206042452
0.036835788799952
0.029352373630326
-0.016451631257555
0.108598106365106
0.112345320069955
0.084105685894349
-0.030752670743095
0.047516499281521
0.019984609484727
0.059988340371454
0.013093206601664
0.071735839885572
0.024688122129463
0.097976688022346
0.055806668671887
-0.011375998386003
-0.045303461130814
-0.033920173060591
-0.031969822332942
-0.057962153300855
-0.002158970566617
-0.012262762680021
0.023840684997547
-0.033467491839906
-0.016522516109025
-0.099341888004963
0.011527638730677
0.019671947050684
-0.036331058692430
-0.077175414716021
0.084909299540300
-0.057285642325166
0.113508259011544
0.100066980618847
-0.005653468535919
0.019187865558263
-0.034691131399764
0.069374891943903
0.048342008485350
0.027631285940400
-0.011880530101758
0.028565320199497
0.002054887292227
-0.066616872643555
-0.000047445033814
-0.097731895620470
-0.054229852944770
-0.031294732055306
0.093862062451442
0.008116371482350
0.036040181307937
-0.001739681784096
0.041912698557911
-0.015328580582159
-0.080012490698501
-0.046418665127664
-0.035593372114146
0.058172826561150
-0.032897809837444
0.088276115048901
0.009801537766241
0.056326795940250
-0.087153877269289
0.076325516415884
-0.084129968490163
-0.009827619980893
0.019596654464190
-0.048243802837109
0.088803409684586
-0.063000218574590
-0.073377807821366
-0.014709711889307
-0.058589652558024
-0.074039199504831
-0.057493236119853
0.007995318231413
0.029835800653615
0.000509489055203
0.124948198770446
-0.002362547149453
0.045981130986783
-0.085125618628376
0.061579853452982
0.038214292368533
-0.004526112304652
0.023297183845240
0.050138028179435
0.008456663114106
-0.012296817032223
0.071512516074956
-0.042148633268270
0.015744454630056
-0.070253097023553
-0.001419346383875
-0.028340011379450
0.011947921838151
-0.098026745619089
0.045384604168378
-0.006665956265839
-0.000137056491657
0.036753593848353
-0.031384907438996
-0.000164957788935
0.031355294559829
-0.098895743359144
-0.079407518719389
0.028697521458389
-0.111903049285576
-0.055308393034472
0.063628147946943
0.047311727940668
-0.037022116857398
-0.028444835728355
0.049260633091535
0.002651297590528
-0.096996078018694
0.033135206777844
-0.084079456668256
-0.165500314213363
-0.001893922998908
-0.028797059088330
0.110052972371599
-0.071683685299643
0.005900579577351
0.031245623656639
0.028572602288224
0.137064549456547
0.019768442869454
-0.061088715039536
0.030969874512852
-0.049693064232281
-0.005317401258607
0.017848245770290
-0.022957657921036
0.032678348496519
-0.071260966401001
0.051973159421181
0.005407231872372
0.042670945312765
-0.067298933734758
0.030392573785674
-0.004754051233082
0.012421912475450
0.014103580588801
-0.106766808033319
0.000802669433455
-0.040365726729952
0.092760705364284
0.012978755527277
0.002426546147957
-0.058611766404262
0.006168621383080
0.060791579088757
0.029157555711536
0.041144269603432
-0.027851806222912
-0.017260955757803
0.016822823340757
-0.045657240979398
0.065433420383424
-0.003871498905165
0.021347961149059
-0.029158479975395
-0.103200891393919
-0.041348685117063
0.110285238703282
-0.074884016323765
0.069397814940326
-0.035385276326533
-0.001540276857140
0.025342074850579
0.001172101393122
0.034325180333463
-0.069990698955415
-0.026902950063270
0.032137296571243
0.054374582532999
0.034305213777039
0.116002780684567
-0.049577377825000
-0.004094378577895
-0.104351769495656
-0.040366610196032
0.020590472687129
0.012973877217830
0.103210131491111
-0.009938081824166
-0.010603473989507
0.031927389998429
-0.027146788479662
0.099715765124945
-0.001250503370148
-0.104096430229955
-0.030294772801147
-0.033728464386353
-0.031353662905457
0.041046579385842
0.015726572370661
-0.017732307900127
-0.007446979638166
-0.002799655514431
0.002082598149765
-0.037525245354458
-0.063824026120025
0.033103097816097
-0.026271563341498
-0.020017519316740
-0.056650680435568
-0.067703035024001
-0.051453120002601
-0.107175124071177
-0.034858835046851
-0.049884740999745
0.034561510908033
-0.043681019289599
-0.027430791318731
0.043684056177332
-0.012401555232407
-0.008469854947519
0.053313381275861
0.064547732206059
-0.012518283840770
0.029827062140764
0.042854167944496
0.069897600187244
0.043942946397738
-0.026054348405543
-0.031344903216156
-0.038981396699620
0.008724223077158
0.112617190298764
0.097645939568390
0.030528050767432
-0.011822217491445
0.055378049312770
-0.093613969573835
-0.025228224710937
-0.096735013005571
0.006268110299031
-0.031080232698638
-0.030762306118524
-0.177451012012697
0.005760021407437
-0.109971120833983
0.002763065149234
-0.020996946931942
0.139037834388147
-0.045082510217866
-0.090937892596109
-0.069829647377669
-0.019570355230171
-0.025715518803499
-0.071747847509643
-0.116786340506786
0.021581333821285
0.067514747752640
-0.022297811059090
0.050868913507892
-0.008133123152550
0.086765736243551
-0.077360540418947
-0.018975985025011
-0.017919540367621
0.081682843611647
0.108141536631557
-0.045187127998720
0.039572129899549
0.016759001596022
0.070431497246610
0.031774984792319
0.022735157658255
-0.022457361293250
0.039630049388227
0.035978951279705
0.033980772015235
0.035053325123333
0.008742481729776
-0.032915087674794
-0.046594150774470
0.008330999022364
0.021331527216884
0.034681664076898
-0.042351531938616
0.015258675484457
-0.029575682643759
-0.009696309426143
-0.023429402101946
-0.082824358183240
0.099281245764462
0.095983954236844
-0.006184997070537
0.045008201336619
0.150792479063788
0.014957287007279
0.011274262264227
-0.038969956389146
0.022311208296964
-0.044139395249637
0.036301017876932
-0.043322909432971
0.026607827665520
-0.007437264156185
0.075406997069287
-0.015361434317638
-0.052934678313742
0.022424371342348
-0.007995328604182
0.041663568292680
-0.054335526211419
0.012331401275676
0.005872267078234
0.000032293568425
0.037999760563679
0.070366561400115
0.012046030120811
-0.006477361141386
0.006245141337092
-0.114943260862840
0.024467461352816
0.011162891161968
-0.004850011648974
-0.018480184665943
0.037039409943569
0.094497343326633
-0.011596872050790
0.019531437398180
-0.057523197866942
-0.012520255791437
0.025549895627433
0.074539225684456
-0.015772142400485
-0.079626687274415
0.002938595705496
-0.122087666200999
-0.045269740803036
0.053520029286000
-0.125817238093742
-0.039897423446125
0.074684821139985
0.047464312117905
0.062225094060868
0.110174185484725
-0.031673095340245
-0.035815729556983
0.034950533372154
-0.034988299957809
0.055301057027947
-0.046480434276955
-0.017734828684647
0.057720089222240
0.007430856360508
0.023299040056593
0.086123839916928
0.094544637954420
0.002413991980153
0.046569688630811
0.068017616836061
0.056467989521956
0.014511959441817
0.014490145418673
0.042836489386835
0.084980251994459
-0.006824100967339
0.062957343569960
-0.023964196558261
-0.096286604264573
0.079691376927445
0.034377620385215
0.045151401123290
-0.010507456243410
-0.142803478946214
-0.006276697705927
0.044241380430911
-0.024556201669362
-0.064138624338969
-0.009817878765839
-0.022956593505299
0.008798570952196
0.094015278988948
0.042526128345687
0.023922827286473
0.033954502474910
0.015778432723393
0.093395633921327
0.135964169176240
-0.002635012412915
0.080242770777153
-0.049188784704780
0.013514984224243
-0.052165080269512
-0.036036449728067
-0.050695380216453
-0.030290057370805
-0.054113972463996
-0.020443968590493
0.067332522440606
-0.000586452560683
0.030050595807481
-0.041516163812821
-0.089135310949334
0.047109509596190
-0.014494249266992
0.026105352569448
-0.021052963543160
0.037699079524399
0.013621927319334
0.043303821679572
0.096497784301509
-0.007649640175678
0.004978943532938
0.005271789387932
-0.038158725799676
-0.010562674581025
-0.021078633551968
-0.083585253220517
-0.061527486623307
0.061753438858874
-0.000856173340192
-0.030012018507898
-0.080673630555514
0.012508428523602
0.017908234993460
-0.003373417759098
0.009492709754888
-0.015152856280669
0.027542646068957
0.113189286543741
0.047645930953600
0.022967230577134
-0.009418227461604
0.044428953432918
-0.011583929573635
0.053248935331826
-0.023042822197321
-0.095396885807227
0.012338334968751
-0.010612435832531
0.006610921289175
-0.014866994169352
-0.017357111842663
-0.025865888922033
-0.022451248972992
-0.023012315961029
-0.025012749952113
0.046333300129381
0.026724366321699
-0.043651543128969
-0.044402030311897
0.087640990569837
-0.006581938033966
0.001352039308833
-0.007302523433573
0.001206868604762
0.033790288409679
0.107408177686900
0.040346768523051
-0.003847845013778
-0.060424065950227
0.030706902363029
-0.063521872128210
0.093726609451406
0.010048169318582
0.021400343870969
-0.017849621478826
-0.038829682276986
-0.049021926681983
-0.003689404406384
0.018742247231876
-0.008266102668464
-0.059938531493464
0.029517407283681
0.065000999604320
0.069426980610405
-0.015316683723189
-0.021532838402045
0.010788299707497
-0.006144162657751
0.036111397680594
-0.063505276584157
0.034684264377412
0.046025284446836
-0.005152307815520
0.112434209316984
0.047518908027056
-0.001614396347844
-0.005143501251181
-0.053880599788835
-0.047089758949775
0.026626394508440
-0.012921837579662
-0.053942752503711
-0.014226891144133
0.114027531228412
-0.002371215749226
-0.045214471235123
-0.072142374917899
0.012439947044399
0.003945955558281
-0.007691358233351
0.007125849968017
0.050993368830926
0.022791669777556
-0.047223830458249
-0.096650796621362
0.022719530576773
0.032863512568307
-0.039138178392217
-0.092855555133647
0.005343582206720
-0.029602401534821
0.084430955871426
0.003201395042102
0.013366424056187
0.052299465971891
-0.051828601452185
-0.054213030082977
0.027861406430955
-0.074548580994198
-0.045397846375569
-0.009382273575263
-0.031551306166117
-0.001982359601604
-0.046198861940434
0.036998226815122
-0.046295782057091
-0.044793824174307
-0.030135733618514
0.033756064680249
-0.031574440928641
0.034205592581041
0.022871381168990
-0.047907391626085
-0.052558715762555
0.048270030822574
-0.050572806509232
-0.096183718532894
-0.087181725247579
0.066613644310797
-0.005685118703018
0.080324198423737
-0.003608379719249
-0.030573368190688
0.013219908862973
-0.011140400640420
0.031983311597080
-0.016282422872767
-0.008820544719726
-0.055868246912753
0.054712726049121
-0.059034854970923
0.002867127218963
0.057895887462884
0.068886003853053
0.061294694059355
-0.001867533220040
-0.024678490072868
-0.016403304015391
0.012989491072064
-0.087381354247617
0.039031133627324
0.012046431344731
0.012017876568770
0.058060647226501
-0.044547415711529
-0.063361535482998
0.070646060529977
0.009390365328173
0.043442783935654
0.035952943995212
0.087005439789632
-0.038898153345916
-0.057678820516665
-0.004853776282432
-0.016904983846584
-0.017731534856842
-0.084454675193033
0.009970859752110
0.014904416141574
-0.027423050959968
-0.031107572681854
-0.045063683276605
0.014072244588366
-0.019459265827745
0.038123903650508
-0.029012158002454
-0.010267738077307
-0.034013166963962
0.057960828105406
-0.043744479301591
0.111932114103389
0.003267391310082
-0.018372352308159
0.064282508039046
-0.067125843226585
0.038792783129804
0.084901440439416
0.086670657330336
0.008842961934132
0.058135591495030
-0.070522224035609
-0.126978492157166
-0.041397380443528
-0.022364465486607
-0.047775889226976
-0.032221003970058
-0.087148198752488
-0.042357472533608
0.025836664276494
-0.075369625273010
-0.055754904101115
0.103022954140105
0.095318443575827
0.022437401316952
0.008905867847822
0.072391877231713
-0.105621457011193
0.012769121024558
0.025335849342576
-0.075794858091118
0.060836408737514
-0.014038048952414
-0.009885928933329
-0.046892729757771
0.110448745056114
0.000398879805477
-0.009333368217585
0.031428193661782
-0.032694183577051
-0.072125622891657
0.017314139319806
0.022733156880818
0.036037646330938
-0.020068430669596
-0.053595290996579
-0.019088065663260
-0.038639892443471
-0.017254109490640
-0.089687269916996
-0.001475490646284
0.063138940952567
-0.042040555929729
-0.019497253530723
-0.013028595487960
-0.020624778656666
-0.065838390968523
-0.040999284665471
0.011569029342529
-0.031385570724937
0.010611673923533
0.107747173433288
0.087052695269154
0.127705833423492
-0.046918616660872
0.105817918577095
-0.022592577496880
-0.003592956475896
-0.001530346833793
0.017530800459232
-0.014510681203880
-0.106871903249930
-0.024618726979271
-0.057008310045271
-0.077808041191302
-0.066928083393690
-0.038069386016090
-0.015144313862604
-0.028250910050044
0.032555086726324
-0.001860475396611
-0.044403201498052
-0.020977792181358
-0.042083597278423
-0.014151431124118
-0.027546774624475
0.004394097564492
-0.024912888404169
0.014064379353950
0.064773386431595
0.154132771467778
0.017112168197853
0.042750309423931
-0.124735741628940
0.003049301547890
-0.088369844608266
-0.029815066722736
-0.089974842062057
-0.086328744030058
-0.016269776838018
-0.053803109599346
-0.067294163021561
0.101114070685231
-0.025211357076610
0.028633468410077
-0.046365228770225
-0.001273114827770
0.090373418702803
0.128641790367574
-0.020962533250441
-0.019167551956920
-0.005070165366410
-0.093750241170344
-0.026823710797754
-0.005611253975016
0.069181527672650
-0.055237046542023
-0.032978795349958
0.086210154413637
0.054048210533585
0.084101480700170
0.051942043429608
0.008444078752469
0.086227978299029
-0.026055069037269
0.018386910544888
-0.067795507299793
0.028147273686905
-0.002003338409235
-0.078284017529261
0.042826270236254
-0.035056145474221
-0.055194052335120
0.000651284075568
0.032543018032360
-0.050060896814961
-0.042727380144750
-0.052558929796306
-0.039596669896600
-0.008492412277368
-0.033151273358645
-0.014651682608050
0.030218096603184
-0.019918113446914
0.065188360704117
-0.038671092794732
0.042134852956522
-0.039795389804712
-0.062870440291621
-0.009736544027483
0.033665147776841
0.006989686256183
-0.075401209217401
0.033604604632230
-0.060685468055705
-0.032903827546370
-0.052887721117605
0.069073169740697
0.032535742710141
0.057727158292226
0.014148667572597
0.007081518987081
0.001654969790168
0.003852724674879
0.003371367556607
-0.045694329738453
0.044758650911168
0.005913573376885
0.039545794493804
0.009905436922891
-0.028113672480961
0.005386311707463
0.045496298502115
-0.001393549285318
0.112803679954535
-0.035257524259659
0.025438879820260
0.043620436627887
0.060186921185961
-0.048314463607628
0.014439346178451
0.000651751003630
-0.008215612287458
0.057677078781574
0.083978703755446
0.073928998335604
0.011234166027173
-0.036001972855351
0.075978887625843
-0.028743996976337
0.040810339027326
0.094450338526684
-0.040100804662007
0.031772415452816
0.022860493508990
-0.002971837015179
-0.051411122893558
0.048868004443205
-0.123891533367564
0.093077151956938
-0.018735319786260
0.076434283235285
-0.003462611563364
-0.010264590035519
0.056697621335038
-0.021547208670687
0.029762503463659
-0.041904702211473
0.155458044223739
-0.015313372400758
0.057243285980734
-0.006940046876167
-0.031908873049995
0.056744345613932
0.062613885932344
0.017223102640753
0.100069133090371
0.025804367654095
-0.039009045073304
0.099041306191899
0.026823559540275
-0.048165436045459
0.036554035192041
0.004942364710497
0.017526892295385
0.043055393982018
0.000091815676580
0.014257848669906
-0.060402068945806
0.014488833348677
0.151596162727120
-0.078570566662808
0.026484353164037
-0.000131900328732
0.102170551614160
-0.003491148332149
0.037001951001175
-0.012080749230966
-0.030247139760934
-0.064211119538680
-0.078399326448401
-0.052412252488702
0.020563947080609
-0.069287443739225
-0.082524296597820
0.023700777147258
0.044650323785164
-0.048058490633572
0.042750818271921
0.013991094144250
0.015912587331228
0.003999006073390
-0.005776730645927
-0.003733050024730
-0.127253475635972
-0.071264082922491
-0.032025238472476
0.000355268171758
-0.026266782630775
-0.072899129179028
0.065734976228544
-0.028073978160246
0.020682043837133
-0.102618292147010
-0.008862594658097
-0.017146777149710
0.000995579655825
0.016941817864126
0.070518510136766
-0.032956853894334
-0.030146236433184
0.017185813711124
0.020186410829070
-0.047842050662232
0.052270551566400
-0.068458143568232
-0.009503652263225
0.014029292619480
0.053822359256382
0.036539186783774
-0.094310024936899
0.042343351514350
-0.030263740564978
0.033929338181415
-0.068740530314678
-0.018967759201591
-0.051392874415926
0.042063057844279
0.049706198141072
0.011072927405674
0.023525151430623
0.072343592350196
0.009555784031631
-0.071106875895111
-0.018515813486035
-0.011392578714262
0.000565645746378
-0.060338662182464
0.097677215742066
-0.103804176642136
-0.042053509668375
-0.044577746502530
0.038025005651956
0.014214823127680
0.030644369577246
0.002601298636306
-0.052011518412920
-0.071078226598277
0.047477987763863
0.036557201603620
-0.040093242764483
0.017266817357921
-0.022596648006202
0.068338261314853
-0.057097743443952
-0.017298575585192
0.030786922398607
-0.084708996372918
0.054059920933228
-0.136105723184798
0.065539358470435
0.045324183174389
0.062837600389970
-0.035950653203953
-0.061392670102956
0.014085538619569
-0.032737490648876
0.030204008813859
0.062917825174733
-0.012975963334760
0.044849607044853
-0.015285336359836
0.077686144031675
0.018653541563972
0.071761491873239
-0.052649936559798
-0.083669216145624
-0.028297649414721
-0.100978641613272
-0.030323409559002
0.011140430167782
-0.044108991742042
-0.009979313046016
-0.003803999785982
-0.054538982343106
0.043787310909714
0.130362511218876
-0.007574682259461
-0.135257453387882
-0.038892263381420
0.003534157496699
-0.036174925152539
0.035728246517303
0.003835710172255
0.051831770051607
-0.043954957173696
-0.088402315063014
-0.001815684956780
0.089890722920506
0.104845778954736
0.151603987298854
0.026440637531014
0.015760334697994
-0.048321560936819
-0.012693472083931
0.080792861185479
-0.012685133319205
0.020272860963735
0.032953868821644
0.027671220202427
0.042234208349057
0.007486584172421
-0.032860119150632
-0.003324592996055
-0.034118571839409
-0.049593112427097
-0.070445088581560
-0.008282370475398
-0.044454895901687
0.015438221265255
0.097304791881245
-0.028865017396837
0.044574081589572
0.007881775449205
-0.081401767643673
-0.034353676081483
-0.026617300621217
-0.061997676111964
0.068733013940341
-0.064382415120764
0.102986133778378
0.014307036867713
0.000260561208912
0.003487965920618
0.038845144269381
-0.077585175163168
-0.029557174229968
0.004016045448237
-0.030400220913864
-0.020607441484163
-0.105214846882886
-0.060808910747367
-0.074440762047502
-0.052230424379429
-0.026770163870284
-0.030286032937445
-0.160739856414798
-0.116909328294892
-0.026025979066683
-0.116037643640334
0.028463080863649
0.039752714312716
0.076138770400136
-0.046134192092457
-0.044836825629912
0.045142644202294
0.055549631130522
-0.015395612413473
-0.093386548127196
-0.063620288314102
0.051266749639505
-0.016129100093359
0.048162766307904
0.063711218967714
0.053154251973588
-0.038044338057703
-0.007103556100767
-0.059377613753306
-0.104531740781617
-0.100115600217338
-0.090464685258414
0.008709969723185
0.002435653798135
-0.076826627895014
0.021244974126507
-0.050632781990675
-0.129843563535019
-0.200188087272929
-0.022963011112809
-0.066809412086419
-0.022046425118603
-0.050177849519361
0.117906079260947
0.018343245368740
-0.072166998834606
-0.054598693900771
-0.004736229509204
0.019786070981195
0.017640317103506
-0.053775163177096
0.025599198559375
0.106315300523508
0.025019193922210
-0.008830514434703
0.057512050923351
-0.126060763764849
0.043200025449253
0.057679428255124
-0.007743599187390
-0.026945444176630
-0.002428826627963
-0.007096504563878
-0.041473929313246
-0.032719976785100
-0.006037805689081
0.012665024564737
-0.056630212762898
-0.050952629980778
-0.014488719742358
0.045017045383257
0.040001983304680
0.020580023463527
0.014108112518859
0.000042189637338
-0.066432877868106
0.024347213789530
0.031015173627022
-0.003457268452750
0.027131608718074
0.007548446042696
0.005363382422877
0.053209957520267
0.060558812020192
0.032986690918784
-0.065032872042893
0.077443689096744
0.127651192958169
-0.066733064322902
0.108728285147925
0.046744599507964
0.065952671453195
0.073564708606709
-0.041036933183942
-0.021913624392348
0.063998003726688
0.015907450313211
-0.031825626759470
-0.102151939957050
-0.020213469010429
-0.004675851160000
-0.027448412891043
0.002997771506986
-0.050821891363413
0.013209197698051
0.123568873761034
0.000557307523470
0.028189775391802
-0.133242285938356
-0.030668785378754
0.015968138803633
-0.082166313913316
0.091269003937747
-0.031081428135278
0.039786451817194
-0.002030795207751
0.106562810364837
0.113286531742215
0.012932794534074
0.088915710444126
0.029115521955865
0.034259190804709
0.012629247367645
0.046233754929801
0.001284747623131
-0.036000514920239
0.024143874614776
-0.073868745595365
0.006399396260145
0.085978345613783
0.018490626971023
-0.022634519088568
-0.026639023858705
0.027812643843132
0.018339389004759
0.013664971879082
0.021947927988808
0.016923637803905
0.113047192000797
0.083742191581047
-0.022554805652868
0.049373097623006
0.055438567267105
-0.005614200803344
0.041931679161689
0.088074346734507
0.054468211736627
0.147562196573767
0.058920556336560
-0.034826625843307
0.043915293957230
0.097881986859764
0.006173253917660
0.011320166292838
0.038144582921051
-0.005590526283654
0.000188182555796
0.002499546660626
0.015469843929669
0.005641912395395
0.097807095012427
-0.064409648075497
0.039747349780914
0.050284257347156
-0.041665817350214
0.044604148696703
0.022797244829051
0.027629137456762
0.066289850564316
0.190467662771923
0.063027972625616
0.067777796262005
-0.054504922777962
0.126590470335018
0.104540690612201
0.025565058280146
0.025194730260877
0.054060008908836
0.132597195767065
0.083299839054660
-0.006738083216475
0.016275078075150
0.067556472800495
0.036768594818910
0.099001343829554
0.054773144043178
0.012433529119646
0.047619019985467
0.029400379355246
0.041009950241329
-0.081228384463608
0.029057891887435
0.079373148459267
0.083928707829645
0.044917377381255
0.122143414888177
-0.000658406711243
-0.028798967811501
0.043065154010466
0.094597912531578
0.030954453224132
0.048297303503692
0.070622965713034
-0.028914592693275
0.058940442111543
-0.035508004083991
0.068805167382450
0.035882092356542
0.047412235510358
0.040111748157783
0.012718105097399
0.089631844961585
-0.099103003573266
-0.003301221808739
-0.055593185379410
-0.013318802221287
0.024783053662989
-0.012355242577574
-0.046159599976398
-0.038977992772458
0.037839457065431
-0.004558194450523
0.007232319308808
0.087800629019795
0.073912544141497
-0.040088771483228
0.011546874809612
-0.027782901063844
-0.007786754108975
0.086774867267573
0.067730623915898
0.018172648055078
0.075649387910524
-0.041820889322423
0.032398552540875
0.014528067527200
0.085713921354832
0.070491471081161
0.054968648615905
0.032325983929348
-0.067359530528184
-0.069900764012280
0.001370216313896
-0.046997673431932
0.009627827878570
-0.035871926193612
0.081888549554705
-0.035329646555868
0.003794174914376
-0.038632908060821
-0.072043434251574
-0.087407899780779
0.044413150372635
-0.031050817994243
-0.058021964637113
-0.042845222545544
-0.002420599415590
0.114790187189191
0.001236010942270
-0.008723087711759
-0.077937136948380
0.115571945255034
0.026305898025197
0.038446239215890
0.153008144861576
-0.025251344656084
-0.014353726438184
0.031437370475485
0.024794394165962
-0.073919192752868
0.019110285504082
-0.040402982568210
0.106834902724257
0.044929370662731
0.091685954605914
-0.056438270710834
0.004395219782567
0.026711331479211
-0.011656817760826
-0.006627520894922
0.031837391450388
0.026241264365336
-0.042403302848449
-0.009772515924235
0.070987975281855
0.043822756820092
0.063273658662396
-0.018304877627825
0.085853504047003
-0.028693864102178
0.044523421904936
-0.031659769388755
-0.034011801349422
-0.090993103926500
-0.007523599279849
0.065172054950353
0.027546051797451
-0.052330538910661
0.035703915838700
-0.022280059121700
-0.019888330091585
-0.022973700832912
-0.023559565005764
-0.048984974571185
-0.048250308739032
0.110049586250423
-0.025106991494600
-0.008578047738847
-0.120149957339187
-0.086576670244429
0.046058134784190
-0.078795135667213
0.119095267172744
0.101280863230767
0.094439221186937
-0.052098441793580
-0.145201212421573
0.049746118135637
0.027344048328450
-0.053919494081674
-0.118105451820145
-0.063906761845995
-0.117472653594796
0.015890455864337
0.070170400078373
-0.085573988105515
-0.001012259902906
0.022470651760228
0.028920359081287
-0.020883376753060
-0.010443135714422
-0.010045473333902
-0.069332676784122
-0.079293717859613
-0.094015950102919
0.033575742866463
-0.031464982653151
-0.058977903058188
-0.038900342618423
-0.073076985363190
0.097077993784939
0.061372988474029
0.011684012528867
0.040225248205434
0.023406583814387
0.003957367780926
-0.059967398907274
-0.005172093007544
-0.030593475563565
-0.010146884124070
-0.053194951679550
-0.026717353357160
0.001086343390152
-0.034615238467562
0.009163604572632
0.038423753749265
-0.021279171765008
0.007046051196986
0.016405555990778
0.027682307530014
0.005153454435147
0.005616961841436
-0.110996234163726
-0.079552023108672
-0.101094369108951
0.050595016500564
-0.043198537173834
0.006781961661513
0.022392706220287
-0.004030089465402
0.034393211430636
0.061029477239407
-0.022386103200823
0.028329709019487
0.081917800807932
-0.038279890574482
-0.126343067032957
-0.054488113544097
-0.082014376391825
-0.010393541216700
-0.042394239473390
-0.083703629283289
-0.037430273984742
-0.036418272270325
0.103269836642891
-0.071268655674077
-0.023897429931885
0.055982592744048
-0.093493390349543
-0.001765913044750
-0.026312616914404
-0.124932136669606
-0.115339584191153
-0.075675039664094
-0.036805327857874
0.052075152006654
0.004871927367503
-0.013496953314123
0.040808840878265
0.059816363801277
0.011031520853096
0.003877545264083
-0.047559131836327
-0.116974597547648
0.014850118383160
-0.061933570752096
0.001104138927625
0.068001214586711
-0.055908314977178
0.026297913301728
-0.042809174663026
-0.059066937795874
0.031287365918047
-0.019610205051550
0.012996690168612
0.018639409153173
0.033975460731087
0.005404634365740
-0.019440212279474
-0.080748551273977
-0.047099455956603
-0.045950245381235
-0.036213768798824
0.012672115352021
-0.027424330932214
-0.044498119011187
-0.071557820573927
0.002268161160003
0.021775416599543
0.129736662802541
-0.039088520869861
-0.041979246231993
0.043380168228731
0.094540432835372
0.010092760416814
-0.034849008846752
-0.082042997084344
-0.014014060220555
-0.031067251691971
-0.016470913411429
0.017302917629246
-0.001612484237111
-0.041999694130805
0.052424799087592
-0.057931438692195
0.028914950453965
-0.031063846876232
0.092455530060598
0.021047846758555
0.035846602226645
-0.027871513267149
-0.006903117125371
-0.120987508826261
-0.001394761949951
0.035499195885454
-0.004661798408227
0.008290874781150
0.051501089842477
0.100753505778271
-0.006654591390325
-0.011698212339180
-0.030118730432125
-0.062462603321669
0.032341143121234
0.076777644122120
-0.000940036563887
-0.112471208369511
-0.062796099275459
0.052706353156456
0.073066185461509
-0.031839216111452
0.039080271171260
-0.001376635121644
-0.006894610214969
0.039662708247734
0.050263504715173
-0.100176874317078
0.009224343492921
-0.045849644541123
-0.023710296468442
0.029458468540019
0.030876964029980
-0.030001319780672
-0.024330045294261
0.034950471968354
0.054468154615859
0.049400156604393
-0.098194678704335
0.030309985799697
0.022846929594551
0.070360148336944
-0.062797998474671
-0.020080868334643
0.022986519248638
-0.019979494494436
0.057388276583838
0.032326834848163
0.034107726481417
0.080754663576031
-0.031517929219988
0.144078848317138
0.028778414742588
0.086029470846797
0.070636017808718
-0.027913122609283
0.017158373444166
-0.055185223171968
-0.015264623296220
0.100084247804366
-0.031870706163969
0.069108157702302
-0.024905083245763
0.053786316987734
0.071943608771695
0.019811870205918
-0.053957533923628
-0.009543742875137
0.050617128100542
-0.045902558238016
0.102606791967295
-0.002255431210858
-0.056515253528298
0.005744848597613
-0.005960301782344
0.029760913455602
0.064419147044798
0.027811412893141
0.059986621782526
0.028138501648572
0.122140277387405
0.047626840645466
0.049640812372831
0.085830588886098
0.020470025014708
0.034785981933451
0.020616869089505
0.037506311300187
0.140315244145187
-0.008187189249376
0.045670416152295
-0.049349550605067
0.058357773050328
-0.045034787383348
0.091245599274387
0.030263421436103
-0.059926899086418
-0.014188922122908
0.007108069805587
0.116422264369830
-0.022667166092700
0.042292198036814
0.027016011143079
-0.076898995637940
0.037453285215154
0.047377522794265
0.121875880605689
-0.020456283183418
0.110469929393165
-0.012730562389389
0.037426124475848
0.033737623885618
0.064976320076281
-0.006354350580789
0.126995310510899
0.015892758817127
0.081572537583698
0.080235562540039
0.065772683898585
-0.000549324532276
0.005175497203106
-0.075794860923762
0.102243267016854
0.030431723833142
0.006379194480583
-0.047944253896719
0.035296376541450
-0.044684914882048
-0.037207399091121
0.006266208215270
0.087603296239432
-0.004943154106631
0.052222583898606
0.055826108430272
0.121098327264368
0.120232344995842
0.010840883648045
0.072957070823550
0.068481036485833
0.159823595017944
0.011529066325955
0.082208700669546
0.133348134335770
0.088633715893777
0.017278293971333
0.149394104508074
0.005641602872854
-0.000517618107764
0.088640252668652
0.002141781993647
0.012507361056112
-0.023842456285315
-0.079236378936157
0.063100672787337
0.018677249056804
0.061966421597281
-0.003617850939671
0.018728295128613
0.012909871373867
0.022798787041003
-0.021102142655940
0.177862195930693
-0.002518511044627
0.039071256744627
-0.050918042200922
0.010176385159356
0.045130802790667
-0.024940620617279
0.035446197843592
0.021798460037044
0.044163018325857
0.062467074543010
0.138762719015981
0.061316443996930
0.056426160121964
0.080861522785591
0.097723288379854
0.017561747649292
-0.000627022042688
0.016574068481202
-0.008398556358410
0.028812333471865
0.066859621764361
-0.034225915894879
0.007279151637208
-0.050858885330783
-0.008997569978336
-0.003250523920144
0.090444568243047
-0.025683214723053
0.047827291009585
0.009609599952520
-0.024177163840000
-0.077016629187365
0.059899624862516
0.028789449175725
-0.006844187904637
-0.058566401894535
0.122278200101877
0.043441180196187
-0.035664590273926
0.046865840312786
0.017538097663258
0.114837370220233
0.010884385961755
0.025216293655221
-0.028189646820234
0.050172693091320
0.033301469844441
0.052821667919602
-0.009304918850987
0.038410370320107
-0.013916991738489
-0.040760903995260
-0.057866623246293
-0.003833668916570
0.027423492405076
-0.084730179777014
0.107735642453994
-0.021358202383360
0.042863855408160
0.004925043181849
0.011476656320712
0.002979061824753
0.000418287344702
0.043159402595962
0.043118376330361
-0.068073788691036
0.084395780132466
0.117393397462939
0.053375753392234
-0.023875073760635
0.000988722164687
0.011907832662680
0.041001162347066
0.000156201070145
0.029364418794230
-0.099967293298085
-0.011256911176901
0.020663919492129
-0.070265532494681
0.029196933169534
0.018918710762659
0.106104607275442
0.014969185245902
0.026887995777822
0.013045737260435
-0.080211325995948
0.085741798972882
0.013081003356598
-0.038081917763588
-0.032262963301792
0.075466036983207
-0.027904258684838
-0.013230223045376
0.011485343693721
0.023979875047146
0.055682947096734
0.027378885686793
0.005908592067599
0.040485879360657
-0.145525506644115
0.003936664044545
0.004893843246353
-0.002475370822205
-0.075636759115969
0.014972732902844
-0.069668471407752
-0.035143191157352
-0.042941113447979
0.011451248479308
0.008316041752843
-0.001433438295027
-0.095529675984197
-0.002400460601017
0.050046313678025
-0.003352197289988
-0.093723830399503
0.004036231226519
0.005738553735868
-0.060546253525122
-0.074189883237578
0.007898862853972
0.072806921119799
0.004283285155019
-0.024205902139693
0.024249474219472
0.087642935281872
-0.062217282121781
-0.053576118591158
0.036841985036376
-0.084592526593431
0.020641069567581
0.070142851863074
-0.047658175958567
-0.080986411054580
-0.006608902499955
0.083572455961259
0.021403210872959
-0.022663148465940
0.009290742142806
-0.096466895918015
0.039246703796085
0.041751919803403
-0.013982070970908
0.030834226584072
-0.063640725773049
-0.015608854987691
-0.007742523160609
0.008078739684789
-0.079051842354062
0.108403962272688
-0.021442765352478
-0.084988820759060
-0.066784306543412
-0.013419325523747
0.012544112215283
-0.059434358335522
0.051118263835533
-0.032795655659390
0.006413578863541
-0.053645974524515
0.055854328972951
-0.029771305100979
0.038149135980415
0.026706347317526
0.007415866774261
0.034914784388332
0.025613640502509
0.002580039924397
0.052645384521014
0.016080562795165
-0.022604983791169
-0.059927723513849
-0.028021772099706
0.020082965900740
0.026114535140909
-0.132882804193895
-0.082154107702972
0.055191127919759
0.026937984308919
-0.045808314401055
-0.103474813267144
-0.016523367606606
-0.142740725252401
0.050272153683585
-0.007752735203981
-0.030081163026974
-0.070062822534382
0.046266747208089
0.082333588566577
-0.006417040834339
-0.024098326815718
-0.080415574242788
0.054283475822168
-0.017474305144192
0.049739557909578
-0.007664245360645
-0.031116409923273
-0.063092584703286
-0.024427627635458
-0.019500773876364
0.029870664107274
-0.080406665040634
-0.043780049487538
-0.062780643166934
0.023761651131853
-0.009850592114941
-0.004129728671546
0.006546265191479
-0.088995604830758
-0.067387496280190
-0.061821911596116
-0.028905380498473
-0.101370902865528
-0.129989067361655
-0.028683733311332
0.004565407207481
-0.000445702258116
-0.040409350951955
0.024543029177240
-0.079418049550781
0.065757051870778
-0.052633190549731
0.055629892286521
0.076314617232087
0.070086690672248
0.027299585970392
0.004588805146005
-0.008903537490502
-0.091088834801533
0.000306779373681
-0.009568138179153
-0.123436232262286
-0.088742258909005
0.017325567520200
0.007030992648987
0.046512264233318
0.019254615615452
-0.067964149824242
-0.029086147900107
-0.031300138986612
-0.013677206816541
-0.029255617136743
-0.085004396787693
-0.009256232839753
-0.001604364405868
0.029201360161094
0.030958156553986
-0.007688646935228
0.004268898088340
0.015915845629593
-0.013661426337900
-0.053888993949386
0.024917516680801
0.037760664630631
-0.004510808263455
-0.074599173807434
0.105105534431085
0.000893171637234
0.026796036802473
0.035315632742674
0.065081317227311
0.021115665714731
0.065298702043205
0.038947755101093
-0.028190932358636
0.021540824956350
-0.033762752315299
0.047710541759018
0.013457077584761
-0.066541065070167
-0.007434964642699
-0.028346916667819
0.116416088607528
0.106818697047445
0.052074617946755
0.074097039571660
0.130330907143605
0.111936250626069
0.030493054372347
-0.061408571257213
0.104468833452935
0.019886129507319
0.044226635288680
0.049690256290024
0.027277179428785
0.034396159248603
0.045387272751883
-0.011148181606249
-0.008379612492568
0.020253058990351
0.026810068209691
-0.065070723348810
-0.016447054081920
0.067155910387764
-0.017933916591095
-0.034132246203528
0.032403704993565
0.083158445939039
0.122504053473364
0.034065239027959
0.064269213603035
0.080520019531860
-0.030832280121942
0.020610181657217
0.014264797756825
0.122138096904634
0.001249012768571
0.032858090696442
-0.039374250378613
-0.006945956973821
-0.054218209821163
0.056024257039941
0.106435114238389
0.013067837265773
0.059952824689301
0.027509497687050
-0.016082450246066
0.029875014293783
-0.011751370163785
-0.008262895315994
-0.062912516348399
-0.028517527929667
-0.114602717835347
-0.081787305720141
-0.061771375643985
0.071282308188858
0.028350373725940
-0.015811168079770
0.008431521522647
0.110320154022954
0.012867529983204
0.057739005821970
0.085883924438465
-0.050178668040356
-0.085032495162143
0.057824674206713
0.043349326205297
0.046414860832966
-0.023250623865233
-0.040635271165729
0.043100989176390
0.034429159162056
-0.004615382103870
-0.012712167382812
-0.048233433996874
-0.087948569550862
0.005900432186817
-0.034089743024571
-0.039069813172205
-0.004283714546873
0.081342452375988
-0.030181730758786
0.053524660082167
0.134136135791460
0.091120583168843
0.044401379498257
-0.006704325080503
0.031292989204537
0.086496314646976
0.097724678782057
-0.053309177994461
-0.013435985033072
0.008561018469811
0.015217491583339
-0.001898496159939
0.003220428034900
-0.040975686025215
0.066775967924985
-0.003022854293442
0.083046043208153
0.043024105807432
0.129520190877966
0.041253641349407
-0.006656209006763
-0.025287247522736
-0.079010343286229
-0.048524599699845
0.021302339016985
0.025009100356331
0.087295438476893
0.021179630544082
0.013438051919886
-0.115187501079236
-0.022059914448089
0.048514949901377
0.113885092849085
0.119291636164758
-0.011105816129798
-0.020579633219361
0.035783079664552
-0.053789281633983
0.064992128480264
-0.085600244676268
-0.036450714594428
-0.022183771289234
0.038018787615773
-0.002178801960675
0.095644277694718
-0.013490859489797
-0.057224114162192
0.029699900958261
0.058182562193719
0.029837316029506
-0.007216872791239
0.001962398260405
0.057404743020689
0.034591094660836
-0.045958791114841
-0.071030449655045
-0.125352470137311
0.045804438516279
0.034101507169295
0.107185785249199
0.103327887604632
0.058595800139662
0.026655641421658
0.016652816352847
0.004445142559791
0.007619068931899
0.046600254927936
0.000338916051781
0.046924014982910
-0.022754556943295
0.084585408341506
0.051527279874872
0.034563078195164
-0.016912556658936
0.041557256537676
0.064251714393704
-0.016725931891907
0.083371655326518
-0.032481449884260
-0.069474107152897
-0.067547521792152
-0.027493498636767
-0.048630153878238
0.056335230897267
-0.118354316481521
0.005327899007633
0.010675288897594
-0.082657441366217
0.040445995400044
-0.024227812746755
0.068025789906077
0.058179295594437
-0.036968275892646
0.019965273474812
0.054858607301782
0.007290220826113
0.075982130291755
0.000175266485571
-0.019104715339677
-0.020440709675331
0.043359749385618
0.008561608759083
0.024912012645030
0.062611017761902
0.159334763197378
0.080590687265112
0.092653437395895
-0.012010547705042
0.149934081199584
0.030478541202446
-0.049171544538318
-0.101140062866910
-0.069253695064065
-0.008415177086153
-0.040870147345450
-0.113945381470745
-0.029162962285090
0.009138670136412
0.086077156578823
-0.058436369821335
-0.012934128328143
0.051992763134826
0.000859626120485
-0.040592855820365
-0.017515002780234
0.023745250974442
0.014051356394926
-0.047308629149955
0.004753552377631
0.041139448678021
-0.023469516629036
0.105186868685130
0.039923903736787
0.068726711129030
0.000023524904770
0.006395978063801
0.027671198452989
0.057568054624369
-0.040267388983827
-0.129605385496883
0.049535679686151
0.040071312968940
-0.107768285575846
-0.018928604112853
-0.093411260271789
0.024036876485212
-0.049591168756800
0.002172021028323
-0.107392594293674
-0.099967116794423
0.004000609595518
-0.086196003813220
0.052402556735903
0.036735267356634
0.001016639657330
0.014343148410433
-0.070360386606794
-0.025810819703891
0.035951919117306
-0.023748979893043
0.118425456295766
0.084327115230603
0.020366270818249
0.005986773863595
0.049272308319823
0.004338993808170
0.054421491181644
-0.048634669005883
-0.036332161427746
-0.042682600260490
-0.003546408293243
-0.037087138544351
0.000916154463073
-0.000288342105408
0.007419828217041
0.016163855056096
-0.034516606244786
-0.088954491365554
-0.077305054162442
-0.021303323661372
0.099332169469261
-0.042380553046043
-0.014579201265372
-0.099210864089364
-0.059633006193135
0.027148847568265
-0.051488721568665
0.019892950662979
0.097257047546851
0.079870590078985
0.034368951789872
-0.002278395325246
0.001962169683139
-0.056485759141587
0.038150089228026
0.012159874420469
-0.057593970702756
-0.086291588291521
-0.051725686235667
-0.040560329895169
-0.015003782701731
-0.019286301888432
0.026636731772026
-0.073312276699307
-0.028971185765005
-0.028652937308584
0.014184598220920
-0.005222487323180
-0.041680344798836
-0.097305560779401
-0.082634627530933
-0.040148178500939
-0.060310625128191
-0.158211858948338
-0.093493409343076
-0.053860606438873
0.030771014703950
-0.034791793794641
0.112507489033568
0.084732880907963
0.042994269214487
0.015386796237491
-0.067024369650840
0.031383905326649
-0.001589510950658
0.013153086548077
0.040628695278639
-0.056436048670891
-0.107956991558099
-0.036024112481323
-0.031040544906491
-0.025705740369332
-0.034477637827588
-0.012278122850314
-0.027917227723610
0.049626259690706
-0.079961298332584
0.042298223897638
-0.072279013082951
-0.081919582784047
-0.104053158925429
-0.101682205766313
-0.031896576178773
-0.005898978237817
-0.026967256680473
0.049111661220031
0.012442294816144
0.136876543580912
-0.115293580108098
-0.041563255682371
-0.006231941608910
-0.016153563528895
0.005604152334995
0.009341375860853
0.078736707068514
0.037901652584058
0.084968529474790
-0.012463435528568
0.035861431437082
-0.059673312532961
0.077091892820338
0.017341953088341
0.030320907073018
0.060918466603857
-0.019690039437116
-0.065961626357240
-0.009928263588273
0.059688607738473
-0.069862088563749
-0.043530166598159
0.049184025958754
-0.105438342089488
0.024848008115868
-0.058948390180473
-0.014899303635199
0.114816649551936
-0.005080212483179
-0.013781027012984
0.011906554977283
-0.052794917031769
-0.038412182755436
-0.043036396540511
0.017742474368631
0.028460325916110
-0.010255838322232
0.056323976745641
-0.011428906722845
-0.033782988127314
0.061792405475945
0.004721891717727
0.005782101724755
0.032255772676106
-0.043295369541767
-0.023770754046188
0.023034799142674
-0.035181889047070
0.031935080077140
-0.007214463648135
-0.027876125498036
0.013169059464641
-0.010007592736503
-0.041303537017864
0.061497589869599
-0.037233454799524
-0.039080770025274
0.007818116646014
-0.028194318891801
0.002257667058899
0.035660908452945
0.031550770588822
-0.037164068869631
0.068845167858590
-0.047727864787745
0.005430663446723
-0.067108874066991
0.103169352533673
-0.093320656383259
-0.009676348424122
-0.004481473378706
0.073669444276019
0.005195560144087
-0.057241389473794
-0.003706177830593
-0.030851783837227
0.073884134346605
-0.040414869730106
0.083758734004458
-0.005738214434815
-0.029293826530889
-0.037272615902781
-0.039141151399473
-0.036504263066119
-0.022747489482495
0.058620227972942
-0.028273427275237
-0.013841577391412
0.017159666469344
0.058821366202545
0.003690063290364
0.017496346771789
-0.067681588532016
-0.066628680489635
-0.005205522942113
0.014416125761538
-0.020537367932838
-0.096255821430476
0.050460231968482
0.010829730220974
-0.093161964120830
-0.080317237309937
0.038925130523719
0.043463242903084
0.094267313815953
0.081148474904840
0.009479390262377
-0.005275748511909
0.016774112692175
0.006141173796538
-0.014282042071772
0.044444698941562
-0.058515608695465
-0.003242274400354
-0.070467186052454
0.027117984882180
-0.007598536464631
-0.012841019883714
-0.027591804353521
0.012123936264624
-0.016911710542058
-0.033623010524347
0.003247091056066
-0.030475848726151
-0.045071723834076
0.009047960349413
0.007721589460008
-0.004354170592880
-0.061636462467973
0.048119793657920
0.041556979042121
0.017194834376115
0.059432433657554
0.066827473996373
-0.025926038062790
0.003952589056246
0.022693064064327
0.083814346798731
0.054077302921263
0.042428113476024
0.002124467146319
0.075970416046976
0.082315394649757
0.009737181869375
-0.041672200085124
0.030223329929381
-0.029918066646300
-0.030896079075804
0.025818124980576
-0.008489586670839
-0.028411023661109
0.049522701182085
-0.002460048211245
0.039824480330345
-0.051755860735057
0.035970565595422
-0.023245262650039
0.008526863202739
-0.020416398376645
0.058118518246740
-0.097678698537514
0.120139831307339
0.006009127090826
0.125762293282069
-0.000231575985680
-0.069846704010538
0.069794636404631
0.001223663832136
0.044319325138701
0.046890086652625
0.065299011298586
0.048715180112837
0.000032922426140
0.055317602357619
0.018150169298537
-0.017798924964313
-0.001743100793000
0.012662725078534
-0.036781545711524
0.092615989448919
-0.045646290712895
-0.011064466644562
-0.118852160150545
-0.034236139133756
0.028649748199128
-0.032948599635185
0.042545670355794
-0.087137034951108
0.039685098062002
-0.042242977659947
-0.036868012415199
0.095733117593667
0.017781145994232
-0.021391590129918
0.137563432500392
0.053520100517770
0.032936562915590
-0.024643449327292
0.021836178955342
-0.015268015221920
0.041557909219681
0.040658493474655
0.058471789568954
0.003999922925399
-0.018580344361516
0.011738095562698
0.026995826424940
0.031009622096170
-0.040006366538037
-0.062351472017493
-0.003387094574922
0.039933919845345
0.036629764314906
-0.033783579467619
0.015258999934964
-0.003236351665946
-0.052011156064600
-0.024715594564517
-0.182139965963008
-0.041169259388644
0.096608060331531
-0.055331612366394
-0.061731930983361
-0.071857715301316
-0.002800862933213
-0.013257959610907
-0.009252734051700
-0.066285471364157
0.018200288904921
0.118005637711419
0.053175505898809
-0.008823561262927
-0.009772149848079
-0.006994952079011
-0.107733402107554
0.018593679503251
0.014218552669848
-0.006778976524605
-0.080628569121904
-0.046489634210353
0.027951547469467
-0.053833137924774
0.042877698533881
-0.098057273360126
-0.016559038066621
0.007456139400509
0.039761103819501
-0.106559793773798
-0.018974959569682
-0.013003720177046
-0.080551690729967
-0.156964733671697
-0.075180712382461
-0.033934246482477
-0.154935567308651
-0.104373899016933
0.014434232132080
-0.001204484999877
-0.055361902908253
-0.038505410591905
0.084740875414839
-0.006350579645033
0.027756339815635
-0.104128016511620
0.011789297870843
0.056469607034486
-0.032603282831594
-0.096473256331524
0.082173651333747
-0.028346158342596
0.017522255769293
-0.019998370384744
0.027604048867459
-0.087972365313085
-0.181002916816170
0.001380652059519
-0.019640679034068
0.060242339507326
0.062641001733763
-0.010367752727220
-0.013520960023682
-0.011582922192887
-0.007713859464008
0.023087496413708
-0.088480520643788
-0.047149140092542
-0.033837181549868
-0.006535128128432
0.022420507792716
-0.113117350606049
0.068750050583841
0.039554955268457
0.021770716042600
0.093011695000294
0.069172023784829
-0.059072238432660
-0.059377316166073
0.042649329609222
0.032019622923906
-0.041112385485767
0.045593736693342
0.080921287214487
0.014736890964445
-0.059915551459189
0.045751228893092
-0.067884572380544
0.053478061576019
0.005222791634814
0.062498589679179
0.035676529095886
-0.001073899681697
-0.095284465751750
-0.006087257853998
-0.085379480917591
-0.030784707241796
0.011031877280271
0.034329418979729
0.007962157718041
-0.004692955637794
-0.069448404715199
-0.004516714773083
-0.070852376975262
-0.006420420147702
0.011122382761522
0.027039728968678
-0.027141334542788
-0.056400871983532
0.041399316565434
-0.088524377270040
0.067738540744985
-0.008471886034340
0.056049556121461
-0.101129273170729
-0.036552368154184
-0.106556753715665
-0.001248595892223
0.021821133721656
0.020259406260607
-0.070987443694287
-0.008257433158475
0.037113575750659
-0.022475723407412
-0.034491798679878
-0.067756147310502
0.025182053750532
0.010489986271498
0.048344014949133
0.027289491679823
0.121572554501665
-0.057789752282690
0.014049640981636
-0.010341675593548
-0.029466854289661
0.001596657116161
-0.050528410475865
0.184024662887564
0.127825896172205
0.051985411824479
-0.008024620895929
0.023615357053624
-0.009699910957360
-0.009587836436325
0.038999836806174
0.065044197352257
-0.006452716842603
-0.037996060565794
-0.032797594805844
-0.029103495161356
0.057194088148470
0.037396728111914
0.072753181575578
-0.010401307007031
0.011480567065971
0.001076092115833
0.045049186706421
0.081073370755656
-0.014310007615255
0.024427373165145
0.053299547463241
0.042344843874880
0.024647537625373
-0.092431728922424
0.031483044432059
0.019390267606483
0.001809300707371
0.009646451953518
0.000721609859303
0.074068832386186
0.055228193335083
0.082469491104385
-0.001657149244711
0.087834227223258
0.064901956736116
0.005768763681915
-0.114119575032796
0.114378805536873
-0.038885696521470
0.033094210563680
0.011345119043324
0.093462143710941
-0.033458190810023
0.051208150122747
-0.001874887610619
-0.120842784099171
-0.120140236980569
-0.044316509846443
-0.030777713003890
0.062709463065886
0.000628109124052
-0.051247808077824
0.115914437565904
0.018156851841671
0.038131005098055
0.157972107628808
0.088835974989957
0.089140760266261
0.066086045329417
0.151576795638352
0.078362995686726
-0.058453646418286
0.048903916322693
0.004569895888026
0.038776546259576
-0.040479199256745
0.003929633704086
-0.041311509662788
-0.052911138250790
-0.064153747678080
-0.055852243294110
-0.003180821116064
-0.065187501824076
0.045999832605760
0.032729305310339
-0.060258074986554
-0.020355497366156
0.006318166274383
-0.067442689464713
0.030394499251686
0.036083838395766
0.069985507201200
0.130336023749544
0.131173395790274
0.147424226358265
0.052983403416341
-0.021173766063745
0.105295336587840
0.000726935853960
0.049164426806694
-0.001807037729105
-0.024518021699718
-0.055679337765504
-0.048969833751294
-0.067193494791334
-0.052503680406061
-0.044656481074400
-0.113268525248196
-0.006538072687036
-0.102271302386679
0.050897343293466
0.000245852443596
0.121036294403428
0.048293931157700
0.061500769730781
-0.078593768965497
0.091567657393357
-0.030234882591311
0.124738203287800
0.071931635825147
0.051651628919599
0.084327576765080
0.121673678283260
-0.003184189638107
0.081153335885807
-0.013496743294417
-0.024932813431905
0.147976223656661
0.003665615228338
-0.024010410317665
0.011854404733311
0.025484088211527
0.073289157313797
-0.056200665293113
-0.045717184257843
0.025931159453850
-0.084819426124026
-0.039175791417316
-0.019104911940116
-0.004956003384396
-0.000886602292259
0.009701938888079
-0.081443902395234
0.010380283355743
0.066033642384683
0.033118122484869
0.042082313114447
-0.001733865193124
0.063598454242595
0.013004589693338
0.023106269303178
0.044910602023993
0.081260701007379
0.002408811573628
0.043044954844890
0.110981324329146
0.090056226205901
0.079155773067412
0.060298424129443
-0.051433644668937
0.013269124102602
-0.024894357889653
-0.098965724719616
-0.025928464624995
-0.104991486251842
-0.072467285682399
-0.098339093889281
0.031166726316685
0.017144093823729
0.031716097124238
0.007985896836567
-0.023149413222977
0.045057202138149
0.055806844862075
0.025930879821596
0.042021148191409
-0.055244752094622
0.101619195771480
0.083510606764003
-0.085474856827662
-0.088097063599544
0.111267544801534
-0.033120233039593
-0.047956726885244
0.079620831316210
0.047423227281133
0.062587586904294
0.032087242732219
0.023519357186450
0.011545982197143
0.008061337893822
-0.059318037764588
-0.034129801346372
-0.030669009123546
-0.028140753872641
0.019278974605108
0.070622010154554
0.060981606715907
0.026965304861086
-0.025973859335444
0.002914580630436
0.045033442239757
0.024760091137332
0.013926847318994
-0.011623208432674
-0.054845627054880
-0.003290009845969
-0.045207911112036
-0.052701776985218
-0.033101023112915
-0.097517383711352
-0.068170908597366
0.072492158161001
-0.056381882924238
-0.072338203150030
0.032489326398440
0.040413439584153
-0.013029990139850
0.007469537757142
-0.018182146861390
-0.023299896818674
-0.009481162547897
0.052919876160391
-0.030246736313459
-0.017113354047862
0.001770202644808
-0.053352106765271
-0.001870231375003
-0.016305548464283
0.018204818286461
-0.038892307328622
-0.052684815016256
-0.014518153564648
-0.162879552779748
-0.049307467695118
-0.129502544595367
-0.068898982988498
-0.044684180339664
0.009350197687941
-0.083797230954471
-0.048524492111324
0.102673254317954
0.022259200614714
-0.040865078862160
0.051781905005932
-0.050567867102436
0.090217302622188
-0.069396861964817
-0.012613533963976
-0.040010189300795
-0.016923465958309
-0.001037556144909
-0.054731726571323
-0.047227212869196
-0.047885504858301
0.005712950313064
-0.083428064554356
0.047093839954236
-0.058378462603248
-0.048189976355729
-0.078029742724561
-0.048179848809044
-0.012796764865155
-0.123749243441377
-0.143883477248251
0.011054837294108
-0.046255866675078
-0.020613388559876
-0.056228411108547
-0.060049363458260
0.037591123470081
0.032144484911728
0.101413870249248
-0.009455741770074
-0.010269514801273
0.013374372654654
-0.043344671198340
-0.068585519474283
-0.042942349479326
-0.116306881665620
-0.051458568580644
0.005412705930622
-0.038508517183151
-0.033452546071699
-0.013053475573571
0.022831395355362
-0.157880391563996
-0.097496355887222
-0.139799769131642
-0.017833689981605
-0.026717017381984
-0.074254919362391
0.037287539951447
-0.018970965896391
-0.029376393432447
-0.027354744104566
0.063610039097474
0.044350489385745
0.057437006938161
0.056507621700116
0.062036257762929
-0.017120259010010
-0.065146244560259
0.011500590973603
0.059021101375121
0.002249315931256
-0.081120796146660
0.033596068704390
-0.035854087948685
0.004193640722913
-0.009879562145279
-0.039333585197756
0.020866371389810
0.074702279954265
-0.142694091211743
-0.042770626528105
-0.017820417797925
-0.011230539003101
-0.079854305271805
-0.035966142569206
-0.013867965693411
0.036364741775181
0.017258309467750
0.033492130243039
0.063103609175127
0.091673987805752
0.023142480650945
-0.051276039764453
0.022756326160565
0.066779976131453
0.003406193097051
-0.094748694728507
-0.029169085223532
-0.068587588631485
-0.025194056610143
0.062164857054666
0.008907377597956
0.080857724936984
-0.013323250191702
0.014005619980774
-0.020179296117788
-0.107897864773481
-0.011867736461042
0.016676627734094
0.050845453130540
0.018903780734611
0.052585827907051
0.045315358155839
-0.036741327686146
0.052873804799523
0.021878133771678
-0.008286927633572
-0.049087568784127
0.023064297022650
-0.034283224595003
0.000655134150502
0.035523495133923
-0.067566054012229
-0.037561962128726
-0.013118876823737
-0.091639085243399
0.060176502535879
0.052207816635995
-0.074428004965138
0.081221233558598
0.060606432514950
-0.022736790874181
0.047118997490831
0.037921675572875
0.010389321566133
0.041542115730323
-0.081709544829490
-0.080844652813804
-0.067817214034139
0.116842703698541
0.042798887988816
0.058631324330274
0.072003058680834
-0.020114839167119
0.023654214093982
0.112055310381009
0.076495414394847
-0.080727547841278
-0.069285513887005
0.005049743513997
0.068640093583306
-0.025925729372128
-0.006435249531721
-0.069593837192250
0.086378855331477
0.057631121920187
0.046759858078702
-0.020774221776109
-0.013263914682340
0.091384740856031
-0.146704748172011
0.000523837355661
0.068243088345268
0.037162631368477
0.040745652337841
-0.003012995681250
0.050534073260017
0.008711838970075
0.065937378057240
-0.011910231035833
0.032939043364399
0.042466917508865
-0.010965540272858
-0.087774235833653
-0.061004931128447
-0.014672782745851
0.110689962731565
0.024178902565419
-0.066007419127356
-0.022077583692760
-0.038517243216092
0.018538916260838
-0.012998903969194
0.042909583346738
0.041521195292057
-0.065757195636751
-0.035616134249808
-0.057069911827536
-0.018429254874322
-0.033778044553087
0.041031253259622
-0.024847494550582
0.073168553536202
-0.035028305801377
0.012086541680420
0.041654771768355
-0.006621397446455
0.093245645759034
-0.020328763911954
0.044629440529514
0.012001672139597
-0.068164969013458
-0.065475306185882
0.088374221212979
-0.003084152858487
0.008355254135139
0.062266785459168
0.071003690068624
0.148097416622410
0.056462500591726
0.088862687092774
0.001364544524818
0.083420175163343
0.084649464708963
0.015019588785436
-0.028885526774543
0.055579188256348
0.059324595731677
0.099942217254066
0.027908869298071
-0.021614056803105
0.011091340752635
-0.026517781403457
0.010459286745769
0.000911648633961
-0.031957748633004
-0.001948775551929
0.010374968883693
-0.013950423588388
0.022316974501590
-0.003091281458399
0.138589913872037
0.059350617804023
-0.043640328309396
-0.062482088213040
0.015158667622466
0.028881248137592
-0.095442543344669
0.025664102018594
0.097223848467204
0.050849136074523
0.026902029997614
0.045041346509166
0.008026357005728
-0.034738543967066
-0.021167508826025
0.039763222907701
0.010408970518424
0.002636497224911
0.023960409626684
0.001064614254325
0.041900832972153
-0.059299686615727
0.017993474671127
0.016068650630146
-0.036580415094684
-0.039999661514866
0.059698226460430
0.076198849442453
0.049003827886762
0.038920225527800
0.019043035072421
-0.009386852462147
0.063422862873558
-0.046410449414101
0.042937584563787
0.046370875891233
0.022154767494290
0.053598194592572
0.139297078966047
0.015233359936762
0.040094915546313
0.004393418920256
0.015878376047376
-0.046873254652505
0.086431523237618
0.045615008387526
0.062445594260987
0.029026416978260
0.122056379110184
0.000941652932969
-0.000965577037577
0.022353365618747
0.079995657411497
0.008233738566459
0.108631655388878
0.051158422010670
-0.034289446270957
0.086799834932347
0.013761380704452
-0.007187798777200
0.001119440256942
0.055059933073754
0.047544116675077
0.034439772037964
0.017107589773531
0.032266000903313
-0.055014877166483
0.064413987821119
-0.056687209024818
0.085380299696746
0.154878168349550
0.070405000948731
0.026228581431592
-0.023075721118794
-0.000082834738645
0.010109745877876
0.005004231536097
0.036079540965600
-0.020601859450782
0.006693100061222
-0.007143996193294
0.061577441413326
-0.011309666058247
0.042159544581050
0.033928283861172
-0.017801449313581
0.046753330829887
-0.012904917501530
0.003071688631910
-0.010273630993198
0.027740136488553
0.057219011919925
0.071505787528190
-0.062712487502528
0.004020235838629
-0.065839862865122
0.018487643046673
0.045713764487950
-0.024321407254498
0.001685122204926
-0.035126334275379
0.050765971556382
0.026866060562429
0.042598760239794
0.114300609303565
0.031813643692570
0.005685770787433
0.011639638809041
0.056104199542127
0.008187839551952
-0.008739086518882
-0.061154259531662
0.061706631936678
0.108332066567779
0.042084311063105
-0.002603719902941
0.015571952223406
0.001277997342533
0.018948480807714
0.024719149545933
0.047743229231905
0.023410191240547
-0.004826055078107
-0.032736422753778
-0.021794048748090
-0.022931557171276
0.124595434246029
0.011994483548290
0.033417116117414
0.131680978692372
0.058256377346067
0.013552260925642
-0.001746505598603
0.028537500805950
0.005443097912841
-0.040886270493258
0.041272836218496
-0.104737513063177
-0.001261434968412
-0.022172155916908
0.028331770407425
-0.033773364413789
-0.024249831806390
0.037467820479711
0.115882516990434
0.057825627771047
0.088909664103323
-0.085250598152943
0.096447623161579
-0.039670367274896
-0.032885503704566
0.012258754647316
0.074397603301106
0.000026164714697
-0.013484564528503
0.047387810462269
0.043541159758341
-0.006934686877341
-0.068821075888742
-0.033364279070897
0.045586279377436
0.051638741891789
0.009355397762823
0.042844441810502
-0.070573690538635
0.002837136588672
-0.038192253912776
-0.005509046598207
-0.019159834837936
-0.038447872761407
-0.022829876382462
-0.108693969127006
-0.001156392855076
-0.002449995805381
0.070044105774123
-0.036633227178046
-0.060297741098938
-0.025276677684052
-0.005278082651543
-0.073818920785006
0.053896407214922
0.004215506029066
0.050088424457455
-0.077053764605239
-0.020797781366592
-0.007868200792154
-0.076480642738375
-0.054427178016760
0.095888287402968
0.076776211645625
0.025911385317488
0.005578355619911
-0.038867403535242
0.029846473575434
-0.001657193222830
0.047490951727682
-0.062145959479684
0.038855682519171
0.039042715381220
0.044722492109354
-0.004966827078861
0.010786678425611
0.050096840132262
-0.072905454504455
-0.051727463562959
-0.059326772536713
0.012478188051053
-0.049537124620321
-0.025367989415491
0.041571575310749
-0.024462008427760
0.027477484521063
0.044735901945385
-0.016903025820852
-0.038691722050805
0.026765978943407
0.023819198937209
-0.019919997388691
0.080767877671050
0.108979751661084
0.088528830248430
-0.003650709182978
0.004152141891219
0.092991485328791
-0.018469906381827
0.000702016251134
0.056033356929456
-0.051852437915106
-0.011159094963028
-0.071507256158728
-0.074600714895669
0.010838372236719
0.016648939346901
0.061685130625149
-0.016996666633344
0.037808807382162
-0.038477601587356
0.048970561346519
-0.074166633540856
0.058392546541282
0.091869619899489
-0.020722400461944
-0.021559548771152
-0.016520737908437
0.006537323700778
0.000521547626119
-0.071089491099910
0.038416074311588
0.001657199605503
-0.083684976636994
-0.040733063998659
0.027318229342924
0.026687306917894
-0.004717799951647
0.015899319362277
-0.038621925580688
-0.013217340646057
0.013407579535174
0.033889551323078
-0.011448168611854
0.001654399318616
0.030085809067680
0.043780330979694
-0.000753876155269
-0.058228780137847
-0.029332947417146
0.061898501048124
-0.041887401340102
-0.027101399540832
-0.029998929404465
-0.019963906903551
0.002017590625715
-0.086292046916663
-0.049775125220695
0.001091727411721
-0.032702460070672
-0.060030185929279
0.033333576147022
0.062187971740583
0.056172446727896
0.035604370391107
-0.072306804581887
-0.022937532284802
-0.098233850240639
0.009202862132421
0.030470743761555
-0.034502625329251
-0.034218935317483
-0.009619310858789
-0.036353949607443
-0.034839071779716
0.039642585545228
-0.057018857488507
-0.071987924610234
-0.006412587748955
0.008082309322510
-0.049090540902432
0.018050383545870
0.031349186092642
0.002140829077554
-0.040011972163219
-0.007697393837536
-0.016923491946868
-0.036278414951942
-0.015795921880513
0.039505994814879
0.016097209438586
0.003306554909938
0.014112442100316
0.044044407964408
-0.023251112463873
-0.089586691831017
-0.029391731594444
0.065535409171813
-0.010173780971371
0.075448871274234
-0.057514404638627
0.026697096464879
0.029455288989895
0.017937339722801
-0.004026369596030
-0.075563940952254
-0.130574448670808
0.043011314413373
-0.064062438332719
-0.053379845390402
0.078925766446287
0.045293809603772
0.078865565918079
0.077221973464450
0.018708118835925
0.107692678268919
-0.015211243245696
-0.010377358076948
0.031573005988572
-0.054795778818043
0.055219945933323
-0.009258546890684
-0.140232952302487
-0.108560569616985
-0.073906381229520
-0.052986011890387
-0.034501883723622
0.026840016090255
-0.007193430603007
-0.089229882665389
-0.001201141671870
-0.001861641825258
0.020168855854655
-0.076066969368068
0.104010139191656
-0.003570970498972
-0.015650207286716
0.003130310750412
0.046692542026169
-0.088725591788240
-0.011676978125812
-0.048058333827987
0.060193269628135
0.068357678568166
0.000601026349749
0.035431260441365
0.081155756112823
-0.041472587207874
-0.101805539410893
-0.094843426441137
-0.021669066279154
-0.020481844183078
-0.003674625321340
-0.025706429794359
0.033752988984334
0.052156587313708
-0.077055901504091
0.023768688953173
0.028596010878662
-0.030882178966498
-0.002797364135923
0.084866419184253
0.066236855884087
-0.045730432061191
0.021938501665359
0.025052312872923
-0.003442855273657
-0.038286032414526
0.086194186557659
0.045110356421906
0.092953519053108
0.045399278466890
-0.010789871109658
0.023684157988657
-0.015822003827647
0.018361659935251
0.075623837681523
-0.012250044994280
-0.139233806239843
-0.076254556134293
-0.005681538312257
-0.018224745519495
-0.011709241812605
-0.024108674885304
-0.063577335632868
0.083641765899796
-0.037096219568204
0.064417021667502
-0.085109317017508
0.002743436626698
0.011661926645708
0.015721931267836
0.055982220360680
0.001014868618857
0.077253673656456
0.045426140526187
-0.000750629594770
0.080062615895477
-0.035233724430645
0.072178807138755
0.067767990488182
0.152775537490281
0.049037106037109
0.010361880372551
0.055669262931552
0.045424356453897
-0.025315677600595
-0.000585662406251
-0.093677180189835
0.003519349339174
-0.024602896368830
-0.081469870173301
-0.006953786317519
0.034317089902071
-0.037066851521814
0.011464222473337
0.078205763173073
0.036749217230944
0.030847786702351
0.064099391128041
-0.003280195807752
0.087007834074730
0.026370834843732
-0.021743970448215
0.060308553633030
0.081104519479135
0.068897191877105
0.040025961874616
0.045079699683490
0.181415904765511
0.001034093279979
0.129554501849680
0.110094030228382
0.025124180750195
0.127364201201584
-0.012314652618197
0.113051206960974
-0.101091740478343
0.053223704138232
-0.087274453380748
-0.051499918092195
0.053509629151841
-0.025317209534679
0.032692068090232
0.013570470986855
0.053005732662601
-0.008371875991642
0.032090182284592
0.077505112106510
0.014537645603896
0.130486414373484
0.016607793663461
0.018203507306335
-0.004854859192004
0.126105898755708
0.035574665300589
0.048441109839564
0.020855381651430
0.058886847845733
0.103867988646201
0.140861868511785
0.003419682722349
0.012482006248369
0.013912897144528
0.032506800329180
-0.002896374541945
0.005938737016711
-0.016841331046951
-0.059912158656638
-0.035363871620847
-0.048977881398460
0.036831411862434
0.039448934787792
0.030425119928666
0.045928031228971
0.048016544765589
-0.020070492801124
0.134438270336948
0.089817282344072
0.071545607345169
0.121259422622495
0.020360014613016
0.012084928959061
0.136177810279513
-0.025437473779018
0.067123801553009
-0.044339063797374
0.002873138473870
0.120652960599736
0.103338842515750
0.058996857086014
0.027379487978289
0.076489785568577
0.038827706038656
0.032655338239478
0.006797997717730
-0.005161227816520
-0.006771715542901
-0.004216484062871
0.018395444777383
-0.040127309549974
-0.039948813795075
0.100409943573120
0.003610604548774
0.078333700590108
-0.014897407632052
0.025046584674656
0.043921707814054
0.040598319936343
0.135524790024856
0.114476229309343
0.048042961351457
0.097000938715223
-0.055584399629045
0.102450956604778
0.087164466534945
0.093028862895220
0.033484528509283
0.105669589368009
0.091315164024373
0.025208609369328
0.032045908817398
0.131445307561232
0.047025519325935
-0.008458402046632
0.080827598630232
0.000228678098141
-0.020714567866628
-0.101231630789282
0.027060480577871
0.013887506337738
0.045627049500604
-0.038238081431398
-0.054821731525395
0.015027454930422
0.047069861760401
-0.003084645658176
-0.047327800209162
-0.083834004170685
0.044633370787807
0.007889128391758
-0.023966574098681
0.042951296746431
0.049333455288950
0.147952098647029
0.077321738334649
0.060676856449830
0.152297163986934
-0.010109499661159
0.040841292435301
0.046864612848884
0.034154461961188
0.002762613309086
-0.010390056916077
0.037983207882998
0.008586367943536
0.081079309518815
0.026309572476278
0.052678885360437
-0.079678348053173
-0.060753489623436
-0.027946755380868
-0.034668386524023
-0.086365005752810
-0.056556493344067
0.007050068436672
0.074437635421068
-0.051629791061406
-0.014075098565247
0.023025651097012
0.079336333671268
0.119862351946544
-0.004101919471982
0.067224361805059
0.018043951735783
0.071305039118912
0.068809967293882
0.016490997256006
0.116430510572430
0.100485537534631
0.019761673902512
0.062883575174129
-0.009766175020043
-0.116380177179263
0.000621414053862
0.002693499524110
0.006800580329663
0.043551995398009
0.012252038417256
0.019883730623564
0.000291145383088
0.067857765822961
-0.065485238565964
-0.086084155910056
-0.149024275014616
-0.043580125525114
0.062006503952408
0.073752117180267
-0.128411926460803
0.081907474077545
0.003357266222585
-0.078156783083153
-0.044141028728174
0.075382433617734
0.049154277250690
-0.017739027683654
0.061363583327713
-0.046632831413371
0.012409257882880
0.119102971916808
0.037412677758196
0.015761741575820
0.051135384611764
0.041015527810433
0.080859136863021
0.027355263744076
-0.035596682565840
0.010575602052897
-0.086726336974214
-0.017033362939358
-0.041050752886319
0.018234382973334
0.009142233747789
-0.051325616998810
-0.089160470644524
-0.082958614932597
0.011312426597628
0.020709746181436
0.055925751793911
-0.019563052705282
0.051109805421932
0.037613205046424
-0.007889023038752
-0.070850697424822
-0.052366663407156
0.066260889375027
0.006412467737748
0.068761318421906
0.017889345284165
0.021645240694898
-0.043844382409632
0.093457258512409
-0.060366159028961
-0.085596844514750
-0.054641035776928
0.003024539540492
-0.053568796651649
-0.145387567597795
-0.006869667726825
-0.037418974830617
-0.011893364088035
-0.014064747128762
0.059418305895931
0.036709048046373
0.031002186551437
0.090008166488211
-0.021252851649658
-0.048697166067752
-0.056142289766781
-0.003573305301611
-0.033991933577076
-0.007500048653500
-0.104282425347211
0.076917251076591
-0.014747725034782
0.022338578900250
-0.037558672929523
0.127572199140440
-0.008440594582840
-0.037516789791743
0.001872480895412
0.046217136831163
0.005625611700015
-0.081702996666208
-0.056800974237529
-0.085966716059370
-0.073894735635250
-0.071082017066932
-0.017221071899509
-0.077183221572815
0.011354013996574
0.002273360598336
-0.116539972591046
-0.037037953672239
-0.049306706403442
-0.087430215015384
0.036674812815838
0.078647699180153
-0.012915603598195
-0.146988603946511
-0.033872253632658
0.017811168237047
0.040803109893388
-0.045020551221599
-0.010583878113610
0.020901137431597
-0.018705176810220
-0.045300489979313
0.026768589800747
0.022156047498266
0.070271239944157
-0.068837918771388
-0.011162961437430
0.015901537011368
-0.007428441576054
-0.043766382576908
0.002362091436682
-0.054580013930124
0.060807333144351
-0.050528775666762
-0.060097740272023
-0.116292870212827
0.059855776027892
-0.099692041862873
0.085227152120239
-0.016822397325913
0.022887250797189
-0.012921487274447
-0.006739802618580
0.163823818181606
0.018827359339587
0.056486474266575
0.052268762718419
-0.052174139149275
-0.006836273148383
0.004967685641964
-0.035583350856980
0.079003725618157
0.038121420223785
-0.015262423912691
0.027762208205035
-0.007327135898984
-0.038673446100523
0.126673483515690
-0.046107501790799
-0.012833570007772
-0.040567646826117
-0.011619633284060
-0.065470796133819
-0.044938456302666
-0.071593419825126
0.103921715057295
0.058170289673550
0.039483826618427
-0.019335674527874
0.089277505729963
-0.015711718857308
-0.108441898978381
0.146024450360538
-0.023055508036064
0.038935947848464
-0.079725051642234
0.020466130784901
-0.003091613601913
0.052035060279832
0.010536248743891
0.065362927911099
0.139248087424318
0.023689248881945
-0.074051633025672
0.049661932685662
-0.011266615658840
-0.049292619268032
-0.058250153838546
-0.058531151913001
0.010689911163886
-0.059528798979276
0.006883559881284
0.028390384197649
-0.026792731015952
0.003623068902388
0.009855755444846
0.072786135178836
0.100251692987440
0.083587164382668
0.071806360260173
-0.009778861212255
0.036937897308078
0.002723913850735
0.034887336379959
-0.051873416457072
-0.150791978517433
-0.000103438586574
-0.062543193665430
0.047306853443504
0.049133088870235
0.018072221835894
0.036217430474511
0.012319424500552
0.053174949391424
0.007838801993625
-0.026355395686534
0.029346376103315
0.035518522212936
0.054530537019874
0.034173442912805
0.052895796333153
-0.057810437654157
0.039866327326530
-0.104354484375762
0.006839814664495
-0.019449752805443
0.089778082517574
0.056643826236783
0.103872294768270
-0.014335451029785
0.040615314904059
-0.021141363953345
-0.081170882843640
0.016350952906929
-0.054477200302020
0.026831266697001
0.001974782012200
0.110523452368631
0.016271499276436
0.082688288543000
0.044359550188098
0.012490716512680
0.018564031076110
0.037812137791454
-0.103924173845318
0.018587141375867
0.056921534196919
-0.002576601960494
-0.053182916262799
0.041479801828277
0.037932374734337
0.126768242084670
0.035330239416495
-0.008102558760564
-0.049938047862655
0.089920566648266
0.089115827299562
0.066621008246720
-0.012174761041604
-0.004813845158055
0.035915699145194
0.030788006631758
-0.055091414265929
0.001352573873527
0.060752025563100
0.009432455772231
0.081439492146458
-0.010517251138166
0.111485702808670
0.128050694305726
0.086271550349504
0.105173680276896
-0.040905880029743
-0.048051981408445
0.012063967878115
0.055486377007921
-0.013529586674564
0.083147715761539
0.024319808710647
0.030148491817141
0.051133306881004
0.026332934875274
0.038598373656843
-0.003051515606846
-0.067063256991229
0.055923646947470
0.005464758065490
0.022582706754132
-0.028734885405311
-0.017093160098464
-0.001642853015705
0.079990150805869
0.047282471555390
0.082627358458965
0.005040073118225
0.072604431780921
-0.016169344416044
0.004431876147766
0.049911944772215
0.032243858540239
-0.029241856941283
0.022099923922506
0.025553945566837
0.061453703109383
-0.009901709790828
-0.014714259983880
0.105914337265607
-0.021238082889411
-0.055229444236067
-0.052682410421839
0.014044827811297
-0.053702384865636
0.023539757707569
0.107818252888427
0.046883619512665
-0.068115204994652
-0.016786720185318
0.040774936512753
0.011524961504333
0.048647187236131
0.050689140478320
-0.031996333354392
0.058828941046802
0.020423416533747
-0.038202269263792
0.075185110332551
0.131972393069245
0.014046763222631
0.172314641625893
0.064116217831022
0.144943517175894
0.037635265314475
0.067219413777297
0.034050699217281
-0.004025656612886
0.024158903559374
0.000959143205006
-0.065376024479822
-0.046099575931843
0.086134363115846
0.119826941022695
0.008902730966002
0.009767361707494
0.004774911116678
0.014892651338677
-0.024950032984846
0.019095786521456
0.057656770111557
0.114788698913067
0.065336757191892
0.101529552126282
0.010153173498219
0.077551628115574
0.016276933695983
0.039234607833900
0.094203146969462
0.075475316633576
-0.073402671253930
-0.032812469793616
0.034707293771931
0.018427357609534
0.013789395704347
-0.028598498014198
0.002998327585661
0.015757779610227
-0.023717224473426
-0.008560435851069
-0.041030237463198
0.025672237254867
-0.064924003942291
0.008490337003307
0.005526270743398
0.136014346198650
0.003521800591534
0.017297633001917
-0.057906925110230
-0.013235541261334
0.002058230273113
0.030355395306376
0.072412551395377
0.081109950394931
-0.023760152747553
0.050999292493284
-0.003827474417138
0.019500558289132
-0.042959632119448
0.062969956367644
0.044627367511491
0.018314489520273
-0.019943497141292
-0.089239122542129
-0.043128310414688
0.042347515096746
0.011928773992220
0.002988721174694
-0.025476892157359
0.020956297384544
0.036892010900599
-0.055159801379888
0.074631739681707
-0.010430863024210
0.036605426636762
-0.125848606454083
-0.011897527225345
0.010813390325896
0.053247694974478
0.027741750009926
0.000254352623258
-0.066141839154524
-0.025254669224172
0.033414550965650
0.059642826570404
0.024697196484606
0.040391130331416
0.036864441326585
0.058527864335943
0.018582018366552
0.054064655105312
0.029067386143156
0.038537076097775
-0.026599579639513
-0.056535853046157
-0.071910486822888
-0.001580015714956
-0.043603264642927
0.031555265075936
-0.005735593808201
-0.080282457845514
-0.009334083816372
0.007675324190028
-0.052072541810966
0.081635762001759
-0.091425179282697
0.027636558643176
0.030218169655054
0.042384829635994
0.048293486185057
0.030067564061014
0.020885278529648
0.047760798563725
0.005623235163483
0.108307223969216
0.043579546235853
-0.022619849798862
0.103313617822446
-0.084747210786496
0.038822180275335
-0.041891809528018
-0.002268910106219
-0.046265517158185
-0.072210060901626
0.071540419076904
-0.027518231314819
0.021856243350835
-0.018038613304064
-0.011212986595019
0.020285059157536
-0.024271200559448
-0.017454948940596
-0.044177978141721
0.153562483723012
0.012022677383474
0.057826189935753
-0.038106308953234
0.079621794531643
0.098436968961566
0.095499770009195
-0.078391384928256
0.042584868871718
-0.103273703180222
-0.060872061535635
-0.078639029742259
-0.053994193515548
-0.002414907075233
-0.011969396377760
-0.070981389182868
-0.009166312308910
-0.022258196207716
-0.031730305491810
0.004307241658969
0.041959875266518
0.002680219929955
0.008430641659887
-0.031267985831805
0.131407434586542
0.031246685458206
0.060816921252488
0.040562174036287
-0.024307694520103
-0.015032407157792
-0.015735439526056
0.039482426064240
-0.010676291697460
0.049016046431717
0.020974984062778
-0.029298152713422
-0.017248103422945
0.077887258941340
0.018839319161680
-0.049710447813187
-0.060353121040082
-0.083917927588746
-0.010633274025637
0.065774816029481
-0.083769574597880
0.082836919221834
0.013609966801929
0.003010347093976
0.007999130957641
-0.038136764038761
-0.042481117971949
0.051093554292367
0.030165297111148
0.050272557863341
-0.067447876040714
0.042723326546492
-0.002870436842498
-0.101794122849493
0.026504374097409
0.054098271803184
0.068748554644638
0.065020465269105
-0.042824742411466
-0.025557683832904
-0.043727610738463
0.031193221416733
-0.102888161872451
-0.147122359296293
-0.093869871112061
-0.100944958486220
-0.001295534992921
0.031054255235259
-0.143023164070486
-0.093258424747196
-0.040634910188187
-0.054953601591416
-0.024038919782334
-0.096731368272667
-0.035283517543842
-0.010885652247976
-0.016748263226461
0.019367055902695
0.038812912868304
0.135607042737396
-0.094421661518258
-0.036305884820667
0.007876071146291
-0.024451779308590
-0.077460124210076
0.137824729702443
-0.060375017164855
0.035783438508680
0.003342802914542
-0.088275890613918
-0.032508274586319
-0.033998962120198
0.019397647359938
0.053955974049898
-0.109344970857363
-0.023054659381098
-0.082671755392788
-0.025027438868920
-0.002885048921748
-0.099644730769971
-0.094738847655574
0.018313868242486
-0.008076003311681
-0.046550704973155
-0.014953077747317
-0.133251475251107
-0.042215415067769
0.030436008872982
-0.084856445310172
-0.079189342201837
0.010955147039080
-0.051529260395039
0.028611806730491
0.081678934083765
-0.012687853567039
0.069405506451427
0.051454932141015
0.060021191942020
0.037908881729620
0.035779172758899
-0.021495165122939
0.068980580335087
-0.113118929096377
0.065845154632217
-0.089038726818448
0.032199665448035
0.004930957977376
-0.063829303083276
-0.049636040283586
-0.124561594502094
0.030111676722515
0.029302283416313
-0.019786760640829
-0.079485870926778
0.016610302347955
-0.071463293306093
0.061270475898542
-0.018079047656922
0.079077995286336
0.035977908039241
0.028349110625299
0.003506925087746
-0.059276560721522
-0.001868908973694
0.027389340909734
-0.038415767790010
0.101184253572156
0.026774560661197
0.051935515968250
0.150176945824908
0.006710526470976
-0.031863650284158
-0.029887358925023
-0.047683676935492
-0.096326712083157
-0.070190545108495
0.020925989875458
-0.006125118802914
0.076962760666715
-0.050761065746279
0.023932377141944
0.021903344235443
0.135127016110990
0.012746937993110
-0.046459814055935
0.053284858689460
0.069928595905038
0.054472756203506
-0.013681036004208
0.043479325930614
0.102393354433245
0.033254304860867
-0.004392273215267
0.062387418266514
0.054054847539812
-0.004225875186259
0.070799576821016
0.030806032454370
-0.077306309702166
0.028099748443208
0.137499667380267
-0.005290417510760
-0.029447176888875
0.057473598199853
-0.046153516618946
0.015406846053490
0.005410772528116
-0.088315488718629
-0.017677786054699
0.058117551583414
-0.007623522404455
0.007844521342897
0.071887706566074
0.072347931836488
0.035572846695411
0.011892885137081
0.025167154541056
0.081183067919932
0.094105045101939
0.049654230663261
-0.013113705913924
-0.008580783321819
0.068048190810425
0.061830463298846
0.031048808561896
0.173593789430864
0.065075557421924
-0.070771734310540
0.115798483465007
0.040093526534655
0.104763444242250
0.011087019797801
0.002194149283415
-0.116242632743769
-0.023735664911769
0.038602004786817
-0.020970389822000
0.038517914487528
0.057986705713266
-0.036341641193148
0.035498372578707
0.005273138481287
-0.048192008684974
0.142564172873784
0.006275639286555
-0.031436638084442
0.059069091093052
-0.002165850170138
0.080597520080126
0.006747778074335
0.059954949705777
0.055179283591436
-0.025131183630532
0.127113298717611
0.116801792483417
0.130270256669025
0.030879033938369
0.099869411699646
0.054115971428249
0.021775580763705
0.046928077435669
0.035221036645340
-0.061043228286768
0.045037926298304
0.065538953343221
-0.036449148637746
0.001171293793482
0.062343116422839
0.086185515280387
0.028883093666976
-0.058267015823746
-0.090890288706822
0.037445531268877
-0.088219526730127
0.025791861731804
0.056318202307157
-0.069516645281525
0.044866292419014
-0.002277879775103
-0.004027902007107
0.040237119368544
0.109757509546749
0.065881859391718
0.078758875208523
0.063984360318222
0.066220410272121
0.051645337913194
0.005264144615933
-0.020557022623051
-0.044319361012963
0.045101962864518
-0.095123168289300
-0.027622273686047
0.077670347836862
-0.029814483032767
0.074873080898865
0.022530180252989
0.016175998792821
0.027777567808737
0.085510871128115
-0.121872135282823
0.026668612094157
0.013224424076474
-0.032134471689315
-0.082149564891997
0.011244967201891
0.066574413741185
-0.009715759005049
0.114321328304516
0.119692298889202
0.136298889949241
0.138942982866413
0.024465320151665
0.180419980895245
0.171089524955908
-0.089443052122202
0.023718443127633
0.007345960506411
-0.080480046744294
-0.114241309460551
0.071428465089979
0.054749271535537
0.057094408304691
-0.085428313172589
0.036485590408648
0.016126891290779
-0.000814999556030
0.012690234892878
-0.026779208520167
-0.043828870993504
-0.048763655490364
0.008086340139873
-0.009649923397555
-0.045333360490426
0.065171643297096
-0.032912586485683
0.081626887694670
0.088990949397096
0.113839035297605
0.087669067537923
0.103934605891733
0.031812583045548
0.022333777423462
0.100376790278197
0.041518894523685
0.036251728069753
0.021190727053674
0.025324710519062
-0.003871784195190
-0.083974274452384
0.008534992450340
0.077546935200724
-0.034352025368325
-0.012937554929104
0.024223193981374
-0.033765308730187
0.000512140994699
-0.060333802145711
-0.069028922687062
-0.048094493879766
-0.014185691204066
-0.000955626422859
0.107508248765365
0.021416436458394
-0.000244237976733
0.086507758917427
0.025521386234313
0.055121771923094
0.038997155638389
0.101195093703339
0.038811710068925
-0.036152642858896
-0.066312402467073
-0.005012324797472
-0.045404198923832
0.002666043956859
0.022786699284845
0.123744160263171
-0.005951038700287
0.002485172648944
0.018767466625592
0.052345143850892
0.034968624597115
0.018248804710448
0.042327590983725
-0.004981104891179
0.068452483934692
0.065491748171229
0.011803774551759
0.060732530629357
0.045968701765294
-0.159038216155201
-0.029036401760674
0.047448908431821
0.056570845210819
-0.034824834096617
0.038105047213163
0.013297686893487
0.016125492161368
0.027830128488183
-0.015379027098038
-0.011556172731527
-0.070265108513831
0.084816673334537
0.017591731007813
0.010432740569858
0.067175286116910
0.093789885337186
0.006037242383569
0.038512106345694
0.044556887958421
-0.010156252886757
-0.028115213595853
-0.034463204359839
-0.011942904140651
-0.027690641553596
-0.024360409223107
-0.048473716440187
-0.012879697693354
-0.002688980221152
-0.053556356681701
0.068602879002842
0.033346149868386
-0.019173879588523
0.141026737282346
-0.130625102997857
0.009885783456859
-0.063102843175354
-0.039615335384837
-0.013804431311472
-0.040564345680816
0.115897424622069
0.041126688869666
0.016047496698687
-0.064771662791516
-0.026848289956832
0.016672936052940
-0.012763391651329
0.073432634369247
0.086513850935994
-0.015382216703128
0.032137003716354
0.010233039517628
-0.018044306123422
0.005302998505430
0.016022762140853
0.043952245622695
0.005102215576271
-0.018627435613890
0.071075644109470
0.047972864379897
0.027145417832416
0.005142383765178
-0.038034659636569
0.027132605063356
0.010794095902261
-0.099051458520969
-0.038274892805115
0.011637165993973
-0.006597828402993
0.001820610875365
0.031382500270601
0.038394935628330
0.022621710062824
0.089716524335183
0.144693966769999
0.090052927386707
0.025478763892613
0.114039071688507
0.070301390164789
0.060572609631753
0.016738843728024
-0.099614531316073
0.114073307168533
0.092254993986554
-0.001015659285179
0.002031017992933
0.032122675315106
0.075256782930888
-0.067074267247333
0.000515542442049
-0.042960017721837
-0.033696939158313
-0.009341396245680
-0.031209859179502
0.058755680849842
-0.062604231816391
0.032748493594666
0.050893524659302
0.038732029562232
-0.034892427704539
0.002232941740410
0.064621345298645
0.096494643032123
0.117324830324982
0.046612623284344
0.142303669719332
0.060665960203820
-0.096372308780911
0.023374588046218
0.019258080812513
-0.017620333162587
0.008977418542499
-0.022315298637246
0.008055293386322
0.052682350699144
0.124403512800633
0.019954024724983
0.052988343174063
0.010650973559136
0.011865298477681
-0.022158607436538
0.109767909256554
0.005501118700667
0.030753627441082
-0.014913799528426
-0.005725004053815
-0.093041888312793
-0.003778910461191
0.069610986914487
0.074755019102684
0.039250700101327
0.033259533016735
0.086514670693424
0.044828280261357
0.046099465302548
-0.024968792631993
0.034607140204527
0.035918794524985
-0.056267039089027
-0.097144820645566
-0.003337821472834
0.011703662375304
-0.006221366234099
0.055394247811551
-0.097264327722451
0.108991249612797
0.008211037916119
0.019554625270596
-0.032532787083937
0.021015092417236
0.004027278802591
-0.000333059144609
-0.042867047648278
0.026538699408517
-0.006776546777754
0.020378925054511
0.087305643742246
0.075308898242098
0.101165280637946
0.027690924518647
0.109513982992013
0.080219704041876
0.035463762497248
-0.058075947376868
0.046900713943003
-0.022996415372989
-0.095186764326084
-0.000817703638403
-0.014271151563956
0.041885690879405
0.044158809108466
-0.005518514740701
0.022265387727494
0.013049440120394
0.075999436908881
0.007065221559430
-0.002013567429050
-0.050807242188751
-0.003285379680913
0.094582914321418
-0.049735461328752
0.112983411632822
0.078417601240146
0.082756355431700
0.041272565689614
0.013612677869875
0.081459434522627
0.047183229483366
0.181766228764341
0.035325662198414
-0.020063926453842
-0.065210509053470
-0.048190435274307
0.085212771382920
-0.047057350173443
-0.073129180608659
-0.056156538856051
-0.007369996154841
-0.017398568325393
-0.008142094004986
-0.024699972114821
0.061327956122867
0.074737856348604
0.138508992397772
0.084913039066423
0.056901290705445
0.013768003462009
0.086378538065524
0.022683307145216
-0.022345018228355
0.063630571159259
0.022464537440662
0.040329001902126
0.068850869357583
0.014880645523671
-0.009254337517465
0.098490021321351
0.004547340339652
0.050647999807768
0.035617366059532
0.065853453581295
-0.070834755168199
-0.021153804115970
0.017692022178563
-0.105093581456913
-0.051327112649500
-0.005099008923542
0.007093898693374
-0.009031803309730
-0.012952380296258
-0.043119741154374
0.065300885470889
-0.019558251643098
-0.000341165062956
-0.082823086284466
0.099308329411728
0.069976824966844
0.013578991727810
-0.014610623150029
0.012744990716774
0.000097951482649
0.046495175279592
0.011613445535300
0.069574713526283
0.075129191981760
0.036230021142146
0.076666164551576
0.147815036378416
-0.000326256275729
0.025480195300827
-0.029832996753620
0.069829136594600
-0.022368524177295
0.025084574614503
-0.023895734539307
-0.067160799681668
0.039281600238632
0.050760939737086
0.027457566218821
-0.088033551697973
-0.027806585408344
-0.031120134779187
0.008137437034010
0.040393248615806
0.088914572880061
0.055193418740385
0.054339072836712
0.055586109279836
-0.053234680893176
0.079540504095700
0.040619971714205
0.015205179409013
0.033311903176281
0.049232886055749
0.118689982501902
0.027400152526169
0.186854539189021
0.071148863140533
0.108416705984298
0.051797241351285
0.003094433246771
-0.022014925831698
0.062643722755125
0.048282356167205
0.074801665274187
-0.013902856491830
-0.106560557252701
0.028656507454513
0.000114342486553
0.032029237635817
0.038181296060443
0.014419245640451
0.065426364947860
-0.030067114872177
-0.118319168070726
-0.020816751499958
-0.001388894898720
0.011717138397415
0.002133478417814
-0.054108387949385
0.020491671087393
0.028679728080154
-0.058720883939264
0.119854626650439
0.006349216354261
0.010970649585138
0.103971978888018
-0.005115597875797
0.043423098694161
0.020388782346453
0.004104951073808
-0.034861539696874
0.015894404821190
-0.067908867091998
-0.038205605657214
0.034418469823039
0.098691963084033
-0.047871305134833
0.049246717506339
-0.005529290021601
-0.033076777230231
-0.008952622717064
0.010895339287841
-0.089932672391746
0.048777571310277
0.016590039925283
0.056142748296685
0.094653194307394
0.061916164120370
-0.025080733037826
0.021466401535127
0.042669435676921
0.135335534854065
0.086132940813308
0.013512925892033
0.117928613641831
0.078040355998056
0.102125671868948
0.069652644759141
0.001056563023839
0.013601131516982
0.030305265537819
-0.020666662354087
0.035888900476035
0.083670763812494
0.023623836580993
-0.029802521823591
-0.014470873823444
-0.060889931819949
-0.021420824464280
-0.033577957310748
-0.038425351234869
0.009655194420560
-0.028446661563398
0.039910431743541
-0.016986432859657
-0.119708776263054
0.073721295101896
-0.094807767119215
-0.012815764729835
0.100911224478121
0.070868480948237
-0.072388203137608
0.051116923716545
0.082383372371085
0.040002429959877
0.038226349219004
0.105077067119030
0.016379602956854
-0.043404203742563
0.013818002150445
0.035510190980829
0.020428414040462
0.027572954049419
0.046539906984735
0.016572854869659
0.042045636313064
0.014522013249947
0.030710835659925
0.057552207542386
-0.058170119639754
-0.025339267691575
-0.075305510116579
0.108195451564793
-0.003721667264083
0.062418620302578
0.027346116883043
0.063412448054129
0.084997609912261
-0.049266161734447
0.136697463307039
0.023062286026846
-0.052842097678405
0.077797147667633
-0.023913588618588
0.033884413370923
0.038733030612947
-0.028444820711040
0.032761275877915
0.032800667101786
-0.058624556322837
0.091819144153477
-0.073821917305845
-0.030832556799591
-0.053241363031457
-0.099307567675008
0.017233251313053
-0.056308635001982
-0.057216400966808
0.026142620563525
-0.004251864322288
-0.040971613430652
0.012629929878019
0.059506195436325
0.019428093616977
-0.031887548312367
0.046185157831104
0.001879178057800
0.028229607571613
0.105410248344373
-0.126251298507953
0.025462216161757
0.031682420921652
-0.016551560166623
0.018752775031548
-0.018357243266039
-0.000242414947930
-0.031353188509815
-0.022943562763487
-0.063559382251708
-0.010202458837169
-0.043447433720956
0.031222801832781
-0.031721327002060
-0.006169618219960
-0.015747781448676
-0.045945206076600
0.017787730779043
0.043891575909000
0.007641863817718
-0.023197478584626
0.033867599501392
0.098215265877778
0.016472859465969
-0.044125054480704
0.081347085460726
0.027041151143472
0.014214700985924
0.080003952627723
-0.080268565610015
0.024451255006859
0.068446867795602
0.166280519118904
-0.042947327618189
-0.012908643535380
-0.042966852611751
-0.039008002256393
0.049318055340081
-0.051073866704004
-0.057231391579224
-0.085612811111906
-0.067611178297796
-0.035313192430652
-0.090088124544048
0.090264559293342
0.032134012046697
0.003214210918656
-0.070815258611192
-0.007307322961148
0.053608620038652
0.039865226555188
0.077341890174697
0.055235206134421
0.026398980148202
0.065602106016233
0.076718058213713
-0.093330945236308
-0.028650669255870
0.010973639685183
-0.012346305658113
-0.005354452898999
-0.036660353548955
0.015413192690866
0.016947685686324
-0.103361446005402
0.081192788530301
0.008085135344290
-0.007771009817778
0.010884944513846
0.004401088098146
-0.006786558865417
0.030105207769829
0.014876026823233
-0.017821764418575
-0.062484515245425
-0.063214175011864
0.048809603925852
-0.059192752633418
-0.026880426263370
0.042312940003323
-0.065994464557869
0.028400650822906
-0.004170003330067
0.044887855620485
0.075262879870927
-0.011836275943758
0.093195306801318
0.001290649682559
0.075476335337683
0.008309412173431
0.021524325670678
-0.011828079682342
0.130603102698143
-0.069398708989178
0.092149454683525
-0.026969496091219
-0.057425495229350
-0.005700418363106
-0.050185891739693
-0.049829574595424
0.021578504391977
-0.060672050962776
-0.050802972503286
-0.009420527073453
-0.000297247221236
-0.010570785703734
-0.124554998437398
0.065260158158698
0.105876305196689
-0.038781232805911
-0.000260772647066
0.041822065603913
0.118922179024376
0.024053831490362
0.028895259984853
-0.009311752751892
0.075866717989773
-0.098049683706216
-0.034656157940125
0.076837777701789
0.010801722922195
-0.044755914775172
-0.060821515663584
-0.040092940194638
-0.064365181985442
0.027262531647142
-0.048933615496551
-0.026292729708363
0.008700010191913
-0.003764036880644
-0.102537304416291
0.077003536443193
-0.035323880570266
-0.003844919804927
0.004437158952304
-0.039206380267072
0.026803333513235
0.006637852976886
0.025920523995230
0.018573800267324
-0.010544797417636
-0.029494479342002
0.039073791103831
0.010159591587637
0.119003675921233
-0.023416384123699
0.034373055506870
-0.091935230799915
0.109877468900014
-0.041221559311416
-0.007790739685259
-0.026166780867025
0.021082696701081
-0.090719017869981
-0.039444154522170
-0.029802176833950
-0.083602745573065
-0.011304460311169
0.027475118370968
-0.018779973230818
-0.003030074623233
0.000952805699215
-0.028077197859877
-0.018540876495230
-0.036265611755281
0.069267728274749
-0.014272454230099
0.035008835705248
-0.007715884816360
-0.021099043980828
-0.011601989714710
0.077417230092962
0.078527041598005
0.053191321723866
0.118999078217075
-0.064208609659427
0.068792875679528
-0.015506334255849
-0.100802112997369
-0.070025527558531
-0.076798976355186
-0.004964716374138
-0.074016101531676
-0.001044110479086
-0.006006966615736
-0.020537346216226
0.006497852473215
-0.052391198003995
-0.016230212668851
0.001779050335140
-0.100623125649662
-0.048686938636409
-0.098796210682509
-0.041996463340213
0.055716390433508
-0.009764840253900
0.034877694835310
0.086058877417276
0.036831596757366
-0.008311918818483
0.029634882557817
0.069120270455760
-0.062889789143318
-0.022320802807846
0.023820816738093
-0.028520943843659
-0.095790395397600
-0.150830074674077
-0.039503721817462
-0.090614254566047
-0.043577023047153
-0.057567889685585
0.011499505514704
-0.050082745139752
-0.074662000480794
0.009528435542790
-0.099681111062528
0.042478344520249
-0.010588009617630
-0.111748682469413
0.003398568870343
-0.041760284569254
0.049293848057451
-0.016489568517061
-0.051311795952233
0.080816742461421
-0.021890524145887
0.006332062474892
0.087534854734477
0.018565594107707
0.057348878743125
0.100200904848168
0.105668720640295
-0.097828400109085
-0.141715854141067
-0.007854319146364
0.003384615939742
-0.068551888567465
-0.052627112329334
0.001527010347734
-0.079714975278503
0.075165170196057
0.036382250333072
0.031243954396111
-0.053647193296660
0.003830555123861
0.025999668100638
-0.009932898238326
0.050508228156066
-0.002132595380735
-0.027730869916423
0.012610958230857
0.129643037695425
0.010514048518669
-0.005512002373771
0.031447288359179
0.017082101403917
0.027667492591383
0.048558925263365
0.001565013130513
0.078146970916065
-0.055966327176377
0.140887087624110
0.041701076153881
-0.006115855156209
0.060660232952235
0.063316054620642
-0.002575640966580
0.035332374415686
0.040576782798322
-0.028349188423140
0.032062561482574
-0.017265260907112
-0.058456247321002
0.057160564163241
0.048039251294879
-0.078659621635505
-0.028903736287252
-0.022049132830248
0.039517138763851
-0.010378667107813
-0.069770789941203
-0.007235670000486
-0.004161111043305
0.014993434554377
-0.009509432881207
0.003786342651517
0.047619444093450
0.070957005856170
-0.007335933404885
-0.070898134762121
0.000921378638341
-0.037397665451454
-0.052711927992370
0.006420731563861
0.048340017157770
0.011265683138087
0.037238576226973
0.008896681348983
-0.093834812527518
-0.051908281547589
-0.020697342077973
0.035667594676353
-0.081013306715383
-0.030161327602224
-0.012872552900673
0.067769055803469
0.004708823266054
-0.001978290116932
-0.034581952850434
-0.008491821172588
0.061053492272260
-0.010055961086013
0.027494547459336
0.011633992286081
0.064875233899908
0.045144619620122
0.061800786065216
0.013756986626763
0.018519351027678
-0.054215847307072
-0.008315589543387
0.023486666078097
0.014138921500321
-0.037329875748181
-0.021207163576497
0.018463968699033
0.011566059122186
-0.054554756714657
0.002270984342904
-0.119736548958564
0.121972874082685
-0.015312726964750
0.093080593259241
-0.039118738188171
-0.055644521706783
-0.026489560357766
-0.050380815559563
-0.100298474976875
-0.037989455379316
-0.000954869355506
0.089010200047476
0.074159293267680
0.026859677163501
-0.030737013782808
0.017721514330317
0.034212436121578
0.103434479285414
0.060515325989337
-0.079840103889930
0.077881094985253
0.051751177165706
0.106951192428939
-0.014254162218869
-0.045666403125727
-0.069007930448915
0.107388401693109
-0.026070325685359
0.077785125978913
-0.093543856415784
0.094720218661207
0.102671126056226
-0.032825814812355
-0.069623262844373
-0.058399735731774
-0.061693130529280
-0.020293693729834
-0.036893288567943
-0.059104289288199
-0.156578511898705
0.025208605820257
0.020260854572902
0.109153434147485
0.106074164352002
0.009992828315130
-0.013730632148921
-0.016644303375023
-0.079222975053481
-0.042340223694602
0.086129203160299
0.026111646494163
0.031476674225984
-0.070936417737758
0.033219830950831
0.011190135783847
0.078907466505408
0.085814785555660
0.000410927733485
0.079799888157470
-0.018559164358943
0.003798269137655
-0.126221483929478
0.031474927338704
-0.057365669275282
0.005144694288688
-0.034758734980131
-0.025613082607432
-0.066059766837964
0.046852196792410
0.064086093619154
0.020086984750856
0.051693946216868
0.059285958144984
0.079851045396966
0.008545142664864
-0.014466763914669
0.048936569532306
0.031242330311303
0.070326495212240
0.049452156351825
0.027850175369557
0.048413103504088
0.041866549254069
0.035562633169289
0.104462587273033
0.076527000888465
0.017244813140262
0.025973828025595
0.030898871943227
-0.081838778942226
-0.061131251671368
-0.017751640714507
0.006427934892547
-0.076005324031787
-0.121703041112792
0.026867058299239
-0.094008868832984
-0.004332201284350
0.075690370641764
-0.010872282896426
-0.024787906236679
0.083971966912903
0.010532964636003
-0.073588097018587
0.052914021317100
-0.056525181560047
-0.076515164778061
0.012163396961603
-0.070209366796807
0.130545130600077
0.008271290039750
0.044154409936147
0.067083701494641
0.063422176161622
0.029857225580813
0.081707171870941
-0.027957068590418
-0.021433321590811
-0.061984342683226
-0.106294010474651
-0.126616596046519
-0.106758328210901
0.027187335232939
-0.007706127855714
-0.043511152117565
-0.004167229413093
-0.014479832348428
0.006252974934878
0.075754579543601
0.111262387086775
-0.034226502794973
-0.043080848490459
-0.058399278516062
-0.019365771063127
-0.041642808849660
-0.042434544257484
-0.021851173727978
-0.047607337534125
0.030718835983008
0.039991152060831
0.130441811750713
0.094801057189287
0.054157286613807
0.080527960615614
0.010001282503721
-0.014993566183078
0.001936486764476
-0.023580831008800
0.000123197906177
-0.053486635355117
-0.004822982970373
-0.021322574217556
0.088467247500602
0.020336309264494
0.074983917506282
-0.032238560029523
0.014092300581020
-0.079496926151945
0.047257102237868
-0.054551089162255
-0.010698303778024
0.017516704672585
0.062177121327502
0.055480913299380
-0.006538363819485
-0.078681020647815
0.070649333898068
0.082538088977515
-0.020877177241793
0.092103251551964
0.006269329927762
0.049155691306127
-0.053895211667975
-0.070846265395619
-0.082128882499777
-0.020767941739778
0.013206939849060
-0.062808029058665
0.021924944160641
0.049318692907278
0.034177292066595
0.053548657417243
-0.042629263558204
0.021096795205838
-0.023042468191758
0.035331056245650
-0.033829728719046
-0.055069329236282
0.062292912406672
-0.031017750350634
0.024935693615201
-0.121066947282182
-0.032385878557988
0.009773634816172
0.039826591057454
0.000694537762030
0.039047530469999
0.024973460083417
0.012200581073813
0.013440469817643
0.107640095115991
-0.001344494387956
-0.076345920679197
-0.094846963373234
-0.051376280132678
0.025122835410445
-0.023432615406637
-0.111038357583144
-0.003830875606845
-0.013430168994750
-0.038162596357946
-0.094993233604882
-0.017663960632208
0.021219321840415
0.001313122373917
0.080824228047316
0.028202898612561
0.051471924481197
0.035199631867326
-0.008123198193057
-0.008275892550776
0.051358884335084
0.005068515500900
0.023109476402264
0.107330722775413
0.000596867576129
0.025749979037629
-0.048467494474185
0.055584589816415
0.053218312791292
0.124683959413937
0.058246477705871
0.072867197859583
-0.014756991683705
0.001881031276639
0.048286451382957
0.095203526061973
0.023981442737968
-0.018400051983006
-0.028419147750872
-0.051552156785818
-0.034825926483262
0.034685526965320
0.089865601676324
-0.035288657924758
0.052343253399053
0.017844469431276
-0.028474219086196
-0.067163518302990
0.092287159137108
0.056157780133411
-0.037421912021614
0.016038740428821
0.076775247322028
0.026367335538056
-0.027932314471611
-0.018308931873788
-0.009554696043292
-0.047367235580609
-0.017331248889141
-0.047785170370954
-0.024508283279083
0.000573200802640
-0.000326817882809
-0.030030777710455
0.000689657192220
0.071098148358423
0.005574439060368
-0.021548345803404
-0.088718659141389
-0.024793883064392
0.113679534296863
0.097292781238815
-0.069150130508245
0.014948928335994
0.034439517148868
-0.005948530929002
-0.091906304888030
-0.007712644567030
0.000849204828581
-0.010608093729386
-0.032975736583887
0.055604458845747
0.052955707878986
-0.023518080458094
-0.056920479957741
-0.022522687016741
0.000498123577599
0.014163034452096
-0.011630976093125
0.007830405114737
-0.026430888286951
0.069734340975842
-0.085014433923375
0.009463039139288
-0.007308946496672
-0.013279567430346
0.035968704633718
0.077101600208993
0.026396487529287
-0.020562664371928
-0.087001423722651
-0.004259567615523
-0.003220703153153
-0.005531295821057
0.019689625691028
0.003644838774747
-0.048260789713091
-0.029255643851371
0.047936235641097
0.039686673583216
-0.015146876942566
0.049691552112456
0.020749794156184
0.010889297469351
0.003461028366923
-0.014313384477984
-0.058224158266792
0.003988560567379
-0.049142253001596
0.018144321130254
-0.118258206207503
-0.043432758614717
-0.012926883091076
0.009331999620848
-0.068218299225418
0.049458354004574
0.027719920774016
-0.071972178637393
-0.045964001019201
-0.032497113868149
0.027282287637607
0.009696847301682
0.062281702897019
0.059457062525473
-0.004282556283966
-0.019500294520559
0.051655638895593
-0.003845992872388
0.039925872330450
0.008868454259141
-0.061945795943523
-0.018662982372005
-0.040823426946813
0.006770694715779
-0.026563351776799
-0.119739359096598
0.016714646677461
-0.013842250642312
0.018737965310826
-0.064795597536095
0.020333038997582
-0.006037816636964
0.051610987880392
0.082247316788355
0.040347883240626
-0.030600267263259
-0.047366342824131
0.038119720892954
-0.005726104925245
0.052550356815996
0.010312909483760
0.024710034359900
-0.097149068671300
-0.039588160136598
0.002502314136180
-0.000465199773736
0.026187720268654
0.015105103715741
-0.000939253178422
0.005856433450065
-0.023385715505432
-0.058304662242886
-0.043987618918509
0.061367605519407
0.017271465412286
-0.006662207894295
0.010950036152436
0.010998101880851
-0.009406438329941
-0.108866001793564
-0.104395486150806
-0.078792554490727
-0.022564323933024
-0.050193640973129
0.031221135439579
-0.011618667733025
-0.007840786125449
0.110168186698889
0.022386872143516
-0.082248977925188
0.004223479139777
-0.021896959396172
-0.054789175127522
-0.075157240896201
-0.056352823109496
-0.128407220815821
-0.037536629091301
0.024337028679356
-0.073206533663396
-0.035720169007431
-0.007909629779848
-0.096338678530837
-0.025114191473126
-0.047966591312692
-0.068450566025247
0.030418196705562
0.063836936665912
-0.039222358833678
0.033200422097484
-0.027085528772150
-0.101067017619906
-0.031359070481986
0.009632872100130
-0.050392755356600
0.033192211125086
-0.032955334570100
0.011362010441059
-0.076685032845965
-0.066259383003105
-0.026564951242883
-0.111322285353775
-0.008427465333650
-0.017319780025541
-0.032580405517597
-0.053324594780791
-0.073559052124780
-0.009085244963331
-0.070205610728152
-0.073144227144128
-0.094366620531192
-0.023014743653711
0.017192901237610
0.026850840046325
0.085994751598615
0.024787309546923
-0.066995927388160
-0.002922586848597
-0.039683774265656
-0.000106905723848
0.098118481193722
-0.008826148212310
0.033986765697939
-0.032421584251737
-0.010898423175005
0.015625488266159
0.020722177291087
-0.061801831786922
-0.010437854257623
-0.011327114626886
-0.024256125685134
0.027190221053264
-0.052634498188159
0.015891527162096
0.088427482847770
-0.015046130522477
0.035614426110232
0.000506661832987
0.072446292373530
-0.041158428388405
-0.017310342488944
-0.024368588235060
-0.071895070189399
-0.040546864590639
0.048240480940192
-0.011825929309817
0.081877976909646
0.001976940416339
0.026203026673162
-0.095683966495280
-0.009866021020456
-0.010262020375119
-0.012343671945639
0.007721497258639
-0.017026124083367
0.044546135364680
0.038673560906270
-0.050082338301390
0.091757389362820
0.038209866598588
-0.029466788268811
0.075395280082977
0.013928235076850
-0.002156494452772
-0.022647971485712
0.053969574937013
-0.026934901859834
0.082494218990588
-0.051156604091143
0.077946967384242
-0.101676651833584
-0.051460731409776
-0.038048899238237
-0.018430409603554
-0.042743261380316
-0.079678806122922
-0.006672430965761
-0.043101220156470
0.018400041756207
0.061379674765479
0.026353951438173
-0.064369137767107
-0.025013769145266
-0.018349964584078
0.017648983651549
0.091365070662543
0.112059996201035
0.116824098242975
-0.029882639850045
0.008258361027655
-0.053021923880757
0.040687244563246
-0.051692601732036
-0.015152770411317
-0.081759710124555
0.052949843284204
0.017050164798132
0.018575972257644
-0.026598701934199
-0.068976976971999
-0.066863386264005
-0.022662735877781
-0.024010701120710
0.013837509095925
0.057294576838139
-0.007541534157748
-0.015942163488156
0.019291658047521
-0.017392589584528
-0.069990172341808
0.034568283311155
0.037942555903630
-0.101262349873466
0.074996792693968
0.003360140312297
-0.083921778120651
-0.010937770330943
-0.045291949170737
0.019653360803959
-0.040023312716519
-0.044451356736264
0.056758235505636
0.022961493738819
0.059549727815356
0.109729926265663
0.014943384374602
0.038936865290024
0.002692051595750
-0.010826943278148
0.033164090468957
-0.014243413132465
0.000471903219570
-0.061566556657551
-0.023255312923918
-0.033746676301895
0.033808147485882
0.038547321495300
-0.036780631538881
-0.000980504437548
0.001139925283270
-0.114286142806513
-0.085059851247431
-0.031737217349693
0.004534914903970
0.053439431470870
-0.040907258111572
0.034586345137829
-0.038840649093225
-0.017647017944710
-0.067358565959348
-0.033305523728833
-0.072976221084589
0.082285275649915
0.050817745653121
-0.015777472930615
0.068819229160917
-0.009566022887365
0.008216140048557
0.123248330716696
0.004595083869353
-0.049395064856639
-0.039366503708814
-0.056738121497070
-0.046630933191112
0.037055954761245
0.031729113506096
0.062530042175751
-0.070092818088875
0.016735098334408
-0.092700321720081
-0.102634852122791
-0.063544312067352
-0.016739611852717
0.029517933347928
-0.061732543035068
-0.096265727087590
-0.023667738893450
0.047570060126764
0.011890671759639
0.004136043131954
0.093362181336246
0.051122310017084
-0.022825816772629
0.092233337413599
0.060309386033683
0.121367264826573
0.062365394037424
0.108486925856284
0.104906554739408
0.011441182640000
0.020425013323141
-0.003983431029203
-0.101146485764757
0.026251656063541
-0.066186094524329
-0.131085771450209
-0.013620586341165
-0.021878908110510
0.032181557096473
0.046731526379110
-0.034744971266880
0.018866143107558
0.031047301326378
0.003119283946051
0.049663695805344
-0.053992295948262
0.033041319245602
-0.085980845931032
0.059499747585407
0.038196412800687
0.026358621797924
0.049578260594240
0.043970563516810
0.121895956859671
-0.060837104787561
0.022010992566602
-0.075355739469658
0.011135620868386
-0.088385336715401
0.119923474826772
-0.020918432028425
-0.013458155860664
0.002994300150385
-0.077193221495068
-0.041182556804734
0.002950141110654
-0.006186047747767
0.053165040084686
-0.040766645539921
0.096329936846289
-0.045911841935115
0.040347718158307
-0.017854014105230
-0.033211244346749
-0.150490928556294
-0.056141825615368
0.110703962225590
0.068153778465733
0.029742281765889
0.118698590006799
0.046156876693362
0.083166332815908
0.008089756177617
0.070774097791514
-0.020663109322218
0.050429161420376
0.039335222126144
0.060809010430191
0.015676612332306
-0.039826915337961
0.108657338667746
-0.024350550292126
0.018716214649267
0.011382867515400
-0.001981953290459
-0.058531126469835
0.093698378063818
-0.011701897011409
0.035614150524517
0.049395911874546
-0.022620408874910
0.025354725897721
0.075852813733136
0.015595990797714
-0.037920749781988
0.010410660273440
0.087963644674357
0.046446771841371
0.054263410924425
0.042145390806668
0.116312698472809
0.019445776031130
-0.043859925292084
-0.004925592747423
-0.034040777507344
0.032481098613265
0.064361564540596
0.024300923959810
-0.079778186209151
-0.014146015433617
0.038072617311162
0.081868213197863
0.080291964528679
0.044714286489253
0.039512549771398
0.005743229583755
0.020160249157109
-0.000182387942106
0.071099595843076
0.146458248753419
-0.092232664471905
0.040371563629897
0.076071213699991
-0.041090520257175
-0.106413343807142
-0.133619664103169
0.046969087984998
0.057156755886441
0.081356953515813
-0.044584932700632
-0.021550824730958
0.018691578635879
-0.012287979905792
-0.056475142194083
-0.010494822281321
0.027401069733916
-0.063681543228968
-0.085551643203593
0.038091545333821
0.077152367521578
0.031747002221048
0.005813794977288
0.106757794921562
0.019643574861118
0.008393054489990
0.064024895181034
0.055176779124897
0.050094548017632
-0.000767971309788
-0.031625778940862
-0.023181155958366
-0.003062711267991
0.025675332074520
-0.032826666914816
-0.127195887263837
-0.111099705616774
0.030795866632965
0.056579106845952
-0.085110759553895
0.014368486802875
-0.000475687970779
0.068270923440199
0.089541853615224
-0.069887085396194
0.026722690708916
-0.061826489955774
-0.050169332824867
-0.014680487091895
0.038968923145706
0.076115838746894
0.036960372148049
0.048814581495860
0.084321747678570
0.030490276933596
0.014150388548208
-0.066774630445572
-0.112476126267119
-0.148682662547879
-0.113714941761540
-0.006172695778174
-0.011553951996645
-0.033741034101987
-0.015921118635278
-0.030716532666506
-0.121558415419852
-0.014087339584058
0.066860194081698
-0.006688031939950
0.045780897846155
0.075165496025985
0.022753747563397
0.021701330718695
-0.009910612253416
0.067790110647685
0.049099070587009
0.027668673108403
-0.001261187170006
-0.038380812037934
0.023114354108895
0.021215368286413
-0.139670553878928
0.051702312429953
-0.026751327074863
-0.020675611316593
0.006589376498492
-0.053084542801608
0.012453521492654
-0.057574835446219
-0.081226624529594
-0.166009156121135
-0.056768742410759
-0.057864399118462
-0.019626583871185
-0.120521533929526
-0.080492384093809
0.001763625790814
-0.014276790225376
-0.013247743761155
0.001692738015619
0.074294276543686
0.033384483875765
0.087397111296880
-0.063779847495214
-0.041211330151561
0.022008337742979
0.051525963710800
-0.005325727539332
-0.030734544379923
-0.059095061818734
0.074301733178322
-0.103972570722079
-0.023939645330460
-0.072760577394161
-0.067056442952800
-0.037610832990915
0.004878124710995
-0.027211278623501
-0.029372353397231
-0.031083646148322
-0.041697286563086
-0.004338980615748
0.045401752933986
0.078612630913720
0.024918539541936
0.086003477962312
0.074309557420527
0.009136536341855
-0.096247899267164
0.066832762206057
-0.028654871633155
-0.022115545119704
0.078769945181116
-0.044764645317632
0.099066410464616
0.009970819820769
-0.027646512577631
-0.045920379632394
0.011771499754190
-0.122906283945376
-0.040752669404637
-0.014824151982883
-0.023852302893295
0.076319786773437
-0.090870931606195
0.029311120709973
0.041870619840794
0.015661388979207
-0.080888389145557
-0.009170376970149
-0.113305372716683
-0.004277845776618
0.009263083712345
-0.018995826696185
0.133060848638923
-0.021074932045369
-0.085309302802826
0.068727705620970
0.033431272523393
0.037714005816645
-0.062180984381368
-0.058364440772169
-0.004827318278925
-0.012927886444546
-0.030648523402977
-0.007957038593344
0.050908962856386
0.010171114829476
0.065154154144221
-0.015067866187552
0.003667922796545
-0.016958458461037
-0.010599781433256
-0.068952778225506
-0.054844726681953
0.039943023847499
0.003143623384405
0.032704535140681
-0.041185856019702
0.087869838996135
0.002868284611992
-0.008571324939351
-0.056436226059859
0.048797711675096
-0.031059738581772
-0.039307518223812
-0.043450390533510
-0.040990270305334
0.060813293280038
-0.030961032219718
0.043288835561724
-0.079591011592256
-0.102200243503954
-0.077178228338518
0.012232494828962
-0.087196961436966
-0.044057227093720
-0.068822718715975
0.061769659706724
-0.020372984647805
0.021603461534157
0.059009247468469
-0.027900143953035
0.053479703759573
-0.030289693468955
-0.018231086858075
-0.025907880319168
0.083579392075460
0.020171821655403
0.012835455528436
0.000313678216349
0.111797914903803
0.045207665020102
0.033227506446733
0.113243774084496
-0.102259298524400
-0.062639603998917
-0.011004293116670
-0.016314530811309
-0.069873904384469
-0.010651819008707
-0.007988511090537
0.033103625273680
-0.062179120049185
-0.029334333170112
0.029198879362319
0.054688820150178
0.023451056661108
-0.025885337345164
0.020902664550493
0.052366502320621
-0.052294946569702
-0.026686889760807
-0.018262497862519
-0.047490972087673
-0.070460919441319
-0.056445316746664
-0.027406233949197
-0.085689890405780
-0.076666294953769
-0.055155823905684
0.036211606832786
-0.084886494803692
0.018028908068138
0.008884656936545
-0.027601811974139
-0.076298320304276
-0.122385808155753
-0.045545042098318
-0.095354048484357
-0.055037000959463
0.034227519160702
-0.027884911673431
-0.048524745134640
-0.075309951237843
0.055676483230280
0.005698172576154
-0.000041736467164
0.072941771769625
0.000668511879771
0.060876869366301
0.086087020047568
-0.039167058878871
-0.093981451906316
-0.102249980769997
0.152134644345231
0.076334169977615
-0.011670688277295
0.072367753245076
0.069543791575226
-0.022516998105438
0.045442758481353
-0.008424514772545
-0.026787904095585
-0.082507174554734
-0.099254210296223
0.114866566994421
0.008424057087923
0.017810120648709
-0.030014319199437
0.064274501183726
0.050502696642736
-0.134107306303339
0.027381674273550
0.029322290824373
0.042088444971724
0.036662601942985
0.101027333660369
0.017229699905864
0.054400615594545
-0.044655315652511
0.009506041909890
-0.011645883580313
-0.061930454847646
-0.022679003732701
0.037122192791586
-0.105735216100969
0.095573386220784
-0.003008117182283
0.057494183179810
0.077025700885301
-0.003141610461307
0.046979933404917
-0.049184660399697
0.030418487971343
0.076834659472879
-0.078423377552761
-0.023409130702354
0.031881035496243
0.166070924551745
-0.070434811533393
0.001391940029470
-0.037450070578333
0.050529945413271
-0.043318153638784
0.029029102850869
-0.031263789629172
0.054321025195338
0.050530871641988
-0.017569170757973
0.012727165465897
0.014805324977815
-0.002309305054232
-0.037858862939394
0.044797944492462
0.056296851391906
0.038257915121309
-0.006774096629277
0.113725469320856
0.042157959056734
0.129834767906010
0.069534445945156
0.100856978804735
0.087747272328247
0.060363334294741
0.104990065079844
0.017113465901829
-0.029345163809216
-0.062839321743783
0.029041398521084
0.004401390207021
0.031906864025775
0.050473735921775
0.037579841417364
0.069969777844480
0.042081288439179
0.045635916732527
-0.107385104707133
0.041127048838347
-0.022475072952101
0.044127530002904
-0.064933548536379
0.074271237651321
-0.047814385449958
0.025851653802733
0.062091074564340
-0.119317019230012
0.000471067940888
0.069180587074333
-0.080297559422045
0.071170994131524
0.026356845257462
-0.034446510626250
-0.049644607875160
0.032086549936403
0.006831113632840
0.126126422491729
0.075414020979428
0.013939481068745
0.033761282069034
0.014792083881218
0.062945757105766
-0.065858984535864
0.008661475674431
-0.051484002290709
-0.043345635948289
-0.060258490723838
-0.003049554165831
0.024411651730303
-0.073141808452775
-0.067205714774773
0.009439095614889
0.009189825059904
-0.047879505134520
-0.076162121391065
0.017459394821515
0.088071182534324
0.084826042619181
0.088086159602352
0.012628020975705
0.088318013581361
-0.009553759520116
0.045342101712173
0.059539834604605
-0.012189960739181
0.008885874971398
0.046457352055732
-0.077776601394871
-0.073422727261476
0.003794247205318
0.075068756139176
0.022823734932311
-0.025562098723299
0.003216693074135
0.021184644185920
0.014780261846593
0.007755292002728
-0.010292728902593
0.022632491144064
0.019346289202241
-0.138285123437828
-0.078010175393168
0.010205388694157
-0.017871463901957
-0.059003961079222
-0.073265769176855
0.014075242546735
0.050178956798990
0.038398792137613
-0.013664398227106
0.013338030634008
0.033589020088191
0.065646422452977
-0.006791417120460
0.044227907010152
0.003728482559779
0.013490965951266
0.080237534892644
0.067565016260419
0.001169170359521
0.028133066203434
0.044484548610436
-0.037791015279263
-0.005964785845849
0.043611886480561
-0.014650630175470
-0.030718608024267
0.009281389818510
-0.059484955517858
0.046554399869205
-0.024480482901051
-0.021958523463262
-0.126927066228388
0.036482887125753
0.019521775974009
-0.067853498072204
0.156336804512742
0.033152248507192
-0.003677354282110
0.089877127974754
-0.066408099221004
0.041494745929739
-0.057885825510094
0.003643173160297
-0.039636472977087
-0.001887734546839
-0.037689787028753
0.027012680964883
-0.017807867461609
0.051773149096299
-0.047466765602477
-0.056855603247177
0.043661963359239
0.058977691985127
0.016870374147958
-0.064231564376326
-0.022934566872632
-0.020056300406359
-0.012371096044108
0.033346820005052
0.058346560138506
0.043519405830571
0.058916196234703
0.071630524704096
0.053463839716187
-0.010128790488908
0.055646650801456
0.044673005045628
-0.087432014608842
-0.000776744302218
0.046477662634726
0.089842126110696
-0.097740130857580
-0.061783670353230
-0.034558117408296
0.031250307995558
0.018115554158252
-0.009253670143210
0.091123003623616
-0.090713834910315
-0.067052003401657
-0.025827739151457
0.022112106836854
-0.023903902284784
0.035725460068329
-0.006203742134989
-0.003631075792354
-0.004294775567942
-0.043049569176056
-0.061846525199872
0.017155286996860
0.048967560255791
0.089807238841996
0.069769069401380
0.082436897720338
0.010456691704382
0.042176569134747
0.022910679266193
0.004984638712900
0.025063657720012
-0.068159233483968
-0.022097540748038
0.028927451457316
-0.046459667204754
-0.004059893234824
-0.069909313370101
-0.032945970250078
0.048878775070747
-0.002057839203413
-0.046842659314493
-0.001734838020980
-0.018936005727590
-0.017929555016027
-0.052802877949884
-0.087980753856359
-0.004244538626184
-0.070587101343253
-0.052659605948832
-0.020683201582197
0.053758968659425
-0.060793802327994
-0.116978197256316
-0.012771693035228
-0.001160315323457
0.069913691808345
0.046995304396248
-0.042573785100343
0.023472330012106
-0.059276261921297
-0.006958556310044
-0.051560943647102
-0.082359989624676
0.051612510306656
0.033930350164001
0.118669557877734
0.079903484292251
0.029676675782108
0.091712767973902
-0.001791154577007
0.037492430868805
-0.012468574865945
-0.037902710135563
-0.055268230303038
0.032712442911406
0.033638323063799
0.093867965942722
0.031780088284893
-0.019470334216607
0.005689094742359
-0.002209655189896
-0.033428151987053
0.036885100421184
0.027486443666058
-0.010739638737736
0.011521989614152
0.048907454208390
-0.002569446867991
0.041524455035651
-0.000985150669286
-0.055817539531857
0.026999775599973
-0.038645304822317
-0.060889811668011
0.034114322202943
0.048522362658549
-0.042416566094203
-0.037724717310879
0.017229755878113
0.120991914260972
0.052967552484401
-0.081585793429955
0.016193296260632
-0.060152422612672
0.021726139117149
-0.004044476598133
-0.040566610274755
0.065165118929571
-0.036130366114660
-0.066329586662999
-0.067930919310090
-0.082132065013302
0.020021414785218
-0.098985741322008
0.026238605154260
0.040755634057543
-0.032609826206710
0.060712387864430
-0.020047639112325
0.040957789600492
-0.008517348378185
0.006492584150485
0.033865502653489
0.074121554927296
-0.005859701420116
-0.009344896430423
0.116104976743605
-0.012154160116879
0.020083809667071
0.029546599183108
0.045548013172980
-0.021065163397639
0.028018976402423
0.066881173474138
-0.101391949161170
0.009328112780674
0.041036796519643
0.034760470870297
-0.018903644893060
-0.123614069123680
0.081302466612355
-0.008657826314060
0.012823694855833
0.071662546464126
-0.076540763680213
0.037485897119676
-0.078130364465976
0.013116716576842
-0.116685531587083
-0.043955263170139
0.057352655935141
-0.120632924137927
-0.022568123799759
0.063972885290479
0.015868101371916
0.073237672829301
-0.047781360618799
-0.019109734702325
-0.053779404868138
-0.022385890980491
0.071932926141787
-0.021482127866864
0.017577942719824
0.070413966972348
0.024041691113155
0.015259573844323
-0.073574080121114
-0.027623125275524
0.003514161634262
-0.038354963280033
-0.053870955333102
0.019856956550969
-0.002437025422456
-0.044362945233012
-0.038064817559941
-0.006694323799652
-0.047827402408895
-0.031354786274729
-0.041079799690251
-0.046531601360945
0.056627017059985
-0.049777873684631
0.053199343906311
0.037992271309380
-0.038373137960437
0.034234663025389
0.089526094069737
-0.026482649850975
-0.063953525121707
-0.060205869954023
0.000250974282007
0.014576436471304
-0.007055765560369
-0.030294495971924
-0.010540950993856
-0.049616987868039
0.013499216977085
0.077585710730599
-0.005840863704803
0.040062522317035
-0.029119137563599
-0.042865354560382
-0.088530418934260
0.026203607713879
0.056670807501536
0.048882422020165
0.075838217474661
-0.084078106588696
-0.004134212398275
-0.030816785570019
-0.070456749078477
0.016751044915481
-0.055205545846478
0.063697557532631
0.092835150335349
-0.024153432150930
-0.082620909754839
0.010897624892737
-0.083882366904461
0.030699925751299
0.084257395969242
0.018494542166361
0.028631686592066
-0.062620355526152
-0.016514599331557
-0.000540513887604
-0.085893599431197
-0.038645002099015
0.021393045873499
-0.030396926671932
0.005559466689486
-0.061501843472411
-0.114968133323382
-0.043853361554797
-0.081606549490208
0.033264302233559
-0.023469583482310
-0.035738414808648
0.102149952940090
0.055728316023163
-0.009226369225416
-0.013162195845121
-0.026618874820967
0.024434220474119
0.024105081357344
-0.038917370270055
0.062065569684010
-0.055884577671282
0.029640895293569
-0.114242535126066
-0.036021232258889
0.003705577353425
-0.023986364215908
-0.008804340096162
-0.028833088696898
-0.009259195686153
0.084250856429980
0.067370006657555
-0.009684795783749
-0.018890040809070
-0.021094916672116
-0.064194081399312
0.028234357641660
-0.028219885561357
0.001865080603386
-0.060774889081896
-0.080175480719954
-0.028969463926872
0.002251929162455
-0.026904404796014
0.092948848295617
0.042161246031286
-0.064944948909013
-0.145379238329445
-0.040460495552438
-0.054037696179999
-0.042369197915848
-0.003308385901799
-0.066945494425346
-0.031962623295467
0.044531074132763
-0.037963807762293
0.034292035501283
-0.014987362851552
0.076181795552617
-0.101666116785920
-0.019240056000869
-0.003397607732702
-0.000673177917392
-0.032907089595022
-0.035889525412404
0.002757670877229
0.110789491756183
-0.093569539564150
0.005091251929271
-0.009060646000703
0.057965312130236
0.058369264395967
-0.028537565877849
-0.123958561047877
-0.057234364284448
-0.002356228417297
-0.058086657174924
-0.050772151496285
0.030759618829653
-0.044418166069758
-0.058736128585309
-0.070599898547388
0.052108021432177
-0.132885428907009
0.002297759535973
-0.028677653367236
0.033112180431575
-0.029276875121920
0.006585028832896
-0.045250688756507
-0.115041130032494
-0.038463765403331
-0.015198121216976
-0.098870761147752
-0.003416894785458
0.040226372565358
0.012569781549204
0.020514300415622
-0.025361901182259
-0.004117635709128
-0.044871555088143
-0.003969142725000
0.030468078049420
-0.085966835102323
-0.025629042772937
0.001923728955194
-0.044258409648350
0.019119591696626
-0.041145053481657
-0.056188203488866
0.019514475548923
-0.024212453934357
-0.093720149731818
-0.063288975627044
-0.029705457924941
-0.054764587187257
-0.018268476905316
-0.003471963177185
-0.005882737928676
-0.063759917365934
-0.023403730704068
0.054198318273959
0.033950248201688
-0.108746046148211
0.076230064508786
0.020497349860469
-0.018630855117405
0.030784481203250
-0.022802971077741
-0.036054224997089
-0.016771787728438
0.028002275285722
-0.099686337100246
0.054797441520490
-0.062266091785558
-0.030270181956558
-0.027602558551856
-0.033010342731358
-0.017655349844826
-0.002677922104401
-0.025241832323034
0.053385832915299
0.106858061733856
-0.124293745710537
-0.036320543080919
0.019485865628847
-0.047114285484270
0.068136316948353
0.000792150016248
0.067696461364664
-0.076030861468056
0.023212088260330
-0.019819408262034
0.026072816082149
-0.037513990254461
0.005036461503087
-0.031006138005244
-0.010620273707793
0.002543638989721
-0.003160791907115
0.013412995930369
0.002295303346432
0.064040801962113
-0.027506852510906
0.033802725151324
-0.053945205465246
0.023883347888367
0.044655375298008
-0.056233155372062
0.004667633552768
0.025004279069186
-0.072414492221726
0.014616727061462
0.004283835761493
-0.009746980500164
0.004707017372479
-0.031291495352128
-0.002445967489837
0.029495457927103
0.049473460606263
0.027784779548302
-0.034364880039567
-0.004446308592777
-0.032063710718423
-0.028700084103651
0.075058578694237
-0.008250832371251
-0.012768382171884
-0.030006695592041
-0.007951412215807
-0.050766581811750
0.008291745423069
-0.040108125003552
-0.043467356584642
-0.042798408455078
0.024186988166986
-0.066104113389497
-0.048424358422812
0.081532447375409
-0.030193807257336
-0.017644843860524
0.103625913951980
0.064865035047801
-0.020657524766814
-0.037842060848218
-0.025073641993155
-0.111821334913498
-0.088399936862421
-0.042954194828932
-0.029905196770923
-0.034186774750863
-0.050151645316804
0.015831666127866
0.025828627650282
0.071920174587691
-0.006123045584970
-0.079219398978112
0.019926049386969
0.101255100917695
-0.044734295055285
-0.095698053284953
0.021541157792754
-0.076104700900481
-0.036478926541362
-0.064433323722814
0.037804681812694
-0.042794030500719
-0.008148850617106
0.012307579883289
0.040227733407314
-0.048443941103917
-0.000484072134415
-0.095217340956439
0.043145842513162
0.036213704718449
-0.039303386433124
0.002294036437829
-0.013629113535849
-0.042658960128410
0.049138538391948
0.012245578896607
-0.031799761985095
0.069924021561649
0.062605126016220
-0.034104142298374
-0.020429491663200
0.089753115617591
-0.013206592689779
0.030022689938424
0.015512131351853
0.039038519328645
0.030150777717872
-0.050486731553416
-0.047121592313317
0.049856717254581
0.078808615682973
-0.061703595649857
-0.084965840377492
0.010611863669150
-0.016246566607293
0.023939077667269
-0.027604993810778
0.040806525311250
0.032128469277841
0.071689563029071
-0.056606784444582
0.145713895495828
-0.065255995057568
-0.067398482270596
-0.034282230383831
-0.074675644074482
-0.049583686546026
-0.035476512598321
-0.023380027043772
-0.017802330229810
-0.093886315059826
-0.023323800730581
-0.096898024938090
-0.046810610717147
0.059483796288093
0.001674110484908
0.062825399020717
-0.006211034095951
0.038374839244182
-0.048920244465802
0.034835529510018
-0.035354571327862
-0.018432166228958
-0.021456522044271
0.032422850142350
-0.053660384333407
0.002266371214053
-0.004615327925393
-0.044223377032140
0.083067222500155
0.023583014891289
0.066228585338221
-0.110289696403317
0.014434487826726
-0.048236369429840
0.079579148462611
-0.026985558460964
-0.004163691352019
0.095862223910963
-0.061847159805985
-0.095315243663910
-0.035128387194913
-0.064104344885033
0.037259247983454
0.031826491944815
0.102689494745610
-0.004429527170783
-0.039773714077549
-0.077241050720955
0.025423979722804
0.100622622823747
0.012842302399560
-0.035422924941725
0.012906946840895
-0.009119509113373
0.049677070654565
0.005844714855950
0.026994545149086
-0.011921557441430
-0.006674762358385
-0.024034642511345
-0.004337732802343
-0.027732069418869
0.090643961045222
0.027842422816692
0.023312745575419
-0.058091422566358
0.093218170975342
-0.016158056288779
0.012290808878796
-0.010108754870546
0.059709757685182
-0.000817861868288
0.020425014536001
-0.033950992291147
-0.003993225457128
-0.026131568880194
-0.055143254385137
-0.001421995304999
0.034656063589498
-0.020595487352972
-0.089883515236210
-0.136688802343426
-0.055180486133996
-0.010231402053312
0.028538623425006
-0.073262495050228
0.033385299642168
0.029772843820436
-0.074088024350270
0.016429612251005
-0.083756293095742
0.009921201988269
-0.008636571009367
-0.042290174614095
-0.024681412438278
-0.003461078541869
-0.038367494566392
0.002224531987207
-0.009082283307461
-0.081851546093827
-0.053572396900526
-0.031659319750257
0.048337536730866
-0.011174769063252
0.044566757017232
0.020805593485278
-0.070499104683075
-0.059031687538352
-0.039977554863186
0.039891542007195
-0.102634308790081
-0.009328028332754
-0.044466784321409
0.089473902353261
0.089070925582264
0.020187726755550
0.033573019654279
-0.009364418800667
-0.071397904811746
0.032836031413979
-0.048855396594584
-0.017059787861603
-0.021165613888923
-0.027412889867042
-0.033570813653103
0.018746504664492
-0.022950604862210
0.005988929362297
-0.036120059453886
-0.027709110039819
0.032866974562814
0.063842972566438
0.033059520720509
0.044933506577983
0.037937637362589
0.101805040244476
-0.005117115754381
0.098665194204428
-0.074504867061892
-0.024278332372609
-0.055744852028045
0.021808494328285
0.054412119789316
-0.005428782304498
0.098833338465624
0.011584381308381
0.036143864967044
-0.092368273687455
-0.002187833584962
0.046365795666903
-0.035371362148035
-0.037974045660163
-0.099301914462144
0.006871510282296
-0.038772759372326
-0.043399688218279
0.038836454224330
-0.023754097216568
0.027985425246720
0.058085120128249
0.043380305068742
0.137919608363774
-0.040892914504323
-0.049132343033996
-0.075800654534483
0.072058135834451
-0.047414522276920
0.023560820672064
-0.052735252601826
-0.074865514065978
0.027591970195328
0.030232648682472
-0.071443225519521
-0.019217249620179
0.037719568365566
0.050864445159647
0.055246352562688
-0.076496026761521
-0.006847729678064
-0.097548827027408
0.029760806425975
-0.054277243043466
0.005334365709171
0.017897259354195
-0.033533235817924
0.025089380502172
0.048053926154860
0.077653039850908
-0.021586345649726
0.032254644816992
-0.001461904094846
0.049835142210834
-0.053035177021142
0.015077348201268
0.039773196549952
-0.000869748860170
-0.031527805666367
-0.004635006636885
0.063946738888437
-0.060328134888824
-0.083319171297836
0.031862582722573
-0.047679784359720
-0.004980160562715
-0.021948728574746
-0.117904789686357
-0.000196072875984
0.018767813565520
0.073736726774956
-0.031236352830970
-0.010045903297266
-0.068014634666334
0.073136971752520
0.070267996577053
0.065985312131469
0.016924389144607
-0.072557054374611
0.100380157103981
-0.000228741428836
0.028301060208129
-0.051260426330254
-0.062669573055484
0.009576640145132
0.018361192664856
0.143734716514221
0.030395673421057
-0.014325096487346
0.012511584860906
0.010282506383468
0.034170623074837
-0.058515034408247
0.036224260076301
-0.046290459188889
-0.003820743084427
0.041432138189477
0.043070479849670
-0.109155288605187
-0.011675110548505
0.024021023847108
-0.019886035655047
-0.052553540280771
0.056258803962634
0.022135590242449
-0.010246174865341
-0.033208906953765
-0.017841953097501
0.110363832008786
0.003381569246512
-0.008794762072924
-0.063278347584376
0.059455233330368
0.115283629400204
-0.027168710418656
0.048042099299066
-0.062677520065921
-0.025026609829327
0.080922489879040
0.010853403678414
0.069301374213653
0.003206184759731
-0.018381824047088
-0.002037052494623
-0.016549273396981
0.010543013451119
0.101680296433295
0.005898335111648
-0.059757653042104
0.023968236562815
-0.043049709819590
0.005799120015697
0.059046629456138
0.027576275606552
-0.000738256929546
0.004881638504484
-0.009332847526164
-0.081017809141076
0.133977679531413
0.068023822830847
0.011106079907164
-0.025240771589535
0.010954470526775
-0.078981572004490
-0.014207681982248
-0.055888723172943
-0.036067362168728
-0.040798887404457
0.012483860681437
0.114145097170950
0.018704110894377
-0.063421601801202
-0.009616901817546
-0.013884939817696
-0.012844889379938
0.018092771608787
0.051230701533740
-0.004809983611618
-0.051385665758112
-0.132871694197941
0.006436485663407
-0.009089851760234
-0.065405779412124
0.002199727240924
-0.036943056845290
0.009313184930117
0.041423141293363
0.037989095032308
-0.024320049010048
0.040067842284233
-0.053776897253814
0.036722410951812
-0.030411492655631
-0.016433533742194
-0.016603695962051
0.048944248328070
-0.031950132496716
-0.040528992918812
0.004121625251383
-0.081359435132137
0.001316909222843
-0.038079671818532
-0.083816236503505
-0.012650301102037
0.022579536294257
-0.064278602027009
-0.016348150297407
0.015459912334646
0.046114696540942
0.036248280979748
0.027717449281787
-0.089085060107523
-0.036484325420225
-0.003448893084634
0.032915044530774
0.008997221342539
-0.028059910586077
-0.036369996216150
-0.048930596087738
-0.053262561949232
0.023819399771747
0.032964961413113
-0.019251482654704
-0.012408782362546
0.018021354369611
-0.056859605040584
0.088688505194533
0.122982397755188
0.035877577093491
-0.134325796474509
0.009541021402776
-0.136137052831193
-0.029161247194407
0.012284243609441
-0.002237350746050
0.037737324302128
0.009737520729646
0.024625968032592
0.049524517095075
-0.033977418425489
-0.030451272066267
0.014741435657664
-0.027681108927218
0.000907686809140
0.024560594237426
0.052308395761760
-0.003470273149488
-0.018462995261073
0.020882293693588
0.063000341504069
-0.004553779039284
0.071702796904890
-0.074275704492213
-0.020080248783678
0.086611112337776
0.003897890321289
0.053381125456081
-0.007940403210945
-0.031091051270837
-0.014622984152073
-0.013132052122618
-0.109479417684406
0.060573785172206
-0.049829685054000
-0.069296024501904
0.063172857165025
0.000122692784043
-0.026679608011167
0.060743735432979
-0.102796172307383
-0.072178925655985
0.045898963897030
0.009467421297525
-0.009583699033462
-0.036901909788665
-0.041741321705537
-0.014290354438119
0.025833201897534
-0.042839299177391
0.006973172199165
-0.066801241302070
-0.075133028376202
0.100089485428892
0.048919091608546
0.060184175960771
0.115561359965101
0.053216580703086
-0.001330353392602
0.011583362378888
0.051011038349712
0.063988279042165
-0.052082527623800
0.126540100545812
0.067528499059661
-0.034568146907953
-0.006434609352867
0.042538224428394
-0.013062598463820
-0.107901044292736
-0.069314998697252
-0.014756331990306
-0.049341333135570
0.018028714482282
0.039032242601667
0.032844736071552
0.058081359862669
0.074615928471320
-0.056667673990461
-0.107762064222278
-0.078901896224370
0.083228199257099
-0.051375832153859
0.057278638010795
0.046594125332776
-0.020345531437023
0.042795938305947
0.036890623231323
-0.023759821008472
0.094263608935376
0.000411604566943
0.055747886947586
0.149497723682478
0.002390198671101
-0.026852370858830
-0.035651214501921
0.008158989479413
-0.067928774383471
-0.085687814951550
0.052478347536350
-0.021887775129230
0.112411673446426
0.035641861814289
-0.021503381930746
-0.066807177791844
0.015771692642497
0.028811316056657
-0.079176427014746
-0.110496776462205
-0.032934042246201
0.017311724518252
-0.106976053771781
0.055013578183528
-0.035395113407121
-0.062534116917068
0.073334302539358
0.073676589279283
-0.047171118441992
-0.069878978021706
0.003594264354254
0.039869492547375
0.023878145204833
-0.038637714333256
0.022877805433327
-0.085002727995964
0.021251581529484
-0.029852332570954
0.028111896033872
-0.042349517922448
-0.023054761625304
-0.040433874811199
-0.017689415871480
-0.006120456169426
0.024664736764926
-0.040434225812536
0.061885740549170
-0.036387552391005
0.040071333900820
-0.012780881429827
-0.012779674791086
0.006468165550653
0.007202924075985
0.078210985048652
-0.062485787803718
0.043206401436528
-0.083498469927913
-0.119942550968187
-0.000328268394312
-0.047971482757583
-0.012746541135371
-0.084950847625633
0.004242333998190
0.040160288005319
0.013054966042880
-0.010570081755267
-0.016635575964867
0.004780053380057
0.047874273065514
-0.009952825456942
-0.067099128787385
-0.024507626080297
-0.075088832201077
0.020641553901425
-0.039581897072030
0.015667338863590
0.062899926628386
0.055423700608150
0.028954618611615
-0.107404255966208
-0.026505513147589
-0.046270713213507
-0.071924283926306
-0.019252382524697
0.022771065182027
-0.018326310081276
0.023403965658082
-0.087595432378992
0.055934998066683
0.020292204797000
0.039533689509993
-0.056501609212544
0.065837724653065
-0.083517531377648
-0.108483363030527
-0.003342092939841
0.025012285563200
0.050597857015389
-0.008705544150067
-0.075702164019919
-0.031195888500512
0.017087219147295
-0.046845821727825
-0.052798619757508
-0.005211503840366
-0.020829382772750
0.064342546956917
0.071019316060826
0.008800197470460
0.033596537852568
-0.033732382129645
0.036425238891697
-0.048250028376843
-0.066588345252928
0.041252328341969
-0.134128589958771
-0.060136196853824
-0.039778715916623
-0.018347430585647
-0.012975748870362
0.013845010392524
-0.095349338310156
-0.005009905950527
-0.044559445176132
0.030097129750967
0.009298392035035
0.000635542893293
0.036812601992379
0.023429121305521
0.052298613469241
0.074381108802346
-0.020386209501989
-0.023982702049267
0.074766809451728
0.054291439562125
0.041332079869805
0.028050058974866
0.007410338222716
0.000590798609755
-0.059485498684291
0.038650327741685
-0.041237402564310
0.057741153775994
-0.031183427822893
0.009296343663923
0.086543010235444
-0.019159032549590
-0.010401436802449
-0.017267917655546
0.011306943742676
-0.045763920363667
-0.012112693079720
-0.089302311890818
0.045114111443121
0.015505465462329
-0.080957011044623
0.070235776080220
0.060982153158521
-0.024464527925558
0.066382312280888
0.055172072229127
0.006910425179690
0.126791307087229
0.027526088863393
0.063587592441975
-0.034883452671218
-0.073539848332238
-0.012127939860527
0.052383818771623
-0.075162422938663
-0.025120218062503
-0.042347263318109
-0.086886419332188
-0.081283236336488
0.100690674462139
-0.062743090933402
-0.064569862520121
0.087856235653908
0.010112812944862
-0.009870524018189
-0.037742384368249
0.052088078581993
-0.028582323847419
0.027482200396601
-0.034311717912349
0.067388607095759
0.016782788302614
-0.018982319560150
0.013570583933983
0.135388983336184
0.095175500432344
0.038254031146588
0.011942400712608
-0.069070691290573
-0.006868008787751
0.102931885063730
-0.084234363280151
-0.053851526292479
-0.027483034181663
-0.057481600923525
-0.053377406397790
-0.033491485865541
0.090486758717521
0.078806834811004
-0.060372537403558
-0.006823886572448
-0.050034526915950
-0.086393552262596
0.049106051860268
0.068988292923496
0.148657093394165
-0.027315779800793
0.076314549240473
-0.037244107733703
0.030897600473610
0.025210977546548
-0.022680808189716
0.032522291721342
0.023754270341103
0.031141890123763
-0.015900649887470
-0.006691376474067
0.057018886108868
-0.009497665888250
0.067374817752076
-0.012206360317758
-0.029223162269928
0.059099495789234
0.003350871849240
-0.031158807346592
-0.022768609358388
-0.021284904261575
-0.046877860165714
-0.018639362074234
0.019282447171992
0.067662916799375
-0.108095774853413
0.051987068711091
-0.055385822188859
0.061720939801983
0.006050525806695
0.046086466901783
0.061717445989404
0.071777671923914
0.007299863502179
-0.022881897575349
0.022160928693724
-0.030827502617544
-0.037993532959758
0.059925670263745
0.050349625778349
-0.060792735621543
0.053788897794328
-0.072470857281913
0.054035038536865
-0.010730101928633
0.027280482336623
-0.095997780791545
0.007567350738366
-0.043024354709095
0.048326525314318
-0.040653136402254
-0.090651086897981
-0.067894339647582
0.080894923011679
0.127881552901031
0.043144951844382
0.111692589606772
0.171417217075998
0.130752527729533
0.102962271227069
0.096441690603774
-0.006970360153586
0.041535244189155
0.035431669203672
-0.033021130062668
0.005496477496306
0.059479063415622
0.040734061668187
0.071426000427284
0.038847311669109
0.093611721205099
-0.003274109949093
-0.031511444183826
0.001382615459602
0.011144382821731
0.066360872219648
-0.059891655852557
0.077759437846393
-0.074664652564509
-0.013629347032674
0.028700755238926
0.004074913596321
0.067926812965934
0.085255174478917
0.041754020679770
0.068216644263638
0.039166868484498
0.059241468074287
0.055652837817040
-0.057711194640799
0.003749818256660
-0.044755709183832
-0.041119019012154
0.035161422205156
0.031175202336995
0.040277507322645
0.070762751465613
-0.012452664185131
0.019890012171599
0.024791995038407
-0.008782148821163
0.090763247328375
0.001123546901247
-0.108467555714888
0.025014579107956
-0.011510867629249
-0.059918531598511
0.038148669853989
-0.019567813360488
-0.030092254552709
0.024024116974264
0.107290409144666
-0.015109454295292
0.053017664294964
0.033057504923459
0.066055445133484
-0.038573119276619
-0.034478479616220
-0.037104282838977
0.033947604575516
0.108418897022656
0.028308022960746
0.058766697634931
-0.042647890874634
0.119503137713653
0.069018065429449
0.090803218329881
0.002606400897924
0.048332609328715
0.052459631859836
0.042623636996728
0.013342737771793
-0.003020517743543
0.048008768355896
0.071458251215308
-0.051630488788147
0.018872719872286
0.143991305906113
-0.023762319563533
-0.013817924455262
-0.097673616471191
0.084885331380886
-0.099984763806629
-0.008129026664164
-0.010265155108246
-0.070948811555569
-0.111696572054592
-0.093656138276086
-0.004203277016841
0.046853342078369
0.004024835171770
0.008776139249110
0.036524440705321
0.032070925841886
0.001142305087059
0.003499478257042
-0.001973053958035
-0.029200582788259
-0.060029151238976
0.007057794615195
-0.032499360831830
0.010961537417051
-0.036635715097835
0.011649456630482
-0.003968917712540
0.007841989955169
0.016416687137916
0.004990532844210
0.102665436197532
0.012603503313314
0.136896326402324
-0.068755736515925
-0.005657377917678
-0.030807272865466
-0.047277468082449
-0.035456548564905
0.030696917745452
-0.051014732235592
0.006340927781620
-0.035042248749589
0.005184201765690
0.054198176817046
0.010759353860916
-0.011514056838238
0.008128344728623
-0.122109452783040
0.020337589284529
-0.000406699340291
0.108709147284851
0.038154348796608
-0.013651774140569
-0.009645705308484
0.039394332854987
-0.031962552068803
0.018017435532128
-0.044027905078272
-0.070548034090689
0.014262059703609
0.007386604670113
0.024214870817553
-0.003475674211557
-0.054863462153677
-0.004019172365695
-0.025531905474104
0.075893520650710
0.017439953652703
-0.002877388229066
0.112300441019197
0.069651534159115
0.012967793256119
-0.019788209376186
-0.087267645137710
-0.004541701204258
-0.041992757692260
-0.038867976097403
0.044670613278485
-0.119817122693685
-0.028998620428662
-0.071589308434951
-0.006869563456918
0.032903128281581
-0.043821529922209
-0.045641560583620
0.030232610575402
-0.000364026535728
-0.086473053761695
-0.041499104110237
-0.073959561452933
-0.119310413903359
-0.044238612088900
0.015517268473246
0.013885138828369
0.132652464745433
0.040191356585977
0.035207116989358
0.059692105080938
-0.080329457367538
0.054659972720928
-0.075360520091787
0.014132628587483
-0.016582002259417
-0.082106557233340
-0.062212520670562
-0.034286852895568
0.009344943266866
0.029697426780061
0.099176224583676
-0.022105537851400
0.103235398288272
-0.021441336247333
0.060282323649941
-0.045118697302650
-0.013860958733900
-0.055449855799441
0.026594627147788
-0.063707154557043
-0.097469232979733
0.019494084928715
-0.028111228861302
-0.079072493593740
0.068713563791251
0.097877897864384
0.058675723773515
0.081314833972565
0.067125214036393
0.049219377419331
-0.082991834626348
-0.039820393123939
-0.111304656389018
-0.020410311912637
-0.003118641253191
-0.172664561935589
0.040594355783084
-0.063809570947885
-0.045253839860176
-0.008868497503664
-0.038855670693688
0.114086408885045
-0.000988935266063
0.120432272684755
0.110767188010877
-0.062183550742254
-0.041571995351036
-0.002715652777885
0.025245006605066
0.023261487315281
0.014851425535947
-0.005950884319240
0.092187464673292
0.085141153958784
0.014905403933666
0.041974270529288
-0.039503323032566
-0.018268388548452
0.032966830347912
0.008823690233142
-0.042406229305725
-0.048406718533853
-0.039845492160484
-0.055766540341380
-0.069521287874072
0.029465965654334
-0.059593804331519
-0.038793292911552
-0.047520262943233
0.036672988699697
0.061457241244007
0.025129399036693
0.028758592105613
0.038767305216885
0.067438660277174
-0.102937489875739
-0.049282408829639
0.016958680934560
0.098661616323138
0.092091039978581
0.033919922690200
-0.015183926203100
0.085175901339195
0.053884783685120
-0.060678894234408
-0.046884475759696
0.012214264672108
-0.052481077954614
-0.066287266491344
0.097211928019212
-0.022546681097991
-0.031672697253174
0.017662188556183
0.009811882665563
-0.024343647000020
-0.034399707815862
0.013928249463234
0.041312029214769
-0.073431780684970
0.014891692610414
0.054530991793464
-0.008433129328488
0.013098438524757
0.066181484246496
0.051116608908785
0.102018373553782
0.058319249354756
0.003554180020039
-0.078367452627254
-0.066194147605138
0.064898135781628
-0.022504112697311
0.018011878518829
-0.133871899652811
-0.052800441029480
-0.066025192002855
0.027933805081236
-0.033745967081959
-0.038059697299674
0.061288500619047
0.075770184127224
-0.034927426759056
-0.023350843920983
0.010911253105753
0.005053684037991
0.021908109257370
0.003765258830381
0.065190015507979
0.000830272383707
-0.021606962098711
0.061559335157666
0.044078811362889
-0.003642357190695
-0.028383223577688
-0.033303744298431
-0.008982881035935
-0.019082927375385
0.083684768912429
0.083525383327850
0.065308913704302
-0.021987274174866
0.008873746546573
0.032047850152721
-0.014828560634121
-0.015017566236614
-0.037517515395230
-0.041377387008548
0.049103445738783
-0.015627596048166
-0.058828895056456
0.026273379498409
-0.000340488596547
0.003305464815501
-0.011268748480821
0.005494141911984
-0.010829706699819
-0.073849572865616
0.086269643722659
0.147862724117816
0.152976067659507
0.004964239719138
0.023797562063770
0.028426163028059
0.021848287752756
0.046429438312772
0.017810096759714
0.027386704909268
0.068117810868774
0.064197906149012
0.010159097516569
-0.033329076243832
-0.011090904160027
0.022473641372484
0.008086471527914
-0.036234267036415
-0.061489689838007
-0.031922375677025
-0.068965840265987
0.084707872531424
0.055271747814410
-0.038558673813421
-0.027164423386608
-0.003122470829852
0.045800965580888
-0.025830535932078
0.117774475563651
0.095231310356935
0.033396087553989
0.020934799163284
-0.046728772802652
0.068478068070480
0.052793382971575
0.003338789425339
0.009897213012937
0.059843053382348
-0.014391176467668
-0.012790070401195
0.028894051192340
0.088562484467284
0.061110414822315
-0.022077872738181
0.010492266160999
0.063723594829262
-0.028836273885463
-0.021377589475478
-0.025358326420898
0.034823484330265
0.016816440663308
0.000662537338800
-0.001220556448554
0.031862101250194
0.026846226095559
0.033121935471071
0.060923029201183
-0.040276671707549
0.066622654962236
0.015280709655184
-0.064394056509732
-0.057324845502237
0.072289717663368
-0.008610067151739
-0.016594060421278
-0.011103235516186
0.045185705162285
-0.008446003776759
-0.004136328141181
0.005747450904159
0.017583459811431
0.089049876466547
-0.061957153995083
-0.029873978420550
0.037694013845952
0.004540505308556
0.036703952932385
-0.014424534009664
0.005591141616721
0.071422225702795
0.040849779875417
-0.022531806330341
0.066456340832039
-0.015529377119719
0.028139899064240
-0.067780218716042
-0.020625089619627
0.108729446441033
-0.003257877016154
-0.024292035990440
0.073059319757553
0.006617776611290
0.078334034591485
0.046472974022813
0.009850087968724
0.012673609835837
0.031429330828841
0.072751575199473
0.077669405973353
-0.008896149785263
-0.022845954006966
-0.102509690972541
-0.163162989581119
-0.003316055203654
-0.079170299775607
0.018579707258969
0.039951387660962
0.010270546138590
-0.046342394863614
0.029065852526314
-0.025986555046889
0.105948559943052
0.025341676285832
-0.099101679904336
-0.044834149168456
0.045191806638317
0.065158763446374
-0.051394220995586
0.034794464729823
0.024106817537229
0.072734023614345
0.014007848489129
-0.066004047280731
-0.037449214754752
-0.014487097711191
-0.055870341987992
-0.029367866478630
-0.030671938758787
-0.040334860649980
0.023134294455592
0.039080522582846
0.078998961360324
0.002211510167452
0.064192988032421
0.040888332728553
0.012669452490048
-0.000414571407658
-0.109226681159016
0.068892855672751
0.015437105815114
-0.046776619634055
0.005246968212279
-0.028420614096247
0.043262648405987
0.015035865137981
-0.019524014462213
0.016846217288272
-0.020795938458543
0.038227646806611
0.028496800798017
-0.031970821207321
-0.085224201054192
-0.038470437689544
-0.003320052693820
-0.043752640522049
0.014726374169828
-0.020509178710195
0.001195833535703
-0.054147889468518
-0.004202426261002
-0.031843209137342
-0.078620340243668
0.094362039043526
-0.012862377538074
0.073131248295964
0.021187766593993
-0.032616087473500
0.054487260274976
0.040984422023690
-0.011938971192746
-0.051372578586519
0.074232818146961
-0.077530818605677
-0.105183182928652
-0.006086987280396
0.098313340398674
-0.050562807980093
0.065763371805457
-0.082205152268765
-0.014184018500275
0.101427898499520
0.005725216220839
0.051993246832108
-0.021455202841279
-0.048909239736053
-0.039728517625856
-0.095972446674478
-0.106425319511000
-0.013186680938002
0.018339406162309
-0.046741193031324
-0.026764711628722
-0.046074896783478
-0.038254950140125
-0.061538307681904
0.076830117117967
0.009608596265987
-0.041398962073837
-0.000053256541333
0.077518212011701
0.034371815252228
0.009729700519650
0.061908758621342
-0.022217785855309
-0.001157769848749
0.029173651402412
-0.025973710072216
0.044938223906811
-0.018398733778816
0.034174954857820
-0.008924249755747
0.026485439862483
0.064123516534979
-0.010617132290161
0.032940615357401
-0.067501262090104
0.004840216130279
-0.001048867929467
0.099667780451632
-0.000378174300776
-0.036360994648771
0.033750322968004
-0.034461822268400
-0.044580461059817
0.054955890752849
-0.018814371405604
0.037094572617755
-0.027354944154640
0.025031590144779
-0.022497170011094
0.048736039959825
-0.055268932298278
0.009008576899019
0.002490950549379
-0.009753997292437
0.091864084990187
-0.041104302420935
-0.013274641584163
0.038802856835815
0.024239359101029
-0.049303292355437
-0.051308142975450
0.030846199327935
-0.006845429791590
0.045976498792061
0.035062219911888
0.057189431370050
-0.058751486569829
-0.005309995452279
-0.023412290410059
-0.011521202387856
-0.051600251160761
-0.017916832252759
-0.006897870417432
-0.022400003628105
-0.021039609873254
-0.073940948930961
-0.053769330836305
-0.059525889153691
-0.088505293952113
0.059498390788863
-0.038317156553897
-0.024957268097592
-0.046227166223172
-0.041279097945415
-0.036839097330864
-0.022822487664841
-0.082619071074292
-0.042735764774401
0.078692412151628
-0.050480437745188
0.025680609583182
-0.012442689371171
-0.027116069877151
0.072762709301716
0.028362633052248
-0.008581288881249
0.048818582379404
-0.120063201875974
-0.044875813344105
-0.088467012111146
-0.035606965783053
0.034917891825131
-0.013631812747463
-0.020066427877882
0.143559145887824
-0.035400915552607
0.073952083922904
0.032923370363564
-0.025609998846522
0.086982395668390
0.022173525648189
0.030101573127294
-0.103294112758381
-0.000073992994840
0.052529573881189
-0.027176253376808
-0.018302314356917
-0.053620545920491
-0.084096625783865
0.001122510849452
-0.082970446120304
-0.049186691452689
-0.094854723841660
-0.036354934278629
0.015946751023551
-0.006208508411834
-0.041782619423492
0.087737566803468
0.021170914214582
-0.050508046336500
0.004338920807916
0.038808168366471
0.048267613781618
0.061513942868492
0.129416983050433
0.102178307762965
0.083319018776777
0.105047178243277
-0.000533924124991
0.011544264027895
0.041013693451685
0.051171326104357
-0.053023310404845
-0.007534681846189
0.040113160171971
-0.074241269974973
-0.098592258324424
-0.066883738863848
-0.029136807396550
0.035268668665697
0.074365761294615
-0.058500466539971
0.031133086115930
0.050352914472550
-0.013753159759027
0.042913858960041
0.043514163266909
0.096799575205979
-0.013671040192922
0.117356136685105
-0.026313359938457
0.056404771923551
-0.021389837805669
-0.048427333918691
0.063274577517890
-0.025860064524063
0.068128369179356
0.033787720584432
0.000173278333102
-0.031713609547154
-0.034757477947978
0.027322318648859
0.003224943616648
0.029639341677401
-0.087023335766478
0.016191608772708
0.039817125760756
0.003959694536946
0.027665387715674
0.110209566421550
-0.010953506089378
0.033168112910162
0.002887455285443
-0.140083189388248
-0.023064550814098
0.006664214757020
-0.054788442998509
0.013138446914422
-0.122418758888076
-0.015279530426962
0.031364370692566
-0.019397307731089
0.090895422154324
-0.047572277208270
-0.031671277157369
0.016261409715696
0.043758459086177
-0.045054582370397
-0.027344584040748
-0.059547288975370
-0.042031193498663
-0.020537439846026
0.003785741961650
-0.001519728940496
-0.079610474125615
-0.020924289915247
0.023108641541100
0.081018324884459
-0.050738135994538
-0.035218749798987
0.019313358039985
0.003888689684692
-0.078134014863132
0.021953489875247
-0.001493133790144
-0.068543436869865
-0.074216510511384
-0.083768233842227
-0.098774348848018
0.022799439170973
0.007947647035692
0.022646370896732
0.181332770732524
0.091161404621280
0.089619316423891
0.061733012023312
0.021497145362966
0.029797268141302
0.021318613870653
-0.023878330874610
-0.033541942499734
0.054126942538975
-0.029674812866080
-0.032566516175364
0.103823505132869
0.064798476036321
-0.031618988493649
0.022603509330955
0.019605368189709
0.020469453612491
0.011130878061159
-0.031845288399202
-0.087339093547744
-0.055223951600034
0.057481732959189
0.012952232035651
-0.109451592477012
-0.074326935800886
-0.106695354662935
-0.001637528420123
0.027030001974815
-0.003416846161767
0.125266085998279
-0.074581681813878
0.042850099079495
0.126892954907889
-0.004211415356722
0.081320202321496
0.050550050830894
-0.071473889470818
0.027215074557235
0.116445866442552
0.036196019904651
-0.020948998272122
-0.002697358013184
0.006597620323231
-0.038400052593130
0.005313626681033
0.093037516209291
0.018270707634450
0.059212149470001
-0.003874825263011
-0.083622495588522
-0.009390682482840
-0.080202248604237
-0.061194452913886
-0.017234835242142
-0.028268761344786
0.072506113500665
-0.020546536595180
0.078787572539457
-0.032527300491903
0.033632313475562
0.050276207233104
0.016604552780997
-0.023481870344166
0.035728640154785
0.022325328058197
0.069357963169459
0.059254664289320
-0.027337131014341
-0.083452581037739
-0.057199347867766
0.034705448786030
0.025916432702249
-0.133112379083620
-0.025401867599562
0.000295299346630
0.087454185115438
-0.021462540244988
-0.074523143170912
-0.096342266844942
-0.073201606370174
-0.023510857921993
-0.029784389184921
0.037130512970281
0.019739078176535
0.066217471697343
0.013720986767455
0.114592832182410
-0.072802543973018
-0.012264313476288
0.113167385800406
-0.057349923873151
0.049038069647497
-0.027040807167523
0.084865960697583
0.083323790246809
0.018823219700343
0.014261843292199
0.065149793511637
0.006154882577968
-0.034616384430554
0.036823472200230
0.077036145064086
-0.035934355733573
0.027737041656473
-0.075444041267128
-0.096300716236717
0.041469631617575
-0.026743197303044
-0.037000990637698
0.014252784298690
0.057786105669784
0.053805645640660
0.024142418197831
-0.041962441015588
-0.089347477455855
0.040293044423310
-0.015569900099365
-0.115553076605981
0.012256704334509
0.020156698074158
0.001413914745252
0.060955691901796
-0.062862794606172
0.010843778766839
-0.021540319100459
0.046149684783327
-0.023932559488447
-0.016777664084504
-0.002401272610084
0.018385408235588
-0.034150663552038
0.016164460923479
0.025646065873146
0.028252811552396
-0.049524517088681
0.028767399382259
-0.045699191197751
0.064811160172077
0.076345565538540
-0.067813777125209
0.008156496554585
-0.022941774200766
0.081398896088167
0.042198858283425
0.106788987683601
0.012944037570128
0.110931841669581
0.016150925330299
0.068443532412346
-0.044448109258838
0.009585527894289
0.044313961795020
0.037695223822583
0.023012409374615
0.140027403658581
0.024695581193727
-0.026317268524910
-0.011279206731081
0.002156018302787
-0.049769657954048
-0.037578142545399
0.035362328925681
-0.038254507465645
-0.036691381191909
-0.035832609515510
0.071311346173246
-0.006266084425029
0.070626276660209
-0.007829319344942
-0.029315484539506
-0.028859592952879
0.108923462942903
-0.023457643140607
0.149885793559032
-0.046362447956147
0.006062854459623
-0.030776540089056
-0.069592859113030
0.051549100487126
0.012701627858215
-0.010336753989996
0.059545727521229
-0.065600349898470
0.061512025622799
0.038212177113450
0.011506711854268
-0.069915202476084
-0.033011181516714
-0.035430957913034
0.001426867883731
0.009988625080734
-0.039733197748120
-0.040167220600809
0.052197036064888
0.054248083629305
-0.093775106691041
-0.051727938871016
-0.100129991571194
0.012986264027294
-0.053456723439609
-0.113839461016332
0.018329999666977
0.049683043711036
-0.050291876014883
-0.083254040519183
0.010264833539810
-0.023386399880965
0.039738347920168
-0.007985056490994
0.049585483878318
-0.033000866216512
-0.044867931375129
-0.025563077846471
0.037683754831524
-0.040480196791291
0.100535317105767
0.003309491493735
-0.002339300908616
0.070979253987122
0.088037964809852
0.047807628497397
-0.078755041397055
0.012493699972347
-0.029922400903920
-0.015472667491280
-0.065863406826636
-0.052187742282474
-0.043928782692066
0.099876684845071
0.005217134857307
-0.002710041030279
0.072122141880550
-0.071409742900188
0.003774656916670
0.037250563937232
-0.077205376846347
-0.082198680835696
0.064624341575281
-0.010544275744679
-0.028878759951464
-0.076957929889923
-0.044623109212372
0.085066586953188
0.047864845038489
-0.015903397545085
0.006544206439346
0.011929141645615
0.039622164280547
-0.039109614200378
-0.002336468390840
0.043647005441077
-0.025305189466601
0.040650452618702
-0.058451005138489
-0.091370210955486
-0.009876599300461
-0.036446541786464
-0.040122416570175
0.010278247759344
0.039492195705464
-0.030808921358775
0.047173668551828
0.079718510023151
0.008982505257995
0.000986080598344
0.000778532958617
-0.096781468377617
0.110411425558262
-0.060554084322669
-0.009728351441447
0.029258289798984
-0.011172478237095
0.030007058295742
-0.077963115382034
-0.001276328524252
-0.090235170319720
0.031035737525390
-0.035252258345046
0.036105291073091
0.018811854935339
-0.066766196737820
0.055101232659564
-0.059628991478382
0.020116362462090
-0.038953820578922
0.052374027601033
0.063172881760574
0.022190086043822
-0.047457264805601
0.015951656560656
0.017965864339442
-0.098130388204700
0.025767678018849
0.027045584725408
0.082360955297164
0.032444732189891
0.077520698984245
0.009257815469550
0.024930609884561
0.101449565368025
0.037894202369020
0.000828206822948
0.010560187989397
0.078100616586789
0.069240553757958
-0.076666931660075
0.042872551606652
-0.027324114784041
0.018181623609738
-0.034380292339907
-0.050978623053934
-0.017317233288386
0.051844510452882
-0.064644778738611
0.002834571345866
0.025153848239972
0.003567258083126
0.007006424369098
0.109209720105550
0.012193623799280
-0.087670266509857
-0.011152081154481
-0.082869087227385
-0.039733139363405
0.022543896553304
-0.017485262576680
-0.079243948710364
0.083778671165475
0.126919444719500
0.079240686413207
-0.014927597884638
-0.026910882932105
0.028027552983778
-0.022745410415918
-0.013897000467125
-0.020618788919215
0.043729378389349
-0.019725106876452
-0.019529299753262
-0.055576820698263
0.014008169432874
0.036678522103005
0.024159026230541
0.027351924310857
-0.012116285154643
0.063635347988737
-0.054052357954216
-0.082947487448086
-0.024252414216811
-0.036120137171549
-0.055263088710175
0.026273820844650
0.036020464786150
-0.049082916844993
-0.076633668692327
0.087294040022710
-0.005542519759349
0.018923572015709
-0.134827276873102
0.024119054457782
-0.120546579890998
0.004920665196875
0.019580092482657
0.021719186482317
-0.018869902575700
0.054168933856342
-0.104181293882830
0.064720670011943
0.004544535442832
0.058964920097958
0.036492615482409
0.046358306424263
-0.043261521688318
-0.093030657032258
-0.039658939382852
0.025329564315609
-0.013972675783835
0.010739886047555
0.027177776885112
0.050574329063859
-0.037913139061630
0.110972448983710
0.067065726607394
0.088689197534101
0.047857691549671
0.026326770831119
0.110122622538587
0.059008169122605
0.088798632608578
0.042913397562772
0.013806280390514
0.142729718688947
0.097785417192896
0.010085153395782
0.021753987042758
0.023985279758962
-0.061681334137360
0.098395400237492
-0.002273789135354
-0.019975293648095
0.013354567263352
0.024556611629864
-0.088035734222226
0.017138738776288
-0.091734140084744
-0.027332446622610
0.012921999796261
0.030741997829715
-0.023498075053338
-0.029329160673055
0.030873853720283
-0.016719529258312
0.012282536064208
0.063149576777877
0.040493392868082
0.068945289762891
0.112726939639028
0.103184905108834
0.083395556382163
0.014475361378442
0.053769236659073
0.082386648921114
0.017253055165996
-0.015205065940672
-0.040736515429332
-0.041529529881057
0.056021977128415
0.004318529967752
0.086209986488667
-0.083738862792791
-0.024413392853260
0.006042254585213
0.046130500993114
-0.059156467775922
0.061153466702799
0.059210372754668
0.002621703591947
-0.004075392572669
0.033234597991870
-0.034733119096431
-0.035124989385342
-0.057536716260438
0.109013295595778
0.081380754076707
-0.048641160680725
0.020270541470042
0.028150300891804
0.051773847522367
-0.027511344295897
0.152268630814064
-0.017592432086492
0.056847475989057
-0.005998342220284
-0.034374487321543
0.130715154954939
-0.075355990866854
-0.036394534250496
0.002895944464213
0.041692492339323
0.073095201676365
0.024778492558817
0.009942554413875
-0.007171028075160
0.016337022022289
0.030797357333506
0.059564218854272
-0.070367582467059
-0.010592302984438
0.019667901281585
0.140861219670300
-0.125449588155331
0.102475730087218
0.005662877180668
-0.037001444753804
0.039162115776474
0.042130135719813
-0.039382491050215
0.056465683041965
0.058085655158205
0.066266124142156
-0.022770322932937
-0.001410748257926
0.083142847480552
0.048085872678407
-0.040498481488153
-0.015125332769158
0.019935804026194
0.026042228191174
0.082336892568214
-0.016564783020664
-0.057363548307030
-0.054563633011738
-0.107261488769932
0.036046930999706
-0.069596561450554
0.044054339395007
-0.000222107160377
0.052270276617283
0.019250462672329
-0.075140971393463
-0.015655818899087
0.011439115634050
0.020025867600585
0.037726880616312
-0.067338015829766
0.025865274190011
0.013366912547401
0.009978029693765
0.008370589552015
-0.027996557011793
0.040033456476843
-0.103711390672818
0.067813805158991
0.038368338358068
0.008312957915643
0.057329221088754
-0.069146688647950
0.054191283443381
-0.047041690091731
0.043794028156918
0.036774452938525
0.046242127739276
-0.016925278676707
-0.082693233032719
0.002700054831642
-0.020061615598386
0.032163326727143
-0.040922741160623
-0.007439416151433
0.010552973112887
-0.025674078992196
0.149221249448259
0.016501841106556
-0.068532756970433
0.047136731066430
0.138429613370295
0.051773034904542
-0.014052849420360
0.052415791257589
-0.056028945382236
-0.089176562407544
-0.036933606604112
0.078195984538765
0.003857836151317
-0.028480699899392
-0.050561061554644
-0.027769206898771
-0.020683563352796
0.029296045494270
0.006818748988601
-0.003290191804692
-0.025632692054362
-0.025521665992196
0.070888531183278
-0.006606799038357
0.063364157847169
-0.113247701449404
-0.041871943771075
-0.125139392418412
-0.042382085167092
-0.018938233370970
-0.044462350095198
0.018017451491860
0.039202898710111
-0.089059843040286
-0.043450086867473
0.050279824120613
0.018386534361152
-0.039014733479550
-0.074022746924412
-0.022717720801988
-0.046126174410053
0.043856455902442
0.077370794284266
0.063998217376313
0.055015555693630
0.002734775836813
-0.046922880478521
-0.056758461374912
-0.017151176753007
0.021980547104568
-0.108552541374532
0.025698187906179
0.026161228490174
-0.000680093451903
0.059040932808362
0.006919056455083
-0.010195398244340
-0.021346741421533
0.022539796135317
0.020124317122029
0.127267813350405
0.045551107785416
-0.010794926365893
0.081518336994828
-0.018073356560628
-0.001854614360862
0.041138117131633
0.067934728504898
0.022158682852684
0.056270274688098
0.035805625750665
0.023220863454022
-0.043624682163071
0.057269657615446
0.001278438908625
0.022629707880662
-0.004808884530154
0.010974831535597
0.050928604649304
-0.012582601834686
-0.044151988440566
-0.027145372134406
0.052342729306226
-0.006490273822794
-0.086725479812201
-0.152196167829436
-0.037418198419116
0.113406320316566
0.131727380667670
0.083907687052218
0.015383463238788
0.099801086160044
0.026003588068969
0.126131739646146
0.017972071786929
-0.062672718433743
-0.012567708896890
-0.047072584138951
0.033453365679119
-0.006989388848314
-0.014158471107300
0.061480220793602
-0.121717995706185
-0.086410522467691
0.022203119866455
-0.010369780097283
-0.031953339234473
-0.046502907684239
-0.032637015709945
-0.104177952758191
0.047713112555711
-0.004110236752911
0.006359744893964
0.087124885980243
0.004586983319269
0.016416413904262
0.003404707106023
-0.028855523944141
0.045151012928719
0.007137918946138
0.015068845655533
-0.042948041869276
0.072719018909597
-0.028126658381573
-0.064234212900160
0.014396308533940
0.003091154986722
-0.013200485439947
-0.030532975796418
-0.026840589592523
0.040180798021734
-0.004127809698201
0.045298975745081
0.038786176867023
0.097287917545257
-0.088316338522369
-0.002289854140660
-0.078306588391445
-0.009151962513802
-0.025520383502030
-0.082393226002919
0.002056786619825
-0.007823889866864
0.081958462357266
0.002805140107271
0.036190421039806
0.059517539464599
-0.025489790765348
0.022486766595762
0.001977729665090
-0.022216923985370
-0.110556651386958
-0.031625074604281
-0.020977897345105
-0.050620128543800
-0.044419954385635
-0.017244736593148
-0.040120206459026
0.015509557023296
0.004241613610113
0.010272689590652
-0.046993379776652
-0.012165695979211
-0.141411895077497
-0.035994348237149
-0.076217705013177
0.086246467919674
0.029222319939769
-0.057901026012561
-0.085692561580265
0.006237912717773
0.037771164872820
0.118891832236577
-0.024872224491006
0.037828114748255
-0.066224211317414
-0.088975759997252
0.057446125800584
-0.002274487049471
-0.004113097926643
0.098591294189808
-0.043598715421328
0.125437393954753
-0.002149232803055
-0.045499131982326
0.090466509901036
-0.123476780813612
0.042483498106895
0.122401066917380
-0.064117738856810
0.018929396436057
-0.042802575003664
-0.065114693311725
-0.021055110873396
-0.013068244035709
-0.013660786099463
0.032022843297616
0.059015504073355
0.033398070726201
0.039845409045989
-0.012215498925169
-0.088783306956760
0.011894574661480
-0.009052090730040
-0.047550388424391
0.005992075038405
-0.030717190827319
-0.070163011425500
0.051329295217228
0.043034831356977
0.035858557563415
-0.000437771253526
-0.028810605938670
-0.002844524176825
0.062485496158325
0.023336412300547
0.084079429911310
-0.031320234318738
-0.025046916705277
0.048550116464430
-0.062623334497288
-0.012584095620695
0.045959509702415
0.026513989007325
0.016832381484403
0.091892086126333
-0.046686510069194
-0.069734183971373
0.030406895394204
-0.058803038320842
-0.052884323688191
0.058091577291499
0.063367010772419
-0.018358027638551
0.021417630336680
0.013857822349684
-0.066484272416300
0.033050683995243
-0.023593421072226
0.058280217569671
-0.064033916366571
-0.066412692711951
-0.005368816893301
-0.101610847890696
0.063888333992684
0.051690637275263
0.015527352895660
0.061481637547228
0.053003248251046
0.015927165929464
-0.023876889069539
0.037657667126010
0.011150345005735
-0.027326248875131
-0.078318895037246
0.014771056884545
-0.029048321743146
0.057358455348832
0.070920313807091
-0.027780178681692
0.102303750788696
-0.037708269638349
0.006673638908672
0.035177706364175
-0.006831184884050
-0.038593110357460
-0.017761829139621
-0.019547485012709
0.006601674887884
-0.018826999980843
0.019889746807354
0.032569285410856
-0.003598300537289
-0.001172933208289
0.009306803000171
-0.038090033906525
0.063397359825216
0.128563173452144
-0.029294444957289
-0.016184286005254
-0.032755296974764
-0.011588570983103
-0.026355299598740
-0.025016303784734
0.077630311013918
0.101251991026986
0.010480776681763
-0.037132928848028
-0.007986243854332
0.051637927124457
0.022595723910675
0.031985797799086
-0.069377473389435
-0.067856736857697
0.049695432520084
-0.010041251973002
-0.064998521194910
-0.066743744547539
-0.038182808989219
-0.024926087228698
0.063457752860393
-0.013733232679513
-0.038076037082480
0.034558434878479
0.002525865777340
-0.050201394318168
0.066313575087990
0.119687283628961
0.046656403185794
0.057111361162694
-0.009629170392501
0.006963150440725
-0.076530480825664
-0.141293748508191
-0.062020024645522
-0.053987208948902
-0.016380081742854
-0.042425421623499
0.005735842587369
-0.039699774367565
0.021903587671935
0.139531855502073
-0.000152366567457
0.071107198853042
-0.044288448201828
-0.108582384839697
0.070445741995511
0.012514568172727
-0.045051473346888
-0.027577432452726
0.034165686709142
-0.026091014940996
0.091853562727871
-0.054645858703948
0.041449084826968
0.006619248253431
0.067408812977403
-0.013541755022561
-0.009917446287820
-0.004094613714043
0.076761281042078
0.084192677062770
0.064478540267673
-0.009211806123315
-0.031234743492293
0.001758659183594
0.009978388971457
0.088741644566559
0.041948050666597
-0.013547611763618
-0.006809489335674
0.010485065633501
-0.042318986895359
0.026188767656991
-0.020018165698569
-0.014575777307875
0.071393102540360
0.041425231566925
-0.002114753458655
0.050995901153697
-0.008260368863751
-0.007343493295315
0.079577155438183
-0.073313128971499
-0.064637371634255
0.057999671160427
-0.033096154281140
0.003345395151611
0.073903160652482
-0.038950244326741
0.021884648981366
0.086207616903840
-0.008566730044401
-0.098660679664012
-0.042204984748180
0.146266830155872
0.065941825512455
-0.037730782847385
-0.000100113476240
0.008134429759348
-0.002290797239120
-0.008489939532348
-0.002609248885303
-0.124397621649559
-0.019817870907168
0.010036564107317
0.116295462041100
0.033419569476033
0.036964730776796
-0.014724334491726
-0.029382087415927
-0.029072160488044
0.041841757050670
-0.056384103498614
0.024200574492390
-0.098364279380625
-0.125825544609738
-0.045561454477404
0.056308399902240
0.002484773478077
0.057119097559399
0.049392432765770
0.002534016502653
-0.045053643251207
-0.092112728851224
-0.055686392879272
-0.092072398262277
0.044148443824122
-0.053880907547399
-0.025332958930705
-0.014486438982856
0.025724358105709
0.127120459114078
0.014033862015199
-0.065393437193456
0.056189707867755
0.023887731567768
-0.056482967598504
0.013371702670954
-0.042964895543846
-0.066384036449496
-0.093385439014824
-0.041766139228296
0.012197422294542
0.058189534732372
-0.036280023688929
0.077230375666444
-0.016648547468345
-0.034906876832604
0.024219070945389
0.012771192968644
-0.048613711344928
-0.099705275036884
-0.046542256805281
0.034169861881486
-0.032122959496569
-0.088312811043366
-0.007498689769250
0.005754795376260
0.033567835641084
-0.004064106700191
0.087789017768297
0.041138309831595
-0.015159642257732
0.006582690140683
-0.112691430711818
-0.047388493492710
-0.118942668772431
0.018035566440218
-0.070201153754331
-0.056166856843868
-0.036406524085446
0.011942959757180
-0.001603968454623
0.036148388027652
0.006416037105947
-0.022258665912570
-0.076492719603826
-0.000658702822844
0.029032892314662
-0.045038658621246
0.007749012673333
0.025840591993327
-0.019573493987133
-0.023240706296697
-0.061796012615082
-0.028629403082466
0.021845846394465
0.047026634455829
-0.020995912281082
-0.016842375278168
0.038081872121054
-0.091284626947075
-0.008059015052981
-0.108896168140978
-0.040771035303229
-0.050645016330804
0.058782861452217
0.087881130458865
0.037492657956895
-0.040267881285332
0.026603298842511
-0.038194417642901
-0.054943237635640
-0.045949325050028
-0.032538661424309
0.047947093547782
-0.009303150639644
-0.001159472627927
-0.045799546612255
-0.100695166783247
0.007567901049347
-0.058683857918502
0.042730349977595
0.034731081056652
-0.025348132944680
0.050351957709502
0.045666920854286
-0.034755641754046
-0.023515832570927
-0.038841346756888
-0.050077968351460
0.039401227920055
-0.046293852862938
-0.074972267242001
-0.053221803022513
-0.038434199552515
0.047908975770861
-0.013717839526878
0.030887961624215
0.048663916770942
0.077711745503033
-0.017685338377108
0.086532709661811
-0.111642973454601
0.072872103664451
-0.012215336542864
0.024976789581568
0.082037595479469
0.028421890852864
0.012359121680640
0.053845954218370
0.093577226430119
0.052925772624216
0.072606607225209
-0.046299462498601
0.068606052684462
-0.031385126134766
0.000806968210203
0.002152937631147
0.033959944333221
-0.045576525982721
0.053812627542696
0.051033469066789
-0.097447018965400
0.008665158056835
0.044353660683375
-0.093897709307685
0.005158599116114
-0.010271913223306
0.039260861218140
0.036833815215187
-0.024759925138106
0.020325297449414
-0.110498842278787
-0.022986829041042
0.054258592987477
-0.013519552097284
0.002630467168615
0.054251060023202
0.013697251224346
-0.030498391616024
-0.035628035966530
-0.011501953836636
-0.037789957707924
-0.001217483912062
0.041522863376135
0.011150764373491
0.019322123703081
-0.021755294435067
-0.013227861896399
-0.029196894423232
0.053271118899463
0.103422108004758
-0.037854930757865
0.015506582302957
-0.036479690599272
-0.023790006637597
-0.014869364221046
-0.089384372798992
-0.016195224699544
0.062525209847354
0.038819095193420
-0.050684703274373
0.012188942487132
-0.050932196970574
0.056848368730611
0.075914265621887
0.004698035947630
0.090071016854763
0.003249562362784
0.065383523869344
-0.023485540309158
0.052073911653024
-0.051395159992903
-0.026051242484911
-0.043506489839305
-0.000826465203093
0.047929923764287
-0.017739961240090
0.029301462758809
-0.027538201800130
0.038687455660237
-0.002043832614148
0.023524523897951
-0.077530961585658
-0.023204242595238
0.059606265842685
-0.000236635323645
0.030059988682724
0.039340262417524
0.027907688557078
-0.030547342628688
-0.082279705478309
0.081051323694056
0.074078971408325
0.022465974872990
0.024984495371594
-0.016225402024613
0.000216021735086
-0.013019694157888
-0.009396178936961
0.105651620556595
0.010370239439230
-0.076775194228434
-0.033432441324008
-0.014145079863495
-0.085828832366420
-0.012400887065114
0.008438991918963
0.032268116322762
0.045414772294993
0.004199764978437
-0.004088122968624
-0.019451498112418
0.117745831140367
-0.010555585716413
-0.050895666441605
0.041657818558613
0.052394063686216
0.078112869658097
0.002534127458120
-0.019133163567017
-0.000912533026504
0.027557035510142
-0.074572836905162
-0.094175348856102
-0.007824999753639
-0.043361388511033
-0.037960109044734
0.073586284665619
-0.045824621613993
-0.024691426771881
0.043252173878343
-0.037078864215496
0.123882434396800
-0.161723737425085
-0.051231909212055
0.074548620467474
-0.104144503833042
0.036838395894180
0.032192142037690
0.014252095130647
-0.024615873995222
-0.022115686015962
-0.018046377411195
0.027428351494346
0.044600570779572
0.009124298212801
0.132156598922534
0.072664524687546
0.045771774506647
0.076363679130183
-0.055466385348308
0.038847053647802
0.037235711895631
-0.006249888026198
0.014920569181104
-0.080567897079234
0.050272555612570
-0.001899209717760
-0.005963884228759
0.023390605528284
0.028937923583331
-0.044385816438953
-0.075782770338071
-0.077808398979062
0.024961974957198
0.015987836310009
-0.046012882789911
0.140295083456101
0.025385521592962
0.024876772298639
0.025237568069808
-0.011911030641653
-0.054752003230825
0.051285960982715
-0.000686633196854
-0.118576562124067
-0.030221976825862
-0.018399259064479
-0.012946759621184
-0.102471063727090
-0.010197425118114
-0.111239131519572
0.003883558355443
0.001104114197376
0.021361743941259
-0.014191938731875
0.003992090020385
0.010030050754359
-0.091949380394294
-0.063604524629224
0.101369686423950
-0.050461733303592
0.000001284411082
0.102576507256685
0.050059535421800
-0.030828464635820
-0.083847189279889
0.020237261998087
0.015793093299983
0.096733660461219
0.020350977687850
-0.084980862209437
0.090436311945433
-0.019776982038156
-0.013037803270202
0.075489236257010
-0.050175454182562
0.038307203159747
-0.028975113745560
0.056324819701551
-0.170981824148253
-0.039929807994775
0.014095356136044
0.096516488657370
0.041435745146018
-0.066129954871268
-0.019468292242107
-0.017198885070602
0.043298690720248
-0.015553887183573
0.059240559880274
0.005191370215674
0.063428374964798
0.004407695694933
-0.046577483724212
0.016917634240486
-0.057447136978789
0.022759561731577
0.048696405783871
0.032218064042857
-0.004897460224206
0.007188497463692
-0.000361691174650
-0.133486005921552
-0.035768377722821
-0.034564422034945
-0.042412982002517
-0.016277017711250
0.041065086682044
-0.005733796283379
-0.066500672041298
-0.036480956225370
-0.060202489815105
-0.114996075830402
-0.008822813059153
-0.067816363178129
-0.027583007867647
0.054985491087424
0.010943993229025
-0.017746819990461
0.034672865172255
-0.041437497913213
-0.046718310055489
-0.051436357442070
-0.017499967476293
-0.045662425265729
0.006062590945365
-0.026011031425334
0.006880363575335
0.119811558219397
0.029760246362122
-0.052160225201142
-0.014757899471101
0.041591718186552
-0.046637229077635
-0.097799725808911
-0.051184954358208
0.015577491640275
-0.075254422391183
-0.056471465589528
-0.045074788058596
-0.042028811243100
-0.078214707650456
-0.037391266125298
0.033410659999536
-0.039383059547448
-0.016732158964282
0.016106399471901
0.018805177527037
-0.044745493427819
0.080970104052788
0.018157633873849
0.040596187968804
0.042921955036641
0.012654030405979
-0.007003894493271
-0.024144488116460
-0.029395077253810
-0.049674956746826
0.008861483505039
0.013372528503816
-0.065163356017805
-0.027037615816490
-0.004793355167549
-0.045062534737938
-0.053451173002580
-0.052341035421205
-0.132734311615955
0.011127712440994
-0.045830034022118
-0.100312519174733
-0.103836807326606
0.033074245202989
-0.004596049129039
-0.052364266651020
0.034319580134255
0.024591046580218
-0.059401671426905
-0.015205551155895
-0.053107045012559
-0.055169261329470
-0.006760873351182
-0.002042611385935
-0.020296717210045
0.096138011413637
-0.035063010176362
0.068018771685730
0.031952580458495
0.084454546970873
0.075056753070099
-0.135171691295431
-0.031763463273978
-0.036876249599797
-0.089330718382586
-0.045429589974718
0.022829627123000
-0.133430788129994
0.032392673363757
-0.032229168401013
-0.052460961820580
0.087684855470071
-0.066433534278146
0.007706864373327
-0.028389701685190
-0.047086736781348
-0.058986800682556
0.047959703483947
0.000877603624091
-0.009149525364414
0.009310039565930
0.096050896223776
0.061992091735618
0.081232118802988
0.025102850529086
-0.032438971090709
0.042811283474033
0.076431638171147
-0.059502411468158
-0.021449554180266
0.025380986673979
0.006679548732094
0.014902491774465
0.005655209956820
0.035822580439390
-0.002420610720387
-0.024466501313104
-0.041399923286817
-0.069085803486317
-0.063678649607621
0.046789498143792
-0.120975159707871
0.097373824676158
-0.030073572106490
0.042069221685515
-0.077545017293158
-0.038639015690355
0.118433268699868
0.036864423240412
0.090252253374919
-0.056229935945452
0.013271082862771
-0.039805643909972
0.145141766360098
-0.072346180974305
-0.032267749861812
-0.084851163550387
-0.107282481669849
-0.113546904387716
0.035194023671420
0.044624811873377
0.032574471451245
-0.049313305005670
0.147705110555547
0.068233464943286
0.045657365717964
0.101467145694040
0.058187812494262
-0.051427401816260
0.042105190093359
-0.025234661128248
0.037740439767289
-0.066569347987586
-0.031407899600375
-0.022412466079835
-0.035586028284023
0.042050055999235
0.038895105773335
-0.043116710931713
0.043612418677002
0.061777606590821
-0.057895887008982
-0.026908462764638
-0.064135492019992
-0.093979578298175
-0.023696999677307
0.017554209009651
-0.007275138427246
-0.001334328218178
0.067167964802431
-0.025644021556174
0.047280091298485
0.018067145180580
0.029780864907240
-0.030771560905748
-0.075545110958504
0.058803882229639
0.070813864043653
0.047132409343462
-0.062515707130871
-0.112624125866501
-0.059305528280458
-0.017356438091633
0.039292425370840
-0.046911175830096
0.025274404104573
-0.021561547845425
0.069195031482095
0.042205128450514
-0.009769906816819
-0.070061791628749
-0.019917690329329
-0.013171631338417
0.158519291978090
-0.035297558006027
-0.020475762316519
0.020438489298359
0.007069024251558
0.015753298417484
-0.025450114175490
-0.080516990734848
-0.035833170756624
0.003668388563114
0.028147955945619
-0.012585959517601
0.039267566240612
0.012756235550917
-0.077886567111767
0.017102279851834
-0.047474438685446
0.091340742290149
-0.056749418210086
-0.017493076985278
0.081071898965542
-0.049026884758927
0.014412711827499
0.020909290961178
0.062343940529069
0.005591711651384
-0.014325222437038
0.031730758734102
0.014107266265382
0.025482739651983
0.007303018961028
-0.006975511026833
0.037463205494758
-0.009568756017191
-0.087513986492044
0.053824203798075
-0.048952512351265
-0.047661035894311
0.048568296560594
0.099401849487502
0.075569199614475
-0.060885191538009
0.041926399057885
-0.007681702692952
-0.070081759137804
-0.030916441822403
0.058527454370298
-0.012264747942802
-0.068139682961610
-0.125170574429493
0.022713252304963
0.026138278600909
-0.001420824449197
0.071120917567875
0.023125849533433
0.061826613406847
0.115546350978193
-0.007878047006747
-0.097692021499049
0.124842282697105
-0.042966105190053
-0.014508440912981
-0.036901758216962
-0.043628643538002
-0.067107096582139
-0.002250453509463
0.025974378087707
0.095023133302080
0.016462817259716
0.053741883559939
0.010192989852368
-0.008535331571297
-0.012621514110026
0.001002832570642
0.023615241301133
-0.076909041437203
0.025733712257251
-0.051969734470526
-0.014647476327031
-0.131902907987837
-0.085506992259705
-0.013245368596120
0.004365401383649
0.011226163918776
0.021456803384432
0.033352145137554
0.119119309987423
0.032764523555098
0.053020214314192
-0.069733265718837
0.022291126739987
0.094420368649620
0.053657330225483
0.047165681779400
0.054972985433814
0.011412285622898
0.067482351159007
-0.027730913323921
0.074680026069835
0.036443294097150
0.015809064677615
-0.015125973508268
0.016908476447822
-0.000116222310579
0.022254122103421
-0.009699921063069
-0.005900911728209
0.031325392348075
0.051747649723793
0.047812606075827
0.021228008067707
0.022355976538211
0.179820304701036
0.144534752317323
0.065639307786922
-0.017595637520888
-0.031621832917839
0.074733388334391
0.094157293723403
0.065626412582015
0.103778067105278
0.120419329439533
0.085178128236341
0.027220844769068
-0.027946717912705
-0.033576626408204
-0.030898338043671
0.034870518480214
0.003681262824032
-0.016849990798305
-0.064202946548740
0.035366526135253
0.002384807609602
-0.036404997975016
-0.076953715778380
-0.012692112721635
-0.012562922553559
0.014447752129948
0.038551410980589
0.050911637726057
-0.003652109479775
-0.004081411725602
0.013202543655990
-0.034346374696891
0.071415100987980
-0.004712231734145
-0.013118775573746
0.140464373856485
0.065876175264745
0.099282052575063
0.085658293094266
-0.034241458565735
0.039731846186125
-0.008992108993511
-0.089884858919998
0.014689247901389
0.040865419145664
-0.008161820071247
-0.044830939052130
0.179426928383251
-0.020832773073532
-0.027830329517219
-0.003319724097396
-0.006087940099143
0.072803229419272
0.129542364985193
-0.047772434513006
-0.046302083363610
0.007274662097127
-0.058223760670253
-0.081564982274003
-0.052720081732808
-0.000189409010919
0.095060293971751
0.050875066129079
0.054288794432051
0.050832613104346
0.075144713727483
0.036549825988705
0.081520017785658
0.076130235355873
-0.012983954718925
-0.074586380531233
-0.016164560422105
-0.095600842303790
-0.059791454078852
-0.039258463348353
0.062943116603483
-0.085856906643968
-0.047636543154835
0.012727292810973
0.039173509063902
0.003288153288619
0.062184565003270
-0.039676222866954
0.018671844603201
0.008638093263825
0.034501974225732
0.034958547633691
0.029286131877575
0.053523515802931
-0.016999263043631
0.066412316412429
0.074776819196898
0.009697290332978
-0.069729268979517
-0.051199417707772
-0.015666759663839
-0.047014851826617
0.011844290972975
0.128260021638902
0.049450230483156
-0.104400824665765
-0.048373881911879
-0.031759518357157
-0.049256577420904
0.005915138600847
-0.060767424942734
-0.005576634167933
-0.053130743586070
-0.086637946506630
0.029095554239024
0.028105015373077
0.059828470735210
-0.025217916741507
0.114864548863656
0.064905697532935
0.001818135308041
-0.026517956097074
0.035030908910542
0.047112713435070
0.100000590626206
0.001276806244099
-0.014111293348044
-0.092813354172547
-0.039017941064244
-0.033543851295531
-0.056247608379057
-0.049997734704292
-0.118142402136765
-0.044915986806537
-0.021173390381452
-0.065599753741421
-0.060506891621404
-0.045264833451866
-0.010905331887278
-0.008387343142828
-0.003743370540141
0.035323416463743
0.030251295379710
0.026739574134919
0.066391569341653
0.067247374938583
0.001119791916394
0.043121853214256
0.045442822113960
-0.002017520468556
0.142115310438099
0.098544821157472
-0.055589160368468
0.009739289072365
-0.034453587831727
-0.082806989221537
-0.009583991596976
-0.028577261522183
-0.062365287922980
-0.098545221068908
-0.006718775923660
-0.024440881812738
-0.027184825708722
-0.041781755585063
0.111296135561826
-0.004695617331027
0.082919720572924
-0.028572552179384
-0.036238027505299
-0.070267116998895
0.019775749175033
-0.019173357280602
-0.106122674365901
-0.022166261557972
0.021765429158439
0.066379016452068
0.065874750711396
0.007134902087112
-0.010869505636486
0.100726552415260
-0.073924260561441
-0.051462698533046
-0.140177144657835
-0.046902699269935
-0.043439775989635
-0.049917396739645
-0.131594730691915
-0.005257830451193
0.045868169233317
0.077621631648017
0.069880315008537
0.045845669685484
-0.058178846042581
-0.044930941122363
0.011632123255617
0.007295006522070
-0.034585746165069
-0.025905350905155
0.030698699642064
-0.056333773214970
-0.015891345072045
0.036366109434708
0.003114167400474
-0.000191325881638
-0.000473360841480
0.021201877310882
0.044246424666606
-0.094834203950676
-0.088522039909606
-0.170180024177914
-0.054863300445188
-0.051589821957214
-0.012058958952393
0.013542080881530
0.091024970775992
0.003922906323615
0.010268528472086
-0.009763916868777
-0.041953763631620
0.016904180916542
-0.033396228182001
-0.039140850132407
-0.022280057791890
-0.071140407604912
-0.127663726569196
-0.019550393946397
0.025891062079431
0.032809975657295
0.016037303816331
-0.082592603687323
-0.019078708388673
0.007736513242537
-0.019448504762447
0.057462793639143
0.049062514026829
-0.085291006596426
0.016310048035434
-0.093135876313313
-0.131351198196074
-0.031820665728433
0.019133721085078
-0.018591637641933
-0.047408722106922
0.010679372894942
0.008292152487994
-0.000410310150122
-0.017289216651823
-0.006678895905534
0.028224301676099
-0.006744541904045
-0.025827854019324
-0.076542989753995
-0.090903710912732
0.008540805696578
-0.007741987583530
-0.100418820149514
0.025683761895039
-0.003937683293187
0.030770102010959
0.027432104514468
0.053428908089943
-0.063992048982535
-0.054069839984328
-0.066438602177759
0.121079720423177
-0.020884449639708
-0.035740632315890
-0.106960567045094
-0.077607585034261
-0.107038852949027
-0.074017495669411
-0.024522350741254
-0.023807826302519
0.077396049843830
0.030262247100710
-0.053240110528940
0.031839536605877
-0.008921747891980
0.006721106289313
0.003480041574740
-0.027875554962128
-0.035724563980417
0.031709861776897
-0.022891931654122
0.016075005333090
-0.065627553431087
0.092314765112351
0.013003701430788
0.022998929859910
0.003383907026232
0.040760592196571
-0.119839725939298
0.009760755256715
0.007758580831780
-0.026238110742406
0.054310441585240
-0.117488485119957
-0.015238640385538
0.003561834883272
-0.009158309517959
0.031717591720586
-0.016782295099674
-0.028273232864281
0.103395175343604
0.041858027029893
0.033299216679864
0.042755901401234
0.082525916859494
-0.020707546860227
-0.014533357808320
0.041279078568796
-0.017778035634216
0.021276793799046
0.104098870104777
-0.022585272115951
0.054978505539131
0.057854902274465
-0.003753866676134
-0.072262966369114
0.045582680251115
-0.064473119793491
-0.021794981736818
0.031402398514350
-0.090230291597819
-0.029988572203191
-0.061142954408608
0.003525818887860
-0.054278175815396
0.004721239701849
0.000581838987536
0.009317434158414
-0.053231617777427
0.011244939748957
-0.025525841858747
0.030216093573627
-0.021835652187051
-0.002415800483331
0.008271624422069
-0.058779047357515
0.073180123029410
0.035983064287492
0.003303991097387
0.043705185909996
0.068220141793965
0.034241785666975
0.028791049461501
-0.003798753477090
0.085311134826919
-0.054701373106908
-0.015762470645616
0.007676658418352
-0.050258628207960
-0.023506347754739
-0.034294158004370
-0.013333941527683
0.013354079188358
0.006435172791431
0.052615210764264
0.022587363082055
0.050047327961081
-0.019425639050681
0.101556152155886
-0.006548663878636
-0.000847360318473
-0.013650438191468
0.013354487545734
0.028305702359318
0.102028993661554
0.049471192213644
0.057894404922308
0.043817528370949
-0.006819992259735
0.048215023530161
-0.026769428290707
0.054251855342215
0.001274768114930
-0.022705878556027
0.023544795147413
0.067003021508487
0.035252024179415
-0.035429881208159
0.083033231327784
-0.059675783295454
0.032200578654949
-0.001535805976734
-0.096592740461575
-0.011240814525938
-0.004248689084617
-0.012716537488076
-0.076108660573301
-0.032771590304897
0.027661127475569
0.026666016057236
0.030186759431475
-0.009879610201186
-0.001029028278381
-0.095097146487172
-0.002125131598005
0.045560098090694
0.028156750170134
-0.026339292533949
-0.029708392858661
0.079627608043029
0.063120739872256
-0.021121289741021
0.056406595591743
-0.034749347692150
0.069015462763226
0.003066713897277
0.044467028969539
-0.002183561813552
-0.065103521172522
-0.016140303402676
-0.067077220427339
0.024981896735057
-0.088231454313515
0.053602229475692
0.048731930017052
-0.039375215881496
0.016116517433833
-0.020103436424508
0.026229046122410
0.006463005903601
0.004488878065466
-0.054758740233695
0.024862372686700
-0.001742418910224
0.089752106637447
-0.022198689075614
-0.032960031121764
0.026168734153829
0.026249131199294
0.006860763845799
0.005642671106745
0.020548877661347
0.102965784588633
0.007594720890645
0.038905432361605
0.042622115154478
0.022565009633560
-0.022621797351209
0.034271315251852
-0.009655309797122
-0.060414274652606
0.017355512337979
0.066946932979232
0.004848709704723
0.014819374591160
0.105900736379668
0.062267513895478
-0.045949423391535
0.088139988414763
0.028413292404060
0.048497655044390
-0.107917640408138
-0.022893385444929
-0.008189865306984
0.008219467016805
0.053055672449573
0.002419013590747
-0.069638014389122
0.013760334401293
-0.050819098349448
0.066905116287961
-0.010213952802493
-0.001585019277261
-0.133867107260314
-0.095697202468873
0.012317818271484
-0.046827180514907
-0.036828228738951
0.013866307013740
-0.088569182563735
0.020541161528894
0.026511290645596
-0.051452705539751
-0.014700554119159
0.086569959327299
-0.018829528835673
-0.009156054623905
-0.008268175839795
0.044364586473787
-0.005225789571913
-0.005379146810799
-0.104180873842494
-0.014537120493724
0.104434157160269
-0.041015784917195
0.055338582401116
-0.100821632191680
-0.097512251594517
0.085500261799842
-0.023732938261864
0.010379153334635
-0.022881713627521
0.017108386652396
0.056625024599481
-0.014382371548624
-0.019873708276727
0.071839670414374
0.091025197706159
-0.036568502548609
-0.106832946730652
-0.056766051371651
0.062738179733638
-0.044614588474453
-0.095768223987877
0.101798945782510
0.010645961696454
0.014597780686266
-0.071976817497953
0.061649034250885
0.030854908158555
-0.049316795532388
0.044572167772074
0.063682010006403
-0.131238190347161
-0.022407739625996
-0.007562567988228
-0.089968799960003
0.009073581053305
-0.059202156264953
-0.092598987175836
0.083308293258639
-0.089315443525771
-0.015182847074439
-0.072246552292887
0.165164380519047
-0.085537168083547
0.013878417717846
-0.008676654800853
-0.029079149999518
-0.037277591379370
-0.003075099309824
-0.003669034232434
0.034505498931904
-0.001742572864084
-0.065620029839132
-0.027754024890831
0.050473854926293
-0.107941146713630
0.066160904234040
-0.067475748142266
-0.039288537301907
-0.115649031084423
0.043134263579636
-0.018740637299982
-0.082224231744831
-0.019032397326647
0.031443331513016
-0.090687841523607
-0.042972137224552
-0.075912785693407
-0.036525835638920
-0.044771906102677
0.003003371025189
0.077212748488361
0.014651209863078
-0.006038488487954
0.019776399269465
-0.049859989337419
0.031437477107800
0.021535809209440
-0.005421833541692
-0.038676535343947
-0.036758719218937
-0.034660388135124
-0.040314480448363
-0.087830366451383
-0.027350202125483
-0.009972169197589
-0.074818065621627
-0.018516343291184
0.056333414539160
-0.041864302997553
0.054210427185456
-0.008024330918180
0.037169026022293
0.038027531405623
0.038126082163566
-0.019464324081825
0.081356591393799
-0.028289997949902
-0.002740963852010
-0.045690930061666
0.054199294239147
-0.035921616147365
-0.046690843698637
-0.070645257190679
0.042636974618467
0.046025515179746
0.038944307088779
-0.031703170138008
-0.012743478833075
0.057949355138537
-0.019547330347695
-0.117908388196980
-0.013560590240530
-0.077775400527602
-0.024109471599886
-0.085817511315621
0.045716617384712
-0.027876735221066
-0.008947399491288
0.060200375004927
0.120066626278241
-0.003801348355826
0.156534712474856
-0.030273716507086
-0.124865550044936
0.005177517176975
0.021988264773985
-0.032574106168784
-0.031177112512208
-0.008633522343105
0.020949397855563
-0.010098321976250
-0.061290948713573
-0.019217310884656
0.072906159379088
-0.051806329067615
-0.044757756413986
-0.077381495170936
0.111579636979979
-0.136759408220592
-0.084664755299974
0.067785370514786
0.018210895707053
-0.030752656374710
-0.108171468398911
0.031203827509168
-0.052609169112724
-0.010865718037542
0.000027165728159
-0.034472635814115
0.000736048532797
-0.039160556662250
-0.016257318644957
-0.051879808529159
-0.042306945172599
-0.021613859874711
0.010551605810054
-0.011937018373404
-0.055573832164159
-0.008791572912303
0.009618720485662
-0.069297493160012
-0.032443010975403
0.009685932313754
-0.001846889844583
-0.056063778626554
-0.009238666340603
-0.019427932760273
-0.065756335903875
-0.018470262887659
-0.104959695287085
-0.084983055074111
0.042895919306135
0.088120754028160
0.039911806150591
0.050905636435078
0.051356689382094
0.022677160684160
0.039056543259834
-0.001328087955771
0.004792592154989
-0.011339472533774
0.002111576112433
-0.042158573931219
-0.000161491056039
-0.033522750416368
-0.057311541538176
-0.032122836646454
0.061467325421581
0.065131657759042
-0.031676807868044
0.022416459776011
-0.025407433150468
-0.057109455666218
-0.060899698950754
-0.067053918727435
-0.063123446558884
-0.048341958500600
-0.079700449974115
-0.121377643136238
0.029828161385786
0.025316259345603
0.012796374743658
0.034399397147328
-0.044496405530417
-0.026125365581054
-0.026966374927360
-0.061439311189272
-0.058923055108713
-0.009001551507739
-0.021342739808415
0.005576888146928
-0.062516920574350
-0.004885156063198
0.041802504673243
0.014344649438449
0.006122747135171
-0.047347820329534
0.036305087438097
-0.029194313013404
-0.033508210482013
-0.010417872814298
0.010322443004251
-0.080741489811574
-0.064231259646836
0.006419408199911
-0.034513675972883
0.051398764318123
0.024969310455188
0.063070192015100
0.071133817121506
0.000099071932150
0.006284253264033
-0.024838997267843
-0.074549990485037
0.034791905609699
-0.018829231718045
0.052514070699693
-0.049082859153704
-0.015111937122404
-0.032993977458812
0.051465029755789
-0.038528478561036
0.076759049659301
-0.023444512467093
0.051427020004225
-0.031938779651395
-0.027318873620839
-0.041107985435494
-0.019919460733091
-0.007082744766079
0.061344578313848
-0.151921560822976
-0.070947255170025
0.028763856001297
0.026706236898496
0.014393671755120
0.100741636087750
0.021325199524518
-0.045690529816664
-0.007637034534379
-0.140593953447489
0.006431603536669
-0.006486870947256
0.012784569436810
-0.007445879303308
0.049208579381596
0.034069475856587
0.051030422541006
-0.065841664407864
0.016603014616835
-0.034668172461969
-0.002026864489870
0.138610613173395
-0.133334874194519
0.057156074652345
-0.073783237582913
0.057843283693617
0.029261606403142
-0.006773175146608
-0.083933827836934
-0.039235815376635
0.048859512291645
0.042468240999493
0.030802360428790
0.021991805229322
0.049320636169144
-0.001297984068843
-0.021581292943474
-0.069728847193530
0.052351562235353
-0.015739209504582
0.029685275148603
0.015490423036867
0.056368102721043
-0.018767154875283
-0.010427658979067
-0.001982936500344
0.114349293280037
0.047536944935384
0.048772611275460
0.031354063007910
-0.110927760116712
-0.069621862289374
0.012991307522525
0.062180850379663
0.005775531811244
-0.036229987038667
0.047882396621674
-0.132400046840948
0.070044432595644
0.065011414555787
0.058416871826333
0.090269491180718
-0.004550460819849
-0.017528982037138
0.073442353804360
-0.110712795092383
0.109046493277087
-0.083849738224192
-0.024049181091092
0.041337206253578
-0.008115955075545
-0.002469304368038
-0.007926829433071
-0.011929091289478
-0.032808716615403
-0.092142136701024
0.022941318031702
-0.055844299335226
0.026828559908095
-0.003577327055877
0.016184776590946
-0.065760577558494
-0.125778706099574
-0.106525308618292
-0.004106711065096
0.088668567888060
0.021286945615115
0.032879956287586
0.039781835516756
-0.059089230361021
0.031360368065799
-0.007824535351287
0.112883100061222
-0.005486303353344
0.061019379677138
-0.018724943708227
0.045364125740123
0.009470931639577
0.030472114739046
-0.002024552134967
0.057660165588943
0.047637193475067
-0.065902736559443
-0.048100242930914
-0.052181720669332
0.083714648315268
-0.017509053240817
0.004150107403899
0.021786356153954
-0.131529880536982
-0.162751262419805
-0.106119478692640
0.042541169336579
0.032054896365208
0.030532633579138
0.011804142729467
0.016577649165777
-0.034509942216647
-0.095953562869642
0.021127458325779
0.043224817227246
0.005727975568345
-0.042721933887674
-0.048542940764667
-0.016039699756803
0.051491195162830
0.045748559730567
0.032488571969402
0.093095217986720
0.044443146896747
-0.023276847231242
0.086157565976962
-0.067071662274225
-0.040363959577558
0.029228857803088
-0.064268874457231
-0.013592160668660
0.027700708424130
-0.076464028535912
0.032546501042050
0.018885296516695
0.028187189093919
0.023965784277144
-0.134052859961395
0.002362025137655
-0.062067945875545
-0.016530431704912
-0.084630761477158
-0.039544330209781
-0.030723875050057
-0.133994259221866
0.104041052294776
-0.014171852902438
0.082670619971088
0.007144234366493
-0.047789299126959
-0.046319076537652
0.030154940020173
0.084815834913920
0.004236532183447
0.026581969033044
0.066959278925974
-0.006973879888897
-0.037441318220709
-0.078049608409403
-0.062696557208517
-0.051832173444831
0.066595431386638
0.100672299157170
0.041027718697115
0.098280901188501
0.028330654570093
-0.003931412212149
0.005282772377335
-0.025128943672438
-0.110366966830774
-0.002547260654976
-0.054976162992534
-0.027799123135550
-0.005587208151822
0.053903142432672
0.021902995975643
-0.008011736223292
0.015836232558725
0.121407704465801
0.010715274865362
0.026428884283520
0.037481379104214
-0.037668323205165
0.048010276077566
-0.024928471477723
-0.101594593904081
-0.104995395716930
0.008180963520647
0.057415152446097
0.151703183215247
0.008907656550863
0.045898516962350
-0.033315434950079
-0.090756174428410
0.017629283542172
-0.112990317057165
-0.066405494233920
-0.019334408142598
-0.042012437604832
-0.161726039548844
0.018128165419011
0.007406008441622
-0.011455189366344
-0.035800198910915
-0.056392051772466
-0.042103808014687
-0.141328216144765
-0.015889482615417
0.017204696353899
-0.008100770873603
-0.024142415870002
-0.077811867617105
-0.053903067236661
0.032103673551518
-0.000270516143796
0.056183286294065
0.057532629434361
0.002068872480010
0.096699539529233
0.072550807592147
-0.048256919098823
0.052076356979548
0.020514868579747
-0.066397281188437
-0.022979783882596
0.020502001376043
0.020219494067391
-0.055646267451885
0.022208582088714
-0.066000742016690
-0.039393831175276
0.046073615648839
0.053519277882400
-0.055642957550002
-0.022773926145132
0.002029804844053
0.006462951655012
0.053156507866720
0.019850211449649
-0.047026277721557
-0.043178853481196
-0.076495436755297
-0.000102019301292
0.019499778274567
-0.055499408070601
-0.051410171147103
0.003318936959911
0.091880435548260
-0.096310740977992
-0.104794933573828
-0.109138997359641
0.152731914351880
-0.109114136344751
-0.160526687496342
0.043717257689360
-0.045561357795160
0.089928849622523
-0.103687082912259
-0.016463625656277
0.017180613618355
-0.035555064516422
-0.039743778197590
-0.039366682287953
0.012200191753419
0.005201186540744
-0.041779970121277
0.062095133930580
-0.026929792059074
-0.036687458085596
0.083045881808709
-0.024597910192619
0.117265247283843
0.065088151783964
0.026673776365109
0.026257712940028
0.056411793464561
-0.108776121849633
-0.127316880042013
-0.095007093168184
-0.058584864527282
-0.055121198081671
-0.046238127544565
-0.024797086154728
-0.008981382287722
-0.036368312514083
-0.024241311618542
-0.032996301321618
0.030003058158619
-0.006838549638938
-0.102196791553911
-0.009264188966704
-0.036484771679890
0.087284243817215
-0.043128485282218
-0.003220529560563
0.028869887959315
0.041915015223851
0.117053790732718
-0.093861720695069
0.004631133748495
0.051366936597776
-0.038896589588833
-0.022692049461836
-0.013836381533298
-0.063358677198993
-0.146137395017726
-0.051503645582690
-0.059656085663634
0.034892601093072
-0.114908049924206
-0.001547035300536
0.034898828249056
0.000202057358940
0.025953463518532
0.103441916915645
0.036618142431297
-0.046382803737423
0.023665949733886
0.006277815891487
0.034428561211987
0.020795358081911
-0.007634919963119
0.004917808936927
-0.007731913369128
0.016491692649541
0.031179995470071
0.067997689334758
0.011728230719887
0.015549022548384
-0.018080214136434
-0.014959873396281
0.014315234838742
-0.020520535206158
-0.005065560246963
-0.126673918297312
-0.030186050552831
-0.022266810580093
0.072422019548643
-0.014422439991203
-0.005109821057437
-0.044682500592869
-0.051774973491386
-0.024081125957425
0.012289252945923
0.108757067882104
-0.070554009154607
-0.011939008699121
0.074289081152672
0.030968185036172
0.011267997728712
0.010725992175173
-0.086554587415184
-0.010420643024947
0.026555853105348
0.018984163993495
0.015165215423927
0.010940445136566
0.012029367723157
0.054474135535131
0.023477719540369
-0.061933360692950
-0.099141907373654
-0.049195331634101
-0.037619610457006
0.043404486817595
-0.064076054588570
-0.022789751893178
0.028333938173810
-0.000737792196885
-0.052634960610579
-0.026885098829571
-0.020431489014482
0.045244477880957
-0.030011715053303
0.013059339648826
0.010217707671689
0.058406034778574
-0.010525815891588
-0.010088140804742
-0.041126976785667
0.034782849631079
0.045075500957301
-0.041009129397524
-0.010023883080493
-0.072780920268922
0.022108635948417
0.014698043064399
-0.051896267058712
-0.022501775335157
0.038293898502644
-0.015526369553920
-0.044593727069573
0.004676781151651
0.042397277274073
0.101214021804571
0.049880482400788
-0.057827614920209
-0.125784772833879
-0.010922283733343
-0.020267409796645
0.006377146642341
-0.038305790872484
-0.038691093347800
0.038877246525353
0.034060725079359
-0.045555345517889
-0.031366030922590
0.037549262006831
-0.010589060551885
0.007111840568618
-0.044370061699925
-0.071331969484889
-0.049310217253411
-0.036469296863601
-0.058029602818327
0.006446088017805
-0.016730738484635
-0.058345462307621
-0.037373345493355
-0.000909030048429
-0.027216159304627
-0.048857308303942
0.036522195793245
-0.043284978941581
-0.013696998040399
-0.073947418919685
0.067997597345167
-0.035012621853560
-0.028488523666768
0.011117126497485
-0.046129043117805
0.017961593614589
0.040111948390750
0.034350780337715
0.050032008329864
0.083222425219820
0.023044799902589
0.010158411872236
-0.008068470397348
0.034864852786378
0.064828718107199
-0.016484211258485
-0.002411043199245
-0.015354933459183
0.003706537655546
0.040947283360452
0.003003866048536
-0.029161156791128
-0.063239498233982
-0.077594760987294
-0.072360093255812
-0.006220644326862
0.024070028156951
0.042748846497597
-0.075816489245606
-0.088885166239088
0.001665139707356
-0.102614726374874
0.124643552401948
0.096258662212994
0.069436915583290
0.044834640865762
0.014928446327114
0.030581327665871
0.097845869069278
-0.085806281847085
-0.040445662085434
0.026504238143182
-0.035381971556718
0.014533007109346
-0.046788016849899
0.053882006465394
0.019399072274103
0.001713652656744
-0.054920022262382
-0.094471103516421
-0.049691480061655
0.042269698531981
-0.091772048197635
0.009050537592133
-0.005779969294537
-0.035756621673226
0.028113140136941
0.021911709966410
0.035728449047235
0.068254399979211
0.027729804882325
-0.001268701242089
0.107246608561019
-0.109851947390393
0.023509816840847
0.062982653896171
-0.062403187862756
0.036488289721203
0.048621094672153
0.084606155326972
-0.084921053820066
-0.047942292706240
0.031082773644761
-0.009297446855966
0.041633091308013
-0.080002849845249
0.083526603808464
-0.033153685914454
0.015121043007113
0.060390532904794
-0.004707361560460
-0.018160388988944
-0.059159034721827
-0.049365611165349
0.026617324823820
0.107879960713154
0.080767054636470
-0.055145686925789
-0.025890227392474
-0.023324412700181
-0.021773208703985
-0.023674858807871
0.026237056672842
-0.003748295735212
0.078910925085878
0.047880870391273
0.025115680880197
0.007303458454122
0.033955725100362
-0.000346258121986
-0.046249261380375
-0.148477879908746
-0.092119908208322
-0.004556313961532
-0.030690427026016
-0.067561210685414
-0.011253170093121
-0.000633226808070
0.021721962721502
0.004545274318770
0.035613870885413
-0.008096240919336
0.064084712327785
0.012842902077970
-0.004393151529719
0.035673575082924
-0.024494525255515
0.077220971721203
0.013865632361425
0.019267077443007
0.015809474388837
0.064676766280582
0.015222941954038
-0.061330413151367
-0.058067077206039
0.046713415725955
-0.048250356909832
0.004447152488987
0.011073873386416
-0.040568777213223
-0.039338417708414
-0.068635013578953
-0.024536899112404
0.044756973874182
0.007604332340357
0.001708699996951
-0.000430542711169
-0.026673787139042
-0.098219224608178
-0.008419433796563
0.011464501019335
0.041867937873556
-0.084328191784581
0.004937109132060
0.047477654528899
0.154823881834544
-0.030985043658871
-0.044044767769183
0.057759023146559
0.013148259671152
-0.018502891811776
-0.044209031776792
-0.025747054173203
-0.001322027802106
-0.021068006894221
0.006959971208367
0.023960152456421
-0.088452173771730
-0.010907202654243
0.079163880815715
-0.048896570715411
-0.026314049303903
-0.003041026666619
-0.017452927993223
-0.074716450943722
-0.121989807372396
0.022510293359040
-0.057536845793368
-0.060795578027274
0.009418122397140
-0.060941580914790
0.010869650687293
-0.025560130187092
-0.030461650815067
0.015831367373573
-0.038406652640059
-0.026082823242459
-0.005686156103307
0.003537934421261
-0.083245155770995
-0.010509319688358
-0.080207061182670
-0.059067101118379
0.036047037698165
-0.023389197187738
-0.014313574557655
0.053569007835632
0.002546507094867
0.009190023580368
-0.036834314518186
-0.005974457523112
-0.048924687203314
0.007538298411778
-0.031975655717326
0.043204508241502
-0.033501738171490
0.013592833399813
0.005315216962345
-0.066342738351363
-0.050537772271775
0.019758015844434
-0.015290908307763
-0.067851044373753
-0.034630525263275
0.009649965477108
-0.000464571961428
-0.007111935624413
0.061648492957043
0.057250420844966
0.006435773288843
0.057040177356647
-0.069283452131057
-0.006356134588174
0.039879153051423
-0.023979334211879
-0.028510402247936
0.002757620599446
-0.021696558428966
-0.098233926868226
0.074715122837538
0.005423127982262
0.001577889786450
0.036033368481573
0.030022519504790
0.047423048568218
-0.016426190546241
0.040197365953213
0.112250456215367
-0.024443440875105
-0.063500474840541
0.043982458968907
-0.035711016749222
-0.035685004435423
0.075251270755149
0.054278539075551
0.077735696536330
0.046315695897484
-0.096187776920004
0.002359197946431
-0.066961080271533
-0.051847654272812
-0.084567318041878
-0.006468151238001
-0.002701208671698
0.049502369413472
-0.029945002395722
0.042360469211263
-0.021364042795948
-0.052676970232510
-0.134440887304368
-0.037568270966305
-0.016625120464350
-0.018638515621444
-0.029557959974042
-0.069085803628461
0.058677402768757
0.035244857209562
0.032540952140925
0.053455165297913
-0.058372062584573
0.036329872120099
0.054775662626019
0.075590034076773
0.088130253770112
0.076171901971823
-0.017279328739064
-0.024960018444089
0.071013185456984
0.052363660537518
0.020430560900663
0.017355295102266
0.079774619577099
0.016072163809533
0.009323120317905
0.013314888507287
0.022433694731743
0.007980149594964
-0.097611648137201
-0.060335704964155
-0.016289547850132
-0.150899430793299
-0.076853649076163
-0.004147458103524
-0.011404314510537
-0.004932193018859
-0.022454176394023
0.098129540552702
0.081927105067994
-0.075429667991851
0.039289141006918
-0.010597631002729
0.017944682772075
0.010190078309783
-0.064968708889662
-0.077911556518331
0.036688041066342
-0.087733032370605
-0.026021084872816
0.012082998486618
0.087463833827796
0.068523120294005
-0.030935587397115
0.021532433395384
0.050369249413844
0.037278805589397
-0.103604608258615
-0.017655978630523
-0.110153834972794
-0.023550601294898
-0.140877019841741
-0.013461234754613
0.060881010576375
0.017150931112490
-0.030199094526808
0.050515419046435
-0.002557453508633
-0.031119059192650
-0.029386389725945
-0.016174106278261
0.020126022213412
-0.040193159989630
-0.032304670892793
0.070994823532253
-0.050190445540358
-0.036243575418349
-0.061127174101663
-0.109439295156955
-0.070615471397001
0.018938424730677
0.095336924099966
0.129986091557490
0.050809263627389
0.129357602318893
-0.032275805536000
-0.029575303843942
-0.018507282449916
-0.045007902327261
-0.096334856313373
-0.066298046823647
-0.008608792481462
0.003120903097423
0.089207924451610
-0.003945740640454
0.021375111244680
-0.084468418749031
-0.015225496867318
-0.052102953993774
-0.024513620599022
-0.035977896039818
-0.002411039655258
-0.032132681979941
-0.028204496030630
-0.073868622588618
-0.021802243530064
-0.045960412599161
-0.033832043402825
0.123077426709498
0.058210796741874
0.127571040004145
-0.001782767993319
-0.107166522904930
-0.045028433190487
-0.091441604540224
-0.038788197921068
-0.120914217637950
0.005854615740912
0.001308589395164
0.067999959424429
0.050528375855493
-0.035191069358890
-0.002221862593500
0.058662340126634
-0.003279595634485
0.004063161395618
-0.030053024791888
0.013601021822274
-0.022965581201604
-0.116503386321959
0.003807126950228
0.042083208627911
-0.044161766750100
0.002740983841797
0.028448330122503
0.176646856097751
0.154629698921710
0.128192109114465
0.098004475506733
0.045731813175528
-0.012097758541541
-0.111346887507960
-0.139265468156325
0.008831037077583
-0.090148864691775
-0.038335065309439
0.002791315777381
0.002351599062203
-0.041870025192798
0.002794100982091
-0.022788301563973
-0.024977485837337
0.060979136698020
-0.026074806773456
-0.047339944487532
-0.067784063048344
0.051766698159577
0.112551198831835
-0.014063957262375
-0.071895114081857
-0.016322217932396
0.013958059031092
0.003093040228970
0.061839616207228
0.114295139959627
-0.061154454182812
0.054128753211674
-0.013881013476281
-0.011877371200263
-0.003610688539776
0.020001924386152
-0.090029141320517
-0.042676099304237
0.008022511253665
-0.000007372384528
-0.047425487657860
0.002649710558879
0.057714524106832
0.041838612072884
0.020115680483643
0.021145632347731
0.048172787572749
-0.082194331543949
-0.064310117892382
0.031404848946028
-0.006235083435015
0.005370090666068
-0.078664753159317
0.035743923514961
0.016023216922390
0.058628397518746
0.031495144996493
0.171028623182412
0.090159366361398
-0.060430200754115
0.013709946321846
-0.054044081762130
-0.022246054832985
0.018448033902056
0.014602816959781
0.039705234188820
0.015654735499158
0.004383415694756
0.029759267958668
0.034122032501433
0.004385796721368
0.039661745472362
0.005954112681949
-0.101291910724772
0.070174967437828
-0.003395976730603
-0.052080930982040
-0.027004943446427
-0.018318821337872
0.004555725826100
-0.056094447390956
0.001914899467811
-0.017095190240338
0.040441675565185
-0.003560732216185
0.094451969961509
0.046385050701584
-0.046409242660390
-0.045863588972917
-0.008931423043576
0.024433009807843
-0.004551026182135
-0.010132802546082
0.048767950456226
0.078936618300248
0.019223578237432
-0.019047048071906
0.003701242798683
-0.101644394140754
0.018421144706861
-0.006358710296950
-0.043744350560599
0.011164201036814
-0.031926610896787
0.015208895168543
-0.101684345730245
0.014925397844690
0.047871255702336
-0.037974003609886
-0.032564096782327
0.011257326633794
0.051733392875672
0.137207012009135
0.023862316666187
0.002858259805166
0.072122419492939
-0.055532621076961
0.040425270315631
0.024086404253398
-0.042343002861904
-0.047279822347635
-0.035953641635405
0.060156084834300
-0.000070305170300
0.026729951410455
-0.050811652524788
0.047418121229651
0.054937356527669
0.022400590267949
0.091633447593025
0.011298340254010
0.005554544075642
-0.008909737681393
0.032699815565000
0.054183702832041
-0.039655304643958
-0.008689283450133
0.012164128982078
0.071895072461471
0.040712193201410
0.010122923932967
0.040323503369372
0.012575313899502
-0.016500677346163
0.065432676190404
-0.089229597558580
-0.076520083419262
0.029158003454800
0.049108980743235
0.022488933939335
-0.040672037651050
0.023005828398525
-0.026285467781286
0.027487932904760
0.004016967826933
0.104293428236333
0.022886507508679
-0.019882441179096
-0.048530025132467
0.096405340447018
-0.057473702138334
-0.043422546250878
0.044577728561953
-0.028098065230076
-0.048546529689791
-0.054652696206710
0.004952226170466
0.023527120162622
-0.022017190142428
-0.005512800143135
0.007106564429642
0.007257034469198
-0.031213253513806
-0.022528046191941
-0.033919694767457
0.078424441454959
-0.048310150825875
-0.024249200175941
0.063886569685879
0.049736609325948
-0.079791286388975
0.056475163048221
-0.047830649658370
-0.003767020108113
-0.046743403726775
0.002035673905791
0.078201280172315
-0.091354531281927
-0.027841552571443
-0.068415980815230
-0.060137874909820
0.026988464794884
0.004344891498966
-0.026031026644239
0.033954142361983
0.041899112369732
-0.096524331222680
-0.049072113794571
0.000980174969590
-0.020950137642574
-0.037561419665010
0.081483423180303
-0.028992799030363
-0.043779161832999
-0.050590309613073
0.073762203323575
0.000139077788525
0.016984179266076
-0.052967236232776
0.038068179807593
-0.014251745511564
0.029927233338775
-0.001962342269843
0.010408962067731
-0.047271862354415
-0.096011325266488
-0.105829909060377
-0.137588549177286
-0.007016900845776
-0.026389012187724
-0.037786041885247
0.011134043417837
-0.097419427420429
-0.006798658744167
-0.011073047610517
-0.002613659772392
-0.006498784237928
-0.030540933720707
0.025944374537216
0.013642406567137
-0.031133417451111
-0.035934111145718
0.071778591876504
-0.037492119629849
-0.141125467490485
0.017139940220490
-0.048202916433355
0.016548253706653
0.065682356182945
0.006518320370592
0.093901557507800
0.021628287010630
-0.098874166533605
0.056597713580164
-0.041997932910204
-0.046933562729082
-0.071819315848511
-0.007819091859628
0.080902954811792
0.062092471168950
-0.027188466195980
-0.055754178055016
0.022031858248020
0.032717134361202
0.060210017795352
-0.042343842448623
0.030076870789834
-0.037851997157797
0.019203035166876
-0.032389737086912
0.088884314681195
-0.018885625045089
0.051613723763747
-0.045575228446231
-0.060769106560798
0.014356312470561
0.014239070148147
-0.019792673287484
-0.056887038018947
0.005391329822929
-0.120944461527525
-0.009063593890513
0.009240723945986
0.052132008307228
-0.018467922216783
-0.025988570840250
0.011574988365437
-0.007277178155639
-0.029348603757977
-0.131176150218118
-0.019462957878800
0.063046980005084
-0.031701485132995
0.005099758668561
0.022729815607201
0.035135824942731
0.032822516487501
-0.019478155556838
-0.029515192447306
-0.060758397794283
-0.042292096559884
-0.015441385442627
-0.059233291974351
0.066905515250575
0.023678806076155
-0.003352788668625
-0.060250606843340
0.101594285482266
0.094706325196615
0.039408686076089
0.028163330622187
0.013795740836809
-0.045136259166663
0.012222241498807
0.098792214759845
0.005670770868810
0.003615423886356
0.075854239192830
0.008077969857711
0.064149884583141
0.031538723484868
0.101398400850304
0.072335795624035
-0.044463057749201
0.001707205962559
0.002587878295932
0.069601808389852
-0.043951435131053
0.021818930603644
-0.059758081098451
0.019836371271857
-0.015315810732475
-0.028261419093433
0.025602556298081
0.003327989005180
0.050632558061139
0.028982750303737
-0.031283109339082
0.114541406144224
0.090274090606526
0.000851990006171
-0.036425274390406
-0.060377574320962
-0.100288226595435
-0.021815276925973
-0.070213412776761
0.029151546336539
-0.021421305865114
0.054231112528672
0.025971946286179
0.024361436053279
0.019622586031499
-0.008559807136725
-0.013351635889585
-0.009243950488657
-0.022348132164671
-0.081627892297015
0.052093588774630
0.005891598447505
0.131141797525605
0.030589682361575
-0.049466034921494
0.012417618985121
-0.031846900987539
0.120050813744532
0.057107786941288
0.031991147249208
-0.047597087933078
0.057173662312741
-0.074365029143911
-0.017093502272863
0.049105165742587
-0.081248779510715
-0.067216180810520
-0.009371477184788
0.021789089769491
-0.001387352329476
0.027729797547830
0.059127787728053
-0.015569245939378
0.025656268352237
-0.051557894712451
-0.038122277048277
0.000709066567476
0.023837620926235
-0.042247156895372
-0.007934680296891
0.057879336163879
0.049948129434692
-0.047261936520614
0.027197707964739
-0.013157001288178
-0.001245612609762
-0.031212861070518
-0.026354288436950
-0.067481890579786
0.031231707999408
-0.023008903126400
-0.026148384112796
-0.136768508755934
0.038079633401739
-0.048196312480054
0.038808953490632
0.061228601395801
-0.023204088548527
0.082164656179326
0.066104749817301
0.146040028669779
0.057201923172010
-0.006907920151591
0.036072900053775
0.081401677739069
0.005816379388447
0.007989391619847
-0.007363238262703
-0.039775233290417
0.100348557870365
-0.128632208035548
-0.008477863617963
0.063894611729156
0.066539709660811
0.003246039692324
0.075926460938414
0.014747628039563
0.039836114223209
0.032238077349821
-0.016271786965628
-0.043968059175539
-0.061777399058714
0.026116218941784
-0.006952271840232
-0.077707409845359
-0.108148296938578
-0.004613480071160
-0.103058454340224
0.027194456230977
0.039822160240740
0.077974155831665
0.031600760911956
0.027651058864046
-0.005409333679503
-0.053023834252238
0.021047022778418
-0.038279362312682
0.013881988403311
-0.083186782311032
-0.090254749925563
-0.037387745876309
-0.038053733042152
-0.015309373666044
-0.038136118680777
-0.033502709733700
0.027391506636298
0.126876071745135
-0.016711072736093
0.096237113120004
-0.036964077259333
0.026660756835530
-0.019668210790033
-0.003523310082588
-0.022493760185194
-0.047615467281793
-0.068574725136405
0.013590577957624
-0.022490570789739
0.027850181290420
-0.036555348233098
0.065260840595179
-0.005047703769411
-0.007346484427168
-0.048723126837021
-0.068561835570295
0.017742544353149
-0.091348099181754
-0.027467324779169
-0.097941359710936
-0.081064320790802
0.050172104983931
0.089906816017170
0.017467280691810
-0.057614535459758
-0.021034452189359
0.106559242790855
0.011008668423846
0.026102608357234
-0.138114128457969
0.087355533970745
-0.079136304092371
-0.004197328528000
-0.029664675149548
-0.044407177604704
-0.016511408214836
-0.049139861382516
-0.022948854117558
0.005305556827129
0.011363996598485
0.058144763272027
0.020945810225945
0.007866332928841
0.030086836563668
0.007733071208778
0.001084618786591
-0.060089572875120
-0.076128256613105
-0.063710553200908
-0.057870343319209
-0.026735476674166
0.096503380403432
0.028530336876076
-0.049130808348456
0.018723498403041
-0.003550817582411
0.026149755219051
0.060031862103854
-0.064105322338868
-0.022006233571140
0.039891163305992
0.010704642992097
0.051312215442038
0.044445475590186
0.022894029819941
0.006380282460942
0.003184695108399
0.008236039149003
-0.052906936514516
0.029933231178679
-0.124479346717740
0.004261430818352
-0.009943023754084
-0.013769728895844
-0.005265281059438
0.004611976266869
0.033851229281784
0.015864242655761
0.014869360994690
0.008080326747283
-0.043921538855700
0.002877611436685
-0.070836400591246
-0.135330317317598
-0.000697078761015
0.058115081139119
0.066422096718070
-0.040509183806784
0.043041241943176
0.080051328589855
0.083139215517656
0.067922245698196
0.066096163762996
0.072928202674473
0.105226900574452
0.025067942804883
0.008906818341008
0.005915292281226
-0.063635262641283
-0.029414951503033
0.003362394913196
-0.034818234396062
0.019557580667852
-0.003704660615915
-0.052566298245063
0.025130856023150
-0.017459339126627
-0.038993584677413
0.121061985732293
0.044276702942174
0.075460776977829
-0.053762837087116
0.079296696567192
0.102422698875540
0.069913221627034
0.070788913352005
0.043339349819805
0.058573304994023
-0.016788281940535
0.035275296863891
0.067014888764449
0.061392119384915
-0.074631658085497
0.052691994667394
-0.032132855868724
0.078761925897553
-0.001308927819558
0.065500240359457
-0.012725630696072
-0.051340003806266
0.022650875960180
-0.114838241932267
-0.057586582459613
0.032649071677203
-0.053551732271690
0.032549008316528
0.023273650994372
-0.015706694996809
-0.060047144959425
-0.038924753445538
0.061390944702551
-0.037319923683571
0.071702161333290
-0.032191111868621
-0.036389797272847
-0.024418912252618
0.019738470506740
0.062915320725746
0.078041249998240
0.075559045151593
0.046945771210621
0.089819065926489
0.029289393962053
-0.063088710127237
-0.053852787287613
0.015693649354075
-0.005433519739407
-0.005983531361296
-0.008832956105267
-0.067125418961663
-0.013609444172809
-0.021270070593128
-0.066679549756706
-0.029918462743211
0.061342972496471
-0.001181672718678
-0.077279021604298
-0.016585188699947
-0.003037905417049
-0.028375672479698
-0.018585252246105
-0.062522165223420
0.024227148268238
0.016403659156454
0.030951122807349
0.063933664072804
0.036897987833964
0.025338944139584
0.085755661757766
-0.023311914557333
0.002192126334057
-0.098169174743976
-0.007952046743763
-0.021158669477737
-0.151690129929185
-0.018770384851938
0.038158959496918
-0.010689444591795
0.078264430079725
-0.045255302595944
-0.033962956923422
-0.031846046665442
0.058725024591701
0.041639120512277
-0.005055832544705
-0.069379966057396
-0.062908360317586
-0.014462293671338
0.008468905669338
0.028922125091750
0.002237555196591
-0.016912713275150
-0.015862880058026
0.082965221580089
0.056375730659039
0.088160932376780
-0.014978018085818
0.047284934653941
-0.064711475534915
-0.011582941668434
-0.055197296674037
-0.064801412869016
0.009949642548837
-0.013063601338819
0.046132886545314
-0.046927615270652
-0.096932926200039
0.023298297114083
-0.035191104288115
0.012176595083755
-0.078221845259972
-0.027407901037975
0.024949667077793
-0.012469040147464
-0.045631316221077
-0.085149047342917
0.048712374397919
0.008363344911658
0.013357410979425
-0.007281005732063
0.029628551828024
0.062579404553202
0.052447036553398
0.043988493896577
-0.023206184902183
-0.035031302490142
0.032845752128386
-0.041780013629677
-0.080305453315668
-0.038689592123019
-0.001003973980439
0.071819880867991
-0.019591279432700
0.077825114945706
-0.028761970877349
0.005451385894174
-0.032357163926027
0.002257760501680
-0.047739553813451
-0.038866709905780
0.021095634849981
-0.045509528560592
-0.127944362734751
-0.091456009171970
-0.052473166202494
-0.017237173599908
-0.070367653431154
0.043921052404733
0.037066904984286
0.034553489221325
0.038675090064122
0.038423015318126
0.056891695870663
0.024218341759446
-0.044020179809447
0.032300536554349
-0.055445164847928
-0.032491345205356
-0.042878429022740
-0.040885543171394
0.078728065466874
-0.019397601235824
-0.011157434774158
-0.015618726292902
0.070267587404542
0.000739722419328
-0.068940497664322
-0.017706987342826
-0.022891513325457
-0.045280683769535
0.018009018034785
0.003968099591410
-0.069993838419054
0.018197435764092
0.076040197869841
0.101620795092539
-0.006102639359604
0.006643124592283
0.027893758365467
-0.028541965586105
0.090445673627415
0.014376149894829
0.049778321415993
-0.056551801325102
0.047294789682618
-0.050309605597029
-0.046471798686339
0.027045644859391
0.039210642325022
-0.014532503216781
-0.081091365722887
0.023254285458867
-0.056100053600307
-0.051830861885130
0.016746427237187
-0.038555462485338
0.013148459502125
0.025477664185193
-0.124255457265956
0.084304573544021
-0.036637646939751
0.043595501108446
-0.036239822813193
-0.035080783451267
-0.041492006784760
-0.046117924441687
0.062736049601564
0.063744946360033
0.022177747944565
-0.012890770850015
0.006583191813095
0.026338017686674
-0.036586361049934
-0.102200173076041
-0.087418816078422
-0.070004754291245
-0.089061857232809
-0.024150546594515
-0.037233733073140
0.031596553412066
0.025048069161962
-0.092302998974556
-0.013593544650524
0.027077021836930
-0.013609298136550
-0.048614663103558
0.028415398872389
-0.068166343045513
-0.010895377540228
0.038153852758342
-0.006906084809489
-0.080262475314719
0.005434872831782
-0.047267678290160
0.018009240305416
0.084880010243543
0.088635002870358
-0.056302136203636
0.028773432586635
0.090602088752600
-0.029504445226803
-0.079105742867573
0.006520328112141
0.028293913307567
0.003957444138115
-0.012109071060961
-0.065205198417773
0.028800596787506
0.021146761688075
-0.014580364028996
0.066742575524347
0.061823163333186
-0.009479019312909
-0.107968823720033
-0.046572772818141
-0.064760501913763
-0.026757130897075
0.124599529054727
0.053717766721119
-0.041000734317112
-0.030750875482583
-0.020022389353541
0.000095435697635
0.067426666624651
0.003473969508542
0.032094584719563
0.032098991200974
0.000518934628352
-0.048727622661140
0.014095307330467
-0.017752442202811
-0.016706710211305
0.021704374481359
-0.029153522806460
-0.038968811818712
0.055259460169237
0.051287453132989
0.041594104208190
-0.002476787687859
-0.083371516794651
0.005293388479761
-0.043923244832492
0.011425726852034
0.025577124704508
0.055670696598057
0.059210147250176
0.084713447299647
0.034717322803948
-0.050464678102631
0.021661096079027
0.044779590397307
0.095830696337320
-0.036207408075048
0.031674793747037
0.053941842585573
0.142509967234273
0.058094236236520
-0.019744114170841
-0.010269305359737
-0.017907578690463
-0.025507889760452
-0.112634096047485
-0.191452990693620
-0.070324538386745
0.069007335467340
0.000226134714212
0.071739373810064
0.097280676861361
0.030806817194890
0.025511298482914
-0.177899218493541
-0.021943951729091
0.073796402019623
0.051687422934618
0.079055951024206
0.045848286929854
-0.093969582261018
-0.029399854318860
0.028373881006951
0.095772678985068
0.064531028161548
0.016730159656438
0.042802741005264
-0.047494342008162
-0.003325796162408
0.005803494538789
0.003927239919967
0.038219101599168
-0.002290519801955
0.016126417486886
-0.019002300203273
-0.011848248385411
0.005444450605719
0.026965682094378
0.120434202799721
-0.068146719248649
0.034751169491023
-0.019588264292914
-0.069299741456427
0.126998948967366
-0.018905900116423
0.085751159053523
-0.042206007367231
-0.072977824328864
-0.051302308855896
-0.109809779804087
-0.037114674452699
-0.016554221036699
0.036574840702995
0.006588803510935
0.073855728659193
0.102255361786717
-0.050772364805990
0.066571155941003
0.015263366123837
0.022494263449607
0.003785976850197
-0.071675103981143
0.026688661823270
-0.049975786204341
-0.006362119129020
0.038364449480608
0.046647505812096
0.045006523396789
-0.068499921637539
0.098110192022843
-0.145517977586877
-0.037568002222246
0.018342149877597
-0.004040755537519
0.019253610556046
-0.197269743715792
-0.063218601773454
0.000194134992256
0.086026625349549
-0.068244928328492
0.002892547804294
-0.018776431947170
0.067830864954631
0.036669725517305
0.066342638407438
-0.017451419096062
0.008871063087274
-0.085089985253773
0.004536047813226
-0.094328369454806
0.061946861742587
-0.010047346121589
-0.026564648481484
-0.040408531815314
-0.046219436284248
0.085119874247456
-0.001265922524278
0.053317434642291
-0.010210301684940
-0.004468238092490
0.004722330421003
-0.004816133372114
0.028943047771606
-0.011296225007447
-0.004760519915493
0.014634601087808
0.003200684931674
-0.024749396216205
0.003772504550251
0.105903834160132
0.017235306079325
0.098134793066295
0.019096667023677
0.002802349469112
0.015330717666873
0.038000379871104
0.020739172320451
-0.016149890404176
0.081326890230104
0.012278275412272
-0.042079128965768
-0.022397828762475
-0.000771342821007
-0.013973199308989
0.051914003960175
0.039799775317526
-0.098878470054649
-0.036024721487283
0.043459522828282
0.049086778741289
-0.035015987672254
-0.014280470457904
0.004042750120210
-0.066303842340995
-0.067594225355206
0.026777152462253
0.016783607470019
0.055779619737108
-0.059476684962108
-0.023413581496651
-0.118175257820461
-0.080813318995519
0.030344179945542
-0.064396273076139
-0.011353634863949
0.009245492217571
-0.085816963123481
-0.025684955188686
0.014992711718110
-0.007233110612370
0.028270750006785
0.031829732466837
0.032450109034646
-0.030552489613588
0.005451995764147
-0.025742969098950
0.056467184622975
-0.067273203739798
-0.002749110253921
0.008987537715989
0.033580486964270
-0.097763125118096
0.060747357623022
0.117076207926316
-0.033953778089775
-0.058114364165981
-0.034592265826330
-0.119216590077775
-0.046172639468396
-0.078020581723920
-0.027005090440792
-0.030260992215947
0.112710024144123
-0.044754633015809
0.084709705140237
-0.005405908812376
0.011027532927074
-0.048086440859933
-0.034121094522701
0.031470278616846
0.013259543210548
0.051111958384826
0.031010139814027
-0.073967781524611
0.100480242099899
-0.003785639685217
0.060109203637190
0.013829660012620
-0.127952456000271
0.000378937441243
0.006247025827637
-0.011721408696324
-0.031399809471291
0.005256994164700
-0.122315659408117
-0.051572355049747
-0.016548047999349
-0.045140681657754
0.068819235738366
-0.077195300389084
0.057428676332204
0.053600408072125
0.074890738138685
0.014678595612290
0.007992697284638
-0.094289177975485
-0.003499967096160
0.105679443402171
-0.006140034154149
0.127243193216363
0.030603154975076
0.058431457008141
0.036247253013171
0.132396948769076
-0.002675538847289
-0.010396641533623
0.005262831491891
0.021806369960986
-0.041600314932711
0.035423996888041
-0.035169417125926
-0.122678951709480
-0.006848242454323
-0.016708540534786
0.098518185425668
-0.000512058370843
0.008824752483804
0.006910857533984
0.005194099714143
-0.010795662779601
-0.009572451917085
0.040564979263579
-0.024695920678586
-0.056896726539897
-0.031638780592365
0.000959777438478
0.007525881142997
0.052292031695438
0.053542092412650
-0.099086280700744
0.020699675414460
-0.063367801947707
0.027456862786466
0.061860956118900
-0.002260713867138
-0.024331139258788
-0.119309939772950
-0.051337773232756
-0.011196497932558
-0.039013884327336
-0.017995583764769
0.047103599070274
0.050360713301162
0.010817908778459
-0.035345357415773
0.112033319733056
0.019399226723625
0.054567337963937
0.037300222808070
0.014614705176463
0.062512859701206
0.030722036040045
0.047080043426363
0.056311376235436
-0.025489546121459
-0.014192050695245
0.013249946888746
-0.050233128197353
0.063455284554037
0.073773954283062
-0.016990855302572
0.024909786473571
-0.006546039494201
0.048471739865699
-0.006881601127013
0.047223275302392
0.045636968629651
0.003931361767744
0.061788805697724
0.028610721720065
0.008680874876137
0.056967468354519
0.044223004426168
-0.026946617487672
-0.027305959526329
0.063247392297377
0.031406554332709
0.052410769196161
-0.040046728756408
0.030634437789219
0.002148850414539
-0.020556124285564
-0.070938497111409
-0.022079122451704
-0.018299708102801
-0.008996156804901
-0.057483745912506
0.012789042676460
0.080530907909350
-0.026154054318898
-0.005536287251022
-0.080217807692947
0.051137394268977
-0.086302753585946
0.095201530025571
-0.035416619264743
-0.048648221792708
-0.056635904500022
0.033625688962503
0.015071037736378
-0.004667236856849
0.028339780913385
-0.017405430677182
-0.012944538512969
0.003061550010747
-0.001419023826552
0.011899892909064
-0.022045785736358
-0.023822182528500
-0.020276422326849
-0.073202162159925
-0.011475263749542
-0.041143498145300
-0.045191316491335
-0.054232025623877
0.004010231286450
0.016843547982733
0.062550668451783
-0.057457736353259
0.050517491806641
0.023365694580531
0.036887567340649
-0.126420714650394
-0.036233338777629
-0.009606605458540
-0.017634202000274
0.030342778719164
0.017979474227666
-0.060031527091516
0.042327472721903
-0.005871845275670
0.011449291485842
0.080427333498833
0.058558376723125
0.125143446120684
0.080886250610003
-0.046141929203704
-0.039043846811456
-0.015677308874852
0.063724693288321
0.015704881406420
-0.040753461781203
0.072448555864133
0.096557743999005
0.073880406625321
-0.070624427518198
-0.042206052462040
-0.056183134696057
0.000830860054713
-0.018257652322329
-0.000598123236895
-0.044861243240276
0.013911847449603
0.021109963945241
0.006116258731554
-0.064971510017580
-0.010478912549225
0.097847474022873
0.069823346622071
-0.052552520056280
0.004643768631997
0.009263298404490
-0.040533844643731
0.022521705881104
0.001646311371162
-0.012708225313543
0.070956066998447
0.067811351525024
-0.025699938719952
0.005219236489641
-0.005273935366589
0.037324223290433
0.028444567944003
0.056027347281704
-0.020358742036432
-0.050783266995423
0.072603846581652
0.028605858472935
0.040603674678682
-0.011283052122092
-0.048229944468165
-0.048579244285829
0.042131066626526
-0.052934196130132
-0.019105063458840
0.030073020425934
0.027383882865248
-0.007797596408122
0.016100686293229
-0.029146629270790
-0.013227078618182
0.019422844909145
0.046691845141237
0.015016593608890
0.038906795340280
0.008818252090431
-0.003074703191389
-0.087217811020027
0.024744373385396
-0.065376191222526
-0.058993653660036
0.077888579629159
-0.098828417533109
0.012677154515008
0.024876673891151
-0.073179095177298
-0.016037868519424
0.004285444402241
0.048424502664230
-0.032565656527212
0.113503124123809
0.044476331994870
0.061412326661146
-0.035891417557510
-0.007234320437759
-0.007534585866835
0.035071751126896
0.026211810516052
-0.003967158307264
0.066472333939735
0.002830665904530
-0.046468064443805
0.036451798911181
0.050295157558563
-0.089717011395118
-0.058409579208704
-0.075785573625479
0.064668278858513
0.111447106829806
-0.033466646348128
-0.026243384796506
-0.052643413152563
-0.058350950698257
-0.015270331476273
-0.035166039527707
0.066776768876938
-0.003097469208611
-0.024260667258568
-0.029018837484321
-0.077327292455692
0.061876710010728
0.053790970452200
0.019551656005256
0.026882599969356
-0.006036602119976
0.099575576692957
-0.103999992700769
-0.002570443093984
-0.089286915017954
0.034432406050156
-0.064318018781830
0.056926057607373
0.006860686802364
-0.129887403578321
0.055360636254310
-0.053539766918230
-0.087866089266292
-0.078097904612417
-0.029734462939383
-0.035460536363131
-0.138409463370436
-0.020221987672852
-0.045084665017467
-0.003155640459651
0.009334179386447
-0.006997813881924
0.024934195579751
0.021714068576154
-0.022770869449827
-0.072681297392921
0.026246591414373
-0.074075994376735
-0.070446971775772
-0.022467617509379
0.052249852689978
0.029649093438205
-0.048349847879048
-0.003242962527178
-0.020153897632743
-0.092640469410535
-0.018840747368649
0.003840718240064
-0.024529139157754
0.031667490394104
-0.087622173868297
-0.061319196689339
-0.123032944140928
-0.082657670324271
-0.021863766329899
-0.011881428875489
0.010758962391003
0.014797922822156
-0.038724341515982
-0.019471809957452
0.002127623287697
-0.050108841425576
0.008312580133579
0.006140912991611
0.018169014056569
-0.028612245937116
-0.039690349020180
0.046042537809226
-0.037538824836079
-0.004803336368878
0.040484419404701
0.032112069085609
-0.017480248759411
-0.055128850993204
-0.047346512266090
0.069739611133234
0.049477815894874
0.006807522484163
-0.066865562689507
-0.005715448670230
-0.030831422206515
0.004041802965709
-0.076763107415931
-0.031361474981301
-0.066406083004467
0.035715274502965
-0.017339652452862
0.056414341597392
0.114834980147422
0.019956771417484
-0.071811980724503
0.016565932793527
-0.003941311695665
-0.080795780692000
-0.019444963298303
0.021469963804089
0.132723574115708
0.042603079807711
0.055497006877166
0.021248576595352
-0.023235028082005
0.050652949469460
0.026403975749185
-0.015807245733404
-0.031551699882120
-0.030663610352708
0.022200802274879
0.027495332591278
0.008765104526479
-0.063016484530389
-0.061616500125923
0.012241354964201
0.071735075610401
0.014718560123820
0.110836776778882
0.078124681894876
0.053404624323763
0.025736230706971
0.024276638156753
-0.147358591533382
0.034112205903958
0.086678850922971
-0.021980753873088
-0.016663809987473
-0.092666787421348
0.030810622342803
0.054744744682211
0.011242808758064
0.097857855485167
-0.063736076689216
0.020981320777791
-0.031003946793276
0.058506277127461
-0.022224669799442
0.012355792703978
-0.036180738082905
0.059538008294298
-0.060712011468922
-0.019409673049048
0.074820029915438
0.032672940872896
-0.016278332609528
0.084072734191907
-0.069184858493278
0.118108057715719
0.114124940668612
0.021227573963197
0.034531029853668
-0.045395158323737
-0.020699480078185
0.048040531134972
0.096666766621607
0.067934532463571
-0.004140068061388
-0.032254253010303
-0.018219685959008
-0.105645616742606
-0.021620757943794
-0.008553026144625
0.001777718852419
0.019525033151551
0.000628805640941
-0.090208195964796
-0.065008980632776
0.069123134906704
-0.017887008766373
-0.017674299545534
0.059197451227886
-0.072511330450143
0.046173875395601
-0.055288631194148
0.009480926503480
0.004940934601944
0.038603898485004
0.121511962891728
-0.058467253998877
0.127260813288727
-0.041183266373760
-0.069381265388500
-0.042710615374813
0.061612247698011
0.005182148714607
-0.016775061993799
-0.017591262704408
-0.003774369105026
-0.000605599924163
0.027379141668513
-0.080921686597118
0.015018597375246
0.026762752422971
-0.032562572720358
0.029294920794259
-0.038421644745885
0.080633850899818
-0.071401528976103
0.003077459659811
0.023831045526891
0.032989122490310
0.071260658943278
0.034442873540266
0.053468616043635
-0.028697019644917
0.037152269941144
0.041765315991950
0.072958798567827
0.055088383774154
-0.068914303310525
0.090179859092175
0.078195033023179
-0.040956514190694
-0.068353105523561
0.004852904070336
0.047574302123695
-0.013006363333764
-0.083269945105157
0.001622636497236
-0.002428103047118
-0.015657024312354
-0.052781410289803
-0.055022289871481
0.018317278425753
-0.093012874750766
-0.001297418413401
0.046720431825788
0.056756644654427
0.066442081987398
0.008146464134834
0.149587243173305
0.087991220022245
0.050844767899611
0.035382662710980
0.003155576535040
0.004716333105371
-0.004737494937697
0.002099934623164
-0.039181145964593
-0.102997376430261
-0.111772923075481
-0.070070473326536
0.006361588824892
0.095324798260827
-0.084538233567314
0.076077749647314
0.031291039091402
-0.008540601673208
0.011009737298453
0.031369614251314
0.026465101752963
-0.089947229957504
-0.005411224250617
0.020005364449656
-0.043432244718397
-0.013000480911402
-0.030413637911996
0.005241816674148
0.036893007423196
0.015931564137380
0.018123975222485
0.072163393698760
-0.004074089569514
-0.026613514230769
0.026003106321090
-0.006424896891455
-0.053734665730341
-0.125629947979898
-0.081898884323988
-0.007648608392814
0.051089366787330
0.002730968039298
0.072055797915983
-0.022843567830144
0.086611903331502
0.032069507828502
0.007122220894759
0.086694602918987
0.131848564587938
0.037930132710499
-0.001362691093443
0.061036462705679
0.122776411506134
0.049867910288164
-0.033643013185448
-0.029519963309714
0.041402974995000
0.068657388112675
0.032612128181140
-0.043718204877266
-0.007336121809429
-0.044955721572886
0.004893977154479
-0.050738221916986
-0.103014537181645
-0.097582821199842
0.060102405317534
0.103138955888199
0.062947131207440
0.001232651993695
0.086880640065936
0.015263637618801
0.037667482325739
0.103414973665600
0.123566506403339
0.061824817240430
0.046541260067263
0.111999040099922
0.067615159735506
0.012385802887363
-0.070411853157234
0.017533826950209
-0.006987055755991
-0.043231174999483
-0.072063807489650
-0.112687807675653
0.001334432911882
-0.023385127719304
-0.002275788262236
-0.063584588430943
0.079466353730384
-0.006201228990183
0.051704727514241
-0.022442325213887
-0.007369324456290
0.050764998967760
0.056362434083046
0.051952314772750
-0.021864771448905
-0.027941054387165
0.069796527253634
0.063871872551770
0.171923856304011
0.098272982116629
0.073212820430319
-0.041196727563547
0.055724063277271
-0.017599941745696
0.050081418922895
-0.070874229039781
-0.103033280945589
-0.058717772925561
-0.108267263664597
-0.091140552441749
0.007705318332046
-0.038640019159970
-0.028208227672198
0.050027704210653
-0.092448623109135
-0.028668869695517
-0.048085452203969
0.010720830923013
-0.039239558030205
0.044484568602359
-0.084795839133900
0.020061405224796
0.051440908321095
-0.008525017538404
0.071170663742754
0.128405314665261
0.090201510429324
0.108242473181198
0.039917309250653
0.038690441868411
0.031292303395824
0.039201289825266
-0.055517863370274
-0.055500054397499
-0.008355674330753
0.007181645805875
-0.038260042264866
-0.005731514342516
0.014164746304204
0.036109491447665
-0.085974751207719
0.004896441021929
-0.020049437782380
0.055680005964943
0.106216406702510
-0.045539317561746
0.061567656198554
-0.013956983241619
-0.051405569501920
-0.065165527486046
-0.036014744692899
0.028897487400800
-0.006560296829921
0.036750407349169
0.011377305368126
-0.098840612710072
0.016114979727897
-0.017535936510977
0.066592663883754
0.036612097020675
-0.062039407016209
-0.045727856927804
-0.069779692312393
0.017606891760187
-0.019288421448387
-0.077368937227301
0.044117805353855
0.012603452865827
-0.097386092737277
-0.033727464973055
-0.019894777674552
0.002056923788661
-0.021475401335584
0.023730731973385
-0.025784324785073
-0.096009163383491
0.014394285244837
-0.022182605650173
-0.025131632492267
-0.066656202427934
-0.002806726658909
0.089528972748594
0.046363584689591
-0.004522602852279
0.036641428692838
-0.017396771137740
0.078578681602975
-0.074858227034052
-0.040687469854435
-0.045534136233249
0.027189154205916
-0.027841870972575
0.013918598536219
0.031968263615488
-0.008769830958029
0.002795779839302
0.020638989995689
-0.002959980477134
0.046660463080232
0.072341537348709
-0.040386000035643
-0.093466647253650
0.031244231812634
0.026476025313335
0.028525692890636
-0.010694937076280
-0.028320348261260
0.052525301509881
0.085722138673054
-0.013987997041116
0.039205509327286
-0.035907557112455
-0.064130456003151
0.019500876432873
-0.010186368228901
-0.012814691120035
-0.020506547092307
0.016414009789276
0.132166731734384
-0.036676677497036
0.017881992329533
-0.109442561695658
-0.063399581082561
0.007977259010448
0.039180074146474
0.061886979385955
-0.039119774611330
-0.034630914257291
-0.026013372406115
0.013681404294927
0.083583501967404
0.046442029134611
-0.070196128951129
0.009868436967859
-0.070826398174732
0.012609458710383
0.002369478864310
-0.094305824057964
0.011896640446402
-0.096715300800477
-0.050057165551367
0.041227627502664
0.178502369475138
-0.005094846162742
0.021681932150215
-0.034267648114032
-0.004042007630476
-0.027708085340921
-0.015537581599715
-0.109170094386368
0.050963915703792
-0.104496765069239
0.067518808592140
0.005300369961746
0.034458960885243
0.007009643221705
0.056447639536604
0.000880679801545
-0.037464328752725
0.003655523139250
-0.010317245359708
0.023881136792646
-0.007980526058102
0.036342797438414
-0.097825267512801
0.091116814247512
0.001882341782067
-0.018532638425200
-0.003787670624834
0.029872387302894
0.007232653936651
0.002585147510197
0.023996082517105
-0.029231240288591
0.000763588694037
0.009693671310188
-0.109141385719235
-0.098244868966976
-0.064585698404173
0.008871472851938
-0.047520278160851
0.110971878879206
-0.049810201349668
-0.011420200821727
-0.025256112841670
0.067102464088288
0.019504853650128
0.049473344417457
0.022619220038168
0.020591975851692
-0.011728191620328
0.006743530549896
0.013962469355477
-0.010012395729893
-0.041461296698552
-0.063350546354346
-0.067522417039968
-0.028099574133542
0.049810493053468
-0.010673796200718
-0.033269228468148
-0.034816598715128
-0.006724345173627
0.126625593488574
0.022876142190322
0.080942268841817
-0.024146691711911
0.012338186702024
-0.053578462389910
-0.024490201647959
-0.034277713659836
-0.055903397749420
0.011730527844121
0.024774850501728
-0.079932957165727
-0.040038462129506
0.020175152150954
-0.007124405070381
-0.081282766407763
-0.010541064445152
-0.010287286013826
0.000297381660542
-0.050183247188959
-0.050095485587761
-0.023248897993483
0.043636216103870
0.013372888827154
0.073843370923642
0.030759101086793
-0.040563756006944
0.013389702841858
0.011746466955967
-0.019946404064733
-0.032182654971469
0.050668604023120
0.051700208781891
0.015035223312929
-0.031324939724958
0.008278739863525
0.027411472486987
-0.063228845404501
-0.027675074506179
0.113165157363617
-0.042897380450928
0.032494950857962
-0.041912788267105
0.037749671788038
0.006753815117960
0.026063667255314
0.044469562560873
0.020670469285048
-0.076544743166237
0.055225196371664
0.056323176008481
0.054004811915898
-0.053390017663371
0.000126364217461
-0.056452523971976
0.009472398622945
-0.040020236318255
-0.101127900776651
-0.070877853947233
-0.011653683811243
-0.026195865011502
0.079905465129493
-0.035820090595819
-0.018173937938168
-0.066127036669522
-0.060731775132433
-0.000715020963661
-0.098317058251389
0.011904193166843
0.074246099602437
-0.025206197217444
-0.041602142429619
0.026800866133645
0.087429748500810
0.046902686441067
0.021033349556522
0.037101670637270
0.128200448215739
0.001460220002528
-0.023427793363826
0.044371239623772
-0.017218695438948
0.047430405747698
0.027262679566000
-0.017645521820168
-0.025894177070479
0.010080301630841
-0.034429624602875
0.098834834161373
-0.078337325232481
-0.034716589869392
0.044770795846338
-0.034382066401228
0.030934364670563
0.116523104828486
0.105584334082094
-0.090013250401723
0.049640555221698
0.005280822992530
0.063171153612492
-0.052504554996591
-0.059483587199991
0.077386998449285
0.122739517450574
0.043182116632804
-0.018289375349565
0.033706508996030
0.040970229512042
-0.039827171378352
0.104307405134279
0.017453049600646
0.010976434476000
-0.008317145210619
-0.007817264486105
0.078101718914021
0.001599262192255
-0.021199501845254
-0.025095924107274
0.022420205506707
0.066993216106959
-0.004606306671811
0.019797362525704
-0.095611702366974
-0.064510893323031
-0.032721394591625
-0.094574630557615
-0.079588916183175
-0.013081060555162
0.014473235918543
-0.019345312184858
-0.014723342150640
-0.009379152986882
-0.049065273753263
-0.023242509308370
-0.008686838362914
0.060863090074579
0.083938632112033
0.063697165900448
-0.092126822264946
-0.004235829727591
0.077750111901621
0.023924110788515
0.001046468066499
0.028671589768627
0.032655355096445
-0.031099372405357
0.022004752049143
-0.041896596375058
0.076211910397988
0.036068492997843
0.110551854937695
0.011706583363861
-0.101914300233398
-0.028547877563675
-0.050596153994725
0.002542510175885
0.007668848669305
0.025200276901981
0.012754065334116
0.027930371918721
0.067461295361326
-0.108194064641400
0.001509724626211
0.057121391705466
-0.040229492411149
-0.029496378069841
-0.044264113847525
0.059907293904759
-0.062017529667433
0.026959311963735
-0.006665820400501
0.017420056923239
0.020382862506064
0.041323668711346
0.067977588705541
-0.099821416346257
0.005965523022318
-0.061297081111031
-0.069697320858277
-0.014487434203240
-0.018598847938088
0.051328935189488
0.020111524150474
-0.039154373365664
-0.033596665829945
0.067791654452866
0.068105802557795
0.065988805397382
0.026940504128316
0.023792444940506
-0.125290931171848
-0.010898960596071
-0.006203447681474
0.029321322097137
-0.070516316712200
0.002264555501993
-0.001858527502997
-0.014098437498029
0.019132010619075
0.047015715180063
-0.044058256272310
-0.058598680359941
0.002946280827505
-0.067299164156783
0.009330092288159
-0.080821676033340
0.043571167887320
0.051982048891519
-0.011074728953284
0.019622629417078
0.017801319186144
-0.000455688004634
0.032671941284954
-0.013689141913299
-0.078039460347682
-0.053962661966199
0.043102468960325
-0.018871912758437
-0.034946864716851
0.039948475183219
-0.075736929344379
0.025508466246805
0.013855463594693
0.028071379573349
-0.021139093816370
0.051882674777862
-0.012917191249370
0.026554181304860
0.018192367940451
0.041205549053258
-0.022055129748379
0.059100197941614
-0.002441075583205
0.011522102806267
0.038735508690290
-0.007561904317875
-0.057125781746697
0.039971944319603
-0.041812804589485
-0.099409080868109
0.027964498471514
0.124756111870073
-0.017178177512211
0.033418031272721
-0.000294785161399
-0.095196065593724
-0.061258541110382
0.015449310989062
-0.071219048310315
0.058502541283459
-0.037590142863133
0.090116701596513
0.086760669284765
0.033127800665813
0.053472903733249
-0.027505050090271
0.029950647275701
0.058045318436155
-0.002943663008793
0.051477053125327
0.003428716826804
-0.019685445928553
-0.016046572120804
-0.012788112347313
-0.022778254186776
0.054331768440636
0.039955937521426
0.027258810569919
-0.083970544733062
0.034823063065517
-0.007726823593283
-0.001397716124265
-0.044391018497300
0.022477243313524
-0.092977375232786
-0.094395762975826
-0.070218922751235
-0.031813532341906
-0.003152277167399
0.007598571061841
-0.060006478659462
0.015810803592946
0.116742054444136
-0.062208649441968
0.010094119362834
-0.112081811008783
0.029554101982254
-0.031766388754149
-0.008601403266461
-0.060535374203487
-0.064565732658236
-0.013206159439063
-0.069032303714039
-0.100213065944897
-0.083485014519577
-0.074171222897420
-0.028593977644059
0.033098936244415
-0.038137283174195
-0.079928285832697
-0.152059296697574
-0.066845162501917
-0.048226653382718
-0.005359287796575
-0.036919853307160
-0.077671442249766
-0.050543112877774
0.011512806235462
-0.084238260914542
0.024265525611244
-0.007830305362262
-0.121085310619063
0.041250010008157
-0.060549466817460
-0.041980810485320
-0.089854480266960
-0.010603822276379
-0.014158067373000
-0.015404489974173
-0.019436789241779
0.056391296531964
0.029699749667619
0.004613461536855
0.010801578608200
0.009301281820049
-0.067312700112834
-0.028393471409409
0.008503777539239
0.055050314836035
0.025666885072103
-0.052739864659230
-0.053235399016241
-0.030254043924156
-0.061299779892984
-0.124046264857357
-0.018785536210614
-0.081436040065567
-0.032132077313264
-0.008417246319691
-0.043503391181836
-0.074163718675508
0.001804573482334
0.029121736847677
0.059319404009152
-0.031601706402560
0.041466023481596
0.065230663083530
0.011795430565252
0.130498532657882
0.013486132426627
0.027369805063355
0.023286059119557
0.014831394533445
0.018973697280224
-0.046007127350728
-0.026257443207612
-0.021304819257700
0.050170858586552
-0.047745582951767
0.049939114213965
0.049855205998533
0.038223601428171
-0.026465775201245
-0.065544941479380
-0.044400049859711
0.012929662115117
0.003187421997566
0.016860281586631
0.042900774148878
-0.003796618421492
0.011625507350692
0.016084303024731
0.006976195279500
-0.026603259801247
0.044276701298031
-0.049971563759425
0.059127687468511
-0.053140149242164
0.002383992742255
0.059634534490453
-0.006241473104653
-0.025556925882999
0.029677416318078
0.084631083968745
-0.022644700682152
0.006746512698643
0.015945046545809
-0.028863375688701
0.104879779394354
-0.054877414985080
-0.036156172308214
0.033151028236907
0.017201482708590
0.007866369217022
-0.023639960914416
-0.009884900054181
0.005223163553904
-0.071536751162433
0.029245673343296
-0.042409368378079
-0.002732822898684
-0.035683425608381
0.009078614339298
-0.015992504614117
-0.059223784177329
-0.033295346410668
0.024952759718829
0.131282243275370
-0.030699380198412
-0.002905380431408
0.017366855355023
-0.074046848914913
-0.035692006393000
-0.029924535544057
-0.078707769551791
-0.065820009079447
0.093900609655508
0.057398490730536
-0.083303547938190
-0.016353426467974
-0.007604755789753
0.006018548640287
0.016070152409021
-0.091691085761946
-0.064630786200576
0.001908979118647
-0.130024375557716
-0.036034892473016
-0.071416825020179
0.022008922511823
-0.036781730109901
-0.056960136188043
-0.008600112569374
0.005518968772050
-0.090557929266472
-0.081472106202081
0.008942814222144
-0.005054994566822
0.049738982221946
-0.141332937430671
0.032149970766940
-0.097884720892014
-0.038102919445920
-0.002162458323742
-0.043144270240711
0.066134457114735
0.014496179713688
-0.027893313759313
-0.126161387297171
-0.029115868197453
0.072026919234421
-0.008235377325534
-0.020815650720873
0.003698712462008
0.009258574958934
-0.052297998620027
0.002046170660437
-0.034089618414333
0.027474213480403
-0.077965606182152
-0.015014267145096
0.054258663628629
-0.114286090190101
0.083391386117335
-0.000563155979982
-0.015517704140626
-0.066365933202021
0.055737028690828
-0.122380176738077
-0.000929812600182
0.038045045149894
0.003988314844257
0.061579972535839
-0.031202606167263
0.097015750298673
-0.013263811253119
0.001145065574591
-0.000255728681156
-0.025165125264294
-0.089300407245985
-0.081715319636096
-0.029111199167044
-0.055631227492889
0.005462902372312
0.052384408255016
0.013744089368743
-0.006809711761653
-0.125504461477042
0.035435288019173
-0.018597311454268
-0.028684147196265
0.052091016490403
-0.085773334634764
0.118475208057329
0.141147428584007
0.117170116542203
-0.023461586691880
-0.118639722339919
-0.004497536673933
-0.039189835231104
0.043916238498127
0.045786584021485
0.018785820380013
0.034605817461152
-0.010526826242641
-0.030817176290419
-0.045906655787374
-0.068664828467831
-0.034084744633546
-0.065168182282561
0.015103701990206
0.052913969331897
-0.007628914429395
-0.008609554456706
-0.088455801153055
-0.046746325460783
-0.056059426529653
-0.019775130457852
0.053031693301187
0.034002441491660
0.068545432883590
-0.001170044874621
0.086082284588218
0.041722475817456
-0.014014507231952
0.002229204656925
0.033205344094165
0.038552874757433
0.079245546288616
0.024579391061834
0.041347625425463
0.077016508567085
0.000145099469028
-0.019136200075067
0.014181287018742
0.007958449580421
-0.058826917968370
0.027192706683656
-0.082773434503064
-0.037203853789518
0.099162510949982
0.076593870046560
-0.027035075245553
-0.034757412827668
-0.053318601021649
-0.016846449757241
0.004865889885163
0.070020316537891
-0.077858288296142
-0.011500684673382
0.069810642625274
0.000067530001902
-0.019769804903025
0.021331711698016
-0.012105082809962
0.022188093676931
0.093960506126418
0.125512078934071
0.006097207437297
-0.035942966513896
0.016808249851466
0.025893000228100
0.050033871161435
-0.033558892288611
-0.050099644961054
-0.011940906527000
-0.119918421751912
0.112739873369199
-0.045589406862407
0.027156184235998
0.028071346191106
0.045820195866163
-0.006048424838632
0.054602785454296
-0.023773697675315
0.146998112251072
0.119316443345628
0.069475651708591
0.043963168573903
0.052747818100854
0.015673793036498
0.013980175775455
0.083676522441686
0.105654616062492
0.049062753274062
0.100810751601172
-0.013452062917457
-0.095856027035473
0.042797431015954
-0.037389913785514
0.063403829166994
-0.066244524210170
0.011657768402093
0.014268507616429
-0.037237678045446
-0.064057568354277
-0.055634812433364
0.046815684976145
-0.039815920938788
-0.002019607695243
0.060896379576161
-0.012972076871928
0.084655357382174
0.097470265612586
0.037358525689401
0.066880006059074
0.111862466410422
0.039317934382868
0.106548199199531
0.020725968753163
0.057922516563184
0.099689384713916
-0.052087912201091
0.026514022022464
0.051997728683558
-0.013616910821189
-0.042207467595054
0.000827021955108
-0.022878697841724
-0.058967608677439
0.094333251269811
0.017406580235012
0.020037688304769
-0.062929779787745
0.023836584238133
-0.014745196778973
0.021664929001638
-0.051768655994334
0.033470538490003
0.103578195805731
0.062231667295971
0.022199000362929
0.079920378587915
-0.001392289228555
0.034387589670002
-0.032248949564123
0.038101071670035
0.053839005139461
0.020947971256238
0.055935691126476
0.041773854801479
0.139735878623959
0.024068710418236
-0.070141677086625
0.008744292630521
0.054505025809206
0.033112306684729
-0.006213836377870
-0.076514220253635
0.055230982671468
0.006401038603247
-0.045723228290896
-0.031880819251348
-0.074280732006675
-0.057528762362766
0.059766723960743
0.023761041330402
0.106561503391735
0.033977056004776
-0.012212253447159
-0.050334492363606
-0.005062051486268
0.003745260290845
0.033011014944528
0.050141374706981
-0.052042246373559
0.008306743930978
0.034567296314974
0.013318089935036
-0.036341963995066
0.117034094714339
0.076490628377037
-0.042490388920423
-0.014941504270412
0.084086093520784
0.024399779846950
0.008331747785817
0.076894696491795
0.016417463946524
0.008123636571516
0.023106867761207
0.030615428296931
-0.030625719455233
-0.046983045727964
-0.004068548755617
-0.037957904596228
0.015451248445452
-0.073004122643234
0.040953972446097
0.061221691239392
0.052733868669759
-0.029502918671418
0.045252683543389
0.054349111867988
0.049751804447812
0.059015975689435
-0.003686775832569
0.040538921282732
-0.017414917952749
-0.029596351673316
-0.004691760219696
-0.046050448299684
-0.116793176914551
-0.046247548890674
0.054640287842439
0.110573944380692
-0.069706080883487
0.031505178301801
-0.035324630216819
-0.063983138922335
0.023467739650682
-0.039267684592154
-0.032742511213947
-0.043924728621439
-0.051672260266864
-0.063938700160799
-0.066073625128588
-0.024275196107169
-0.136344046680437
0.039342554615697
-0.023194665731437
0.009107266380400
0.032334304033546
0.006340425421086
0.024517482782321
0.083185403593116
0.026978656143173
0.066413476178125
-0.025147782990692
-0.006754623318739
-0.040898444274221
0.011528299950350
0.030688388654610
-0.064542731350949
0.044128993272936
-0.067932332695112
0.050036099576571
0.041165351291155
-0.067147745844736
-0.017289844596949
-0.110534196722768
-0.005888229186867
-0.099744544051792
-0.030896957338809
-0.133198221119469
0.034779029697989
-0.036747208003564
-0.024471804660573
-0.038626828711113
0.057930591790186
-0.009918580833197
-0.130786865771646
0.021960044787248
0.018985657588269
-0.099594640131715
0.010644906279114
0.006463982097118
-0.068956162362645
-0.128891038076383
-0.089087667500253
0.042354604542636
0.074302080423746
0.007805148320962
0.057923560229144
0.034605825163593
-0.015742377334877
-0.041631862025253
-0.074108195385050
-0.060497808232376
-0.074821161071394
0.006642596901866
0.028301027078102
-0.017017454741773
-0.061038619008666
-0.030989921823600
-0.065059647677163
-0.098114139903319
-0.014418814750859
-0.075703473321687
-0.050417038756321
-0.032772209437137
-0.000578889154703
0.063209808797503
-0.075043200264673
-0.015267657564198
-0.103946863725749
0.065753545296332
0.047879437884671
-0.001961226154358
0.001643215097693
0.006402833262019
-0.042334992656733
0.094898233883993
0.051651660084199
-0.018211528403979
-0.016519433971851
0.007172024365699
-0.036269913387558
-0.131482743853067
-0.074546638008606
-0.031266237021987
0.028194216434125
-0.016811205737487
-0.046033689602896
-0.069853127092659
-0.022659123290174
-0.064513554196100
-0.030299533718540
-0.087450466650694
0.041074461337547
0.006964658456182
-0.033521608117012
0.058000115027179
0.062633011989694
-0.043854773763952
-0.026905946612073
0.050041872539157
0.004861284918762
-0.041765994851314
0.061462722729858
0.024612235725354
0.078842350589473
0.115811767685024
0.055852960660716
-0.033431823933277
-0.086514168796356
-0.009882689728131
-0.017365580100994
0.002341911089776
-0.074829262502663
-0.053236058304947
-0.049913828482911
-0.042860599938683
0.051993806939652
-0.028506605543984
0.093558618600688
-0.014781814319179
0.050699405093447
-0.012181711719029
-0.068087160756444
-0.054529024951173
-0.056699648561892
-0.060595065598343
-0.007148401239952
-0.002064471431828
-0.051851043476414
-0.025150177480428
-0.023002577765877
0.079948377565823
0.042229384520416
0.012633123707459
0.022044116745375
-0.014347959120695
-0.065573997837668
0.057934121621896
0.024065226370671
0.037303196595796
0.071408914806189
-0.038757032090624
0.026069992369927
-0.026613033248301
0.043614016393388
-0.028383784595957
0.096744720741875
0.026304972572075
-0.037363381573398
-0.039295836837035
-0.086312148868082
0.038022672196884
0.009575748936974
0.055886353688571
-0.020501126078745
0.024742751850175
0.011596139647458
-0.066581914310900
-0.088922525457209
-0.044039982545829
0.065888088471523
-0.079776037520064
-0.042400409454982
-0.059676483282264
-0.092859265340965
-0.054224199792965
-0.006190635166648
-0.032825404935385
0.003861267540070
-0.041538340263816
0.033486768243845
-0.020995929051276
0.062273097158950
0.041353909492209
0.048582826812818
0.059180671298521
-0.013802850873474
0.042876326036227
-0.014773752682900
-0.045525244442332
-0.074351581079588
0.001422136661681
-0.016813019256930
-0.127107798188817
0.022669264239853
-0.025410219558794
-0.131430902929583
-0.007292421523664
-0.003405679844753
0.001448413652132
0.043088998898399
0.058649842369391
0.055929352840421
0.018808126547634
-0.122628479851834
-0.056761619291490
-0.063255608577907
-0.016466111638929
-0.034183903096802
0.015409582637043
0.020303062994081
-0.119099440327327
-0.029501343943298
-0.162576248334658
-0.046825641052774
0.044211253456708
-0.028481959529020
-0.004737603556867
-0.088395881559714
0.022055573514061
0.063033317596633
0.030028387838004
-0.013319008858402
-0.021245187849712
-0.049006853259355
-0.049982420701090
0.077855638715759
0.083063768270108
-0.019378343489804
-0.036229493097318
0.026284982684316
-0.132851677400581
0.015601580474176
0.074467245488898
0.009682278124934
-0.028864421187823
-0.064260223617355
-0.096812223411075
0.036104470852964
-0.035287332643144
0.036239466600977
-0.040644931965665
0.009895295374626
0.099501792375785
0.045488789149251
-0.057020759333829
-0.085675787675702
0.059148962452526
-0.023192473178196
0.052440133226123
0.016465306759912
0.038294028433272
0.025492894079496
-0.000654396662591
-0.029496263219283
0.095943486079062
-0.051586451089537
-0.060228443091279
0.001344400622864
0.037480776148598
-0.026298726637957
0.004477452229911
-0.093175909660992
-0.074393919807150
-0.023267481105441
0.016105398130904
-0.052336891209098
0.064995741754719
-0.032864512638912
0.040835768341264
0.043530301310647
0.043165812411956
-0.014659701314902
-0.058166389400663
-0.095998043775184
0.011552278273647
0.049137948487086
0.112679977161858
-0.042956309637801
-0.011567251779785
0.000478988753120
0.027455747208322
0.020216667137041
0.015280509224086
0.008759064556209
-0.073485261701843
0.004118736593690
0.040999265408252
-0.017445284271793
-0.039619525482818
-0.077358679318972
0.063232924492179
-0.017320199739580
0.024794476253119
0.009333451467528
0.015109261517484
-0.027118850250265
0.016757179401511
-0.026684656559549
0.001291120072765
-0.033334159244741
0.018713460877755
-0.041540140247282
-0.019954250144571
-0.022966232094859
0.044824913185200
0.024920101773727
0.085426635492161
-0.007979701233730
-0.041965147882309
-0.007537896112179
-0.012492045166648
0.073189345057237
-0.118001662704501
0.049900159726127
-0.066272129621984
0.095355966088639
-0.040191792801564
0.075023204867492
-0.006222472495082
-0.002248816588051
-0.010746095627800
0.043724878576562
0.021149898431648
-0.102246103247615
-0.099841925629709
-0.013514180747939
0.010006131842717
-0.008439041194841
-0.059807421603909
-0.025087423704867
-0.049094765487105
0.011285175235623
-0.008607036599278
0.074667191370817
-0.047888516057039
-0.046556343724718
-0.001729930700358
-0.081648806780666
-0.033605802070500
-0.035934885529073
-0.048419916239221
0.007711031455531
0.060521041685679
0.019133073191825
0.023659320892553
0.020010720018558
-0.001993642430723
-0.035650405872110
0.088639224442273
0.002810684966605
-0.050224921154596
-0.011735032669272
-0.065098415914837
0.000213564810515
-0.079293508925806
0.028233000673570
-0.062157812828144
-0.088136774163134
-0.087357277021210
0.071510761564513
0.010232988370417
0.035047658002748
-0.005214891547475
0.026227961659964
0.000149539267354
0.094631848512974
-0.015762630483466
-0.101030214930158
0.005303792489387
0.017726268688852
0.008898888388268
-0.070414234886698
0.044258572223268
0.019644792720587
-0.006196517081917
0.040126978080213
0.041551664359865
-0.030960965031205
0.102023033955224
-0.056882938084241
-0.015023089626446
-0.011956313878878
0.001242347071473
-0.011889015478151
-0.000408113650702
-0.149864168745926
-0.019047808376053
-0.006857086266644
-0.040588613979971
0.026046939990895
0.047511995067330
0.007757399851612
0.032481291602934
-0.035624988710725
-0.041713954622704
-0.044651139847545
-0.055090361028705
-0.026114537572938
-0.023431888523230
0.051361855282977
0.048720975459119
-0.038980867492581
0.102200410826565
0.014753358852597
0.013998439019591
-0.054175802041823
-0.019948366918828
0.042917692072585
0.018605917433369
-0.002069715827261
0.002307060075297
-0.061914346761690
-0.054715261095919
-0.055129647970361
-0.098941257640508
-0.006711355766004
-0.102079317777223
-0.085973982797494
-0.045504825875844
0.038153274893402
0.031663335788865
0.059552284935356
-0.024095575713687
-0.050185827809394
0.091942458970003
0.004886513349471
0.012701281122815
-0.012198867540746
0.110689510392031
-0.116190946929788
0.100727658536433
0.014943374655958
-0.016076746797195
0.013045031334744
-0.011099522198800
0.065535368042038
0.064713932652913
0.092171478706006
0.169139145132142
-0.040723388423640
0.074942576658644
-0.014344592174493
0.015811548279049
-0.055381666733841
0.078823182912339
-0.004410704970732
0.007885416504803
0.087011552956362
-0.014932205816194
-0.083773878115872
0.008012973265929
-0.120258490405663
0.050197043309806
0.127973393368916
0.005229199385396
-0.053217978126866
-0.044472256224979
-0.055176545319116
0.063057920500675
-0.017912059310450
0.080794124833266
0.106202129284668
0.096728001271852
-0.039456979233941
0.050338709267908
-0.015612436120586
0.024440024310986
0.150097455886834
-0.077857098222605
0.029910144301284
0.011567634284007
0.042393044053088
-0.054398046749780
0.003401687352996
0.009785212854446
-0.076603698236588
-0.081985276829979
0.015334773690670
0.019738568509405
-0.059980544452606
-0.007509653849568
-0.020833021666049
0.006942946770338
0.004038324299606
0.079380633964394
0.081259146715103
-0.015420746739134
0.025520117316761
0.050296603813209
0.058104883099236
0.077997902379309
0.042442928799420
0.071236617571229
-0.004189411474538
0.020629827287370
0.055134703457010
0.136584993009060
0.085471710113241
-0.028875908275980
-0.064248537475720
0.013070249301966
-0.065299639376633
0.011586441725286
0.073944216622818
0.048293337782266
0.063647252374119
0.016497111245395
0.056471950926829
-0.119375751069243
-0.028028631803693
0.128985856939022
0.019103349098434
-0.107641222986336
0.037816333683018
-0.022952597667499
0.014359839600286
0.011899887709107
0.051255013932759
-0.057169731260549
0.006307778218748
-0.002554453107527
0.054554417374038
0.074436151288716
0.052808569781008
0.022040358345201
0.056455816889122
0.079929103623133
0.012465801740943
-0.111520853500185
0.015303759430875
0.078075086145817
0.022580271594057
-0.041829539887813
0.010723760604377
0.054843035457411
0.022695073693215
0.008884143063609
-0.115021695139510
0.052162824644476
-0.047317491878015
-0.021917335142323
-0.040145412709326
0.023592896367645
-0.001312373556508
0.001750335109874
-0.009499022171193
-0.028336273066492
0.019792048069670
0.022567681010832
-0.035182212224606
-0.011406850109530
0.025642282587673
0.031150515620520
0.012424379051691
0.046477233952356
0.001087562029299
-0.041407487775635
-0.099830669913642
0.008680335687823
-0.043530599748016
-0.094169151533025
-0.043297783859851
-0.025447194721322
0.056038100583041
0.006951280500710
-0.059744902302508
0.000158476694423
0.048552363419152
0.043638742402782
0.002121600030968
0.001798329242925
0.048628431597829
-0.066467024897776
-0.032468046559772
-0.126273463189105
-0.001161345259869
-0.096060398316315
0.073485468170316
0.024178862638535
-0.004352900428524
0.077478554994250
0.082385955788913
0.003856153242315
0.042422930441617
-0.064571148994666
0.053679358846902
-0.005735947842591
0.064810398032575
0.041280936055873
0.018838661303252
-0.068108619066698
0.043806692308919
-0.084745442632644
0.041001480054745
-0.050947871805506
-0.113027026219792
-0.080899495477724
-0.068438912470728
-0.019749403251246
0.005104246398473
-0.001086089924548
-0.071157537316887
-0.073841494985187
-0.134697890590612
-0.067941681519219
-0.013276020705597
0.059810754637232
-0.038386113520333
-0.043040933494684
0.033800654059213
0.099561172814477
0.028730454190062
0.027663215878515
0.038689659445839
0.003802804048559
-0.048545927775385
0.044094975541425
-0.023342115644388
-0.035444832493553
-0.110941753471845
-0.038408095893850
-0.019048457495133
-0.095233107463488
0.000512157758288
-0.079880649559806
-0.006665949284211
0.056641284235280
-0.008055492760169
-0.094333185171967
0.018058882051597
-0.053091606638588
-0.054410028149608
-0.052736446691985
0.021140713673292
0.028218232108145
0.012875748016911
-0.010417349137116
0.085932780375801
0.110365951812872
0.016449510401763
-0.029730560566811
0.046096495136363
-0.006518078937278
0.054551713603617
-0.037065905777167
0.028238703413446
0.003249692175581
0.075874711998011
-0.056512232156205
0.058514725853637
-0.009222820223616
0.049462913876375
-0.071660938497606
-0.028137280122754
-0.034873239285081
-0.006091117240162
-0.034919231099808
-0.077621522979632
-0.084660205912012
0.093660578101373
-0.071642092012799
-0.055499066692196
0.027922621290864
-0.067469757854160
0.044978550667038
0.026811072861201
-0.033397388266984
0.040434995242530
0.045937551753051
0.127757949994070
-0.038965209943416
0.044539490364840
0.039858110565051
-0.076410331508423
0.027225355889514
-0.071283734539755
-0.100529510487086
0.026164661626961
0.014196332434841
0.025219985770688
-0.068428849546702
0.023784120432817
0.003907485509745
0.003859848700896
-0.019824684267801
-0.094083900156506
-0.071133762326997
-0.044955773720731
-0.006440819480170
-0.041534930576911
-0.073185079377587
-0.102101452562383
0.029453933464053
-0.036863704969485
-0.019784114609234
0.005855896927564
-0.008923781400958
0.078944867895869
0.069800489671799
0.133457801049496
0.051072120509622
-0.008530849675571
-0.050431981011711
0.017876829618949
-0.008245410724617
-0.027806767058038
-0.080573615399931
-0.017816363363200
-0.082400196024385
0.055259226454041
-0.043495922967653
0.063762129761187
-0.087710614879115
-0.021053575589513
-0.028935591617667
-0.153591872035162
-0.006011871422584
-0.061521240740093
-0.072380456466536
0.036335299588531
-0.038908322460638
0.020733874395106
0.034838998747850
-0.055649806464508
0.059760257225019
0.012112911456255
-0.003415775219821
-0.031543632641261
-0.006425962012682
0.009593548854523
0.030325842264784
-0.047170471417557
-0.038345808197091
0.008557756393082
0.053551661829921
0.076231569190550
0.033506561823675
-0.051000009709012
0.121438676646706
0.068278082607355
-0.007279269768619
0.022704761099306
-0.089043846143128
-0.031994105183068
-0.000534709411275
-0.049099453271386
-0.083149708752359
-0.036801367997247
0.100902476908419
0.045471466327696
-0.011029947200373
0.006486488276492
-0.005900222067685
-0.056849781145560
0.055874330626546
0.152804454724407
0.003453427655988
-0.002037412314648
0.006273195627091
-0.073721057613772
-0.006435254903142
0.023177340069864
0.004248924424655
0.050620193430217
0.048304071384769
0.072796947206657
0.080198346966147
0.031342423374385
0.019416143105955
0.008170781702198
-0.023165954855190
-0.063889281519237
0.017761615819989
-0.047694607585296
-0.066886416545324
0.009926651524279
-0.143071363782509
-0.185288602845437
0.049614089694254
0.052329141318524
0.044308468947304
0.091939338173454
0.084942911545840
0.043567579463083
-0.086007845530396
-0.027423884243067
0.003471801809240
0.058671990731063
-0.023237869092116
0.044366849588235
0.036769344710785
-0.020823594922709
0.053302224920556
0.072091718951993
0.045264116141483
0.013540707170129
-0.015228360432982
0.024654328152997
0.035636501533217
-0.023172980993762
0.074243344350460
0.052699183562332
-0.054360762340135
-0.015667543956262
-0.012762521445735
0.049557996501590
0.001373430339171
0.106917583637267
0.053874070406710
0.172068341429072
0.045441110500729
-0.044080180624120
0.081449330822015
0.116240903790885
-0.095411972729042
0.043591591079090
0.016671779632754
0.025100872575190
0.068561062770912
0.041313873559767
0.093215753336968
0.120075759783423
0.131597279336545
0.102637978053940
0.050536208764460
-0.053372138208811
0.022459199329628
0.071094876646692
-0.024127332731628
0.014557688338452
-0.083401477547703
-0.104329812936268
0.028624753172594
-0.038511164325076
0.004313908501625
0.060805957060387
0.028890194345809
0.029133209092756
-0.011549089677084
-0.000571797167698
0.022604218608967
-0.068672202677777
-0.047498362014807
-0.001633082051297
-0.043374546216965
0.030594203969917
-0.008330361180037
-0.051970655580377
0.040982260828409
0.036414729131179
0.093969672456243
-0.082322097757854
-0.016894138914980
0.029524752638281
-0.009604588024169
0.014294583209589
-0.015028927236106
-0.004199757651478
0.079033949029629
-0.016111936966753
-0.035288174923446
-0.021498740649061
0.068323892788316
-0.044484915088553
0.051057413685317
-0.007489685058145
-0.045309537037902
0.104953360998061
-0.001896456971272
-0.053712796062106
-0.086457939053254
-0.092429175378561
-0.080363044031177
0.013759889723443
-0.019458134510346
0.031433434019875
0.065535581509650
0.102602925912252
0.021869508753423
0.115960827693238
0.009859686275855
-0.007266564540847
-0.085578458395881
-0.067539909675899
0.001426464886877
0.008050084414064
0.015876957700349
0.070194761158320
0.061676169639640
0.052113862498994
0.022402480799753
0.090719905118045
-0.035264313874562
0.071452907998328
0.049968747827497
-0.149718743417978
-0.002143483070436
0.048419184987392
-0.054608986856369
-0.108983645221240
-0.008427766316122
0.036873144284064
0.037876153883999
0.075631623325777
0.102682441935556
0.002277340227397
0.051770851178999
0.007096697840574
0.005353422429752
0.029090044490564
-0.080860988413847
-0.014970428496045
0.035971300686226
-0.031380472616357
0.030879436775268
0.091950793423739
0.042402462500745
0.067478780918859
-0.053977367731837
0.023309830866163
0.084690782522654
0.015419482445984
0.067427417672433
0.026767022626494
-0.032689267083817
-0.054178810978971
-0.015550009278636
-0.067162257682054
-0.139240334688470
-0.020305916478830
-0.041937719446949
-0.034827237185564
0.035737466990376
-0.034328415759848
0.108361594645628
0.151075999061204
-0.014514313009890
0.016945141686673
0.046202440618712
-0.019921994554254
0.054273206011416
-0.006004118215911
0.063433521382265
-0.000072107888827
0.010379240297856
0.014363140011494
-0.035995369963899
0.083960040781978
0.092086412460711
0.064484352526970
-0.006719390736027
0.037369374208833
-0.005533537545857
0.024072026273397
-0.022663601369796
-0.033920857084164
-0.064601992072776
-0.086138702049476
-0.023724043829754
0.066398528730431
-0.014645322902306
-0.104780614284633
0.043105273233482
0.044339268162371
-0.093380254623587
0.059572886633390
0.071239869708214
0.036796894732769
0.020711308206343
-0.035565953862301
-0.024243116544371
0.017561764437176
0.015372494998371
-0.018503197852949
-0.053102012991651
-0.043941191613101
0.057373879077687
-0.041291150580223
0.037489911281427
-0.058451232198482
0.068977277317555
0.044646362103477
-0.002431180777335
-0.062259471340828
0.021926869620531
-0.039753530034412
0.007459838844030
0.032634580131573
-0.037076044990341
0.032722959238250
-0.093007450190400
-0.031420417818133
-0.020454106172717
0.112644461526600
0.091795940421367
-0.063955390246845
-0.046784017537364
0.050405614058044
-0.074923986953698
-0.100395382823787
-0.001006317867005
-0.090120989378414
0.037637433457567
0.011335599422088
0.052617887854874
-0.084551869308668
-0.017539274235842
-0.085060117021438
-0.052934176160354
0.018180432198259
-0.049403217349692
0.089305270679593
0.055278629454035
0.030166128684181
0.011255645301928
-0.024585580800316
0.083793304239574
0.017306842753083
0.078538981655586
0.014119728720515
-0.081263977790012
-0.004447474895477
-0.008534432956367
0.090594256118131
-0.065776508541097
-0.030003694349732
-0.055808433400474
0.056055797468332
-0.029654401785568
0.013349468637063
-0.053811463183112
0.051547916467958
-0.026079129739220
-0.051415930171126
0.054518655619390
-0.016948566585582
-0.002237005956691
-0.032708017067858
0.003599065535778
-0.086918336303872
-0.072139916451672
0.038849153096156
-0.042568868248169
0.007067251470193
0.000110264940611
-0.051748114512507
-0.001385267157980
0.006713675740857
0.022482154087653
0.037629507760777
-0.049756507648635
0.044876052124568
0.005350921729649
0.022666426842357
0.007132709304892
0.073387513761547
-0.064343566300920
0.036127765996470
-0.053931806823295
0.017878882101609
-0.070225137865025
-0.005375356462925
0.036286029888047
-0.005870377368705
0.001380932437675
0.008682056020932
0.036452772934184
-0.017200828928385
0.006046086335994
0.014151535373163
-0.011620262710632
-0.039136635953652
-0.046322282271699
0.034719127807541
-0.024818349094366
-0.042857876721710
0.047640332401656
-0.000451038721126
-0.079106944795779
0.016224096406980
-0.069780447468451
0.075038793968611
-0.017371087763100
0.032824152215300
-0.009635418357904
-0.056402473568358
0.001090342679404
-0.009775458267323
0.038576231365557
0.059509173823558
-0.040757500594956
-0.030898764141012
0.028176440090296
0.088344501553314
-0.052876503715959
-0.021426963589146
-0.013227083115702
0.082618974921493
0.023057901116210
-0.054542455922436
0.034774553305977
-0.045189204059709
-0.093903089769563
0.013439802557997
-0.047126543947465
-0.045450603831863
-0.037512928374945
-0.011860507289300
0.033530522249771
0.047509564707200
-0.034155842596553
0.051437491557684
-0.064609512284616
-0.006580822921234
-0.041504340753300
-0.044965021221238
-0.005135030409353
0.047186682704154
0.034750134194239
0.000596115593516
-0.053307171151633
0.087983112152097
-0.056231283646787
-0.108428574871038
-0.130184258491966
-0.001840854564884
-0.048264461095755
0.016003037670176
0.052586818485356
0.002955110038030
0.121357533002456
0.051524641885941
0.045242617369468
0.022629900635657
0.120388141685818
0.113507613215784
0.063699742485341
0.083901749799804
0.069030333056128
-0.015454359341881
0.098682967027747
0.055759613842083
0.032997884383984
0.054499746743491
-0.017423358225557
0.008711344100865
-0.052352784450307
-0.035639280876588
0.053926883785222
-0.012375759600902
0.078226492523633
0.055283632681095
-0.011137721567734
0.082836634258495
-0.073698473854304
-0.062468503006594
0.008393973462150
0.049319850381619
0.000544320436681
-0.036833137715125
-0.043909630131283
-0.010718355507449
0.110514744346573
0.020088763752706
0.205468085023961
0.034990282922115
0.111734746723039
0.035137237935109
0.026470190033115
-0.036281711515763
0.068629280451786
0.148335327330119
0.033745883413593
-0.049958546555202
0.032928408259524
-0.014217593163720
0.063804060618581
-0.043130780935622
-0.089293455423770
0.027124255447833
-0.009605887635394
0.012988903218335
-0.012302355243899
0.046259582123808
0.001813179698145
0.068039486960499
0.082565931680465
0.049042092548519
0.082388616416653
0.022135624058781
0.013742907162037
0.090547095613328
0.018933474877043
-0.034602802199453
0.064469893400267
0.005663272839681
0.090896665471760
0.027656703582084
0.020297646875962
0.050329330878370
-0.024958456343378
0.060618014547149
0.036454472945603
0.066474638185206
0.009795402746919
-0.039564467061942
-0.091005039581498
-0.019123984996688
-0.054483952937352
0.024420652147445
-0.025098299410445
0.065967111395332
-0.017629677147237
-0.068493014520718
0.010396521696883
-0.022610049625193
-0.021543136621091
0.089461351051901
-0.031827052212644
0.067106727612816
-0.020216183100542
-0.008853321537015
0.027470304821125
0.032242512259367
0.062601299415038
-0.016690026026224
0.027276552878634
0.011492636485205
0.097066064691461
0.070312640140164
-0.003742154155970
0.018067133602160
-0.132562924113522
0.010083658589629
0.017307770316686
-0.067852046996144
0.042587146042896
0.014831740333894
0.046100691786962
0.065812366879401
0.104143400409338
0.010495133266592
-0.039841385744782
-0.038983864630761
-0.062277422282587
-0.021388690362026
0.041764880595460
0.021055298782349
0.012681952114438
0.076602196403433
-0.021335937775660
0.016864374255147
0.061353258899061
-0.008341789478137
0.057734907348673
0.031594412269921
0.080144823366022
0.030862199367644
0.060281294577559
-0.058415193352527
0.072940454044015
-0.032750855749610
0.000853116814625
0.026886659802652
-0.069349842404971
0.050124330916576
-0.028985097751744
-0.056427042706480
0.037491038760068
0.062553317220321
-0.003551727301279
0.065653966158409
0.071570111869563
0.108288847945692
-0.026163299592718
0.017783408051673
0.008965573407147
-0.005845336981631
0.040742648766890
-0.020902712112584
0.017777913532603
-0.012052379726405
0.056982728071937
-0.044024779016344
-0.002563993183581
0.103439399664354
0.049073349194459
0.031031081997984
-0.026728390690932
-0.032930518903512
0.013106829376665
0.031953124791191
-0.046153262980344
0.048129907238603
0.030350963894588
-0.033866257937280
0.061761949789219
-0.086857908731790
0.007224143050449
0.002500802265321
0.070661574261681
0.065472278584943
0.122310553331819
-0.032743199676731
0.116877639265155
0.005275665741965
0.011409987028805
0.090771210633934
-0.174130141115090
-0.062863494275459
0.006952088803447
0.044892474751197
0.110420778491397
0.062551304604383
-0.003158718419042
0.018570143255817
-0.015757616480083
-0.013934468316353
0.100259784415959
0.072110356754400
0.017019935631274
-0.019416576460325
-0.084534908561312
0.003319435700314
0.094300326802379
-0.011846648093336
0.047901489636416
0.105371127509656
-0.037666228583654
0.046047886719136
0.113522583166122
-0.073247458830803
-0.002053777264349
-0.045824472799809
-0.022900830053391
0.019689736971318
-0.052921970446957
-0.009945490167595
-0.100784494445838
0.025008559525234
0.079429324671074
-0.033055299072912
0.147859117537695
0.089177604585027
-0.012602904200971
0.023881166504872
0.106878222847171
0.033072345651627
-0.002822190494795
0.009473582713948
-0.010765490082902
-0.027432570319148
0.037069754753933
0.106647395200442
0.079972976597702
0.081135878964278
0.046824507054008
0.081717451588747
0.056109016950634
0.008330611250283
-0.105026620002422
0.036738806394033
-0.067112563867233
-0.026694308224794
-0.080217389419285
-0.042694926552556
-0.063515301759192
0.040430631545836
-0.011841517564823
0.070749126053756
0.092528840963043
0.022720521159649
-0.011855462234140
0.071060947507351
0.014418532323531
0.089362424775626
0.024082044719740
0.020290232395702
-0.136300183554425
0.093388124068593
0.075508677477034
0.071512099701871
0.080977039764664
0.121173622248677
0.031672795288861
0.065137296725568
0.018436396180284
-0.064836027115209
-0.083108843805136
-0.075041501187546
-0.008544367454239
0.035897224133265
0.026616437598116
-0.113435338326988
-0.091656460613069
-0.085769284081318
-0.058524373879671
0.031297197083452
-0.023017461284390
0.008933647969331
0.028987551597428
0.021174962245411
-0.036771754256877
0.059877380665083
0.006638277552801
-0.001358254218146
-0.066997610968476
-0.005377701990022
0.078696579337187
0.048635541297437
0.013144739535891
0.121680363752347
-0.005002354188714
0.112823505799742
0.027221146358017
0.013290273836362
0.009096120473960
0.082788370641003
0.023476369980993
0.070463359536925
0.010144070673778
0.042366781873660
-0.072782332613196
-0.140556877882107
0.057195284986766
0.038952649878624
-0.025918439398080
-0.012410782702763
-0.005206732822845
0.021578731752206
-0.011068555209682
0.034730088153770
0.048945232594328
-0.029701503298168
0.044219395498345
0.048357819375182
0.009006412914304
-0.085798132912346
0.087725676110520
0.044279019164013
0.035190571559860
-0.001532553830634
-0.008439380820568
0.068261752788090
-0.073456758939210
-0.059752512079314
-0.022688986111815
0.006523431000393
-0.016413542435245
-0.011460017006507
-0.016565466922823
0.038055423136216
-0.026441593575215
-0.013275862107064
0.000648273684969
0.002294509657365
-0.075609628159198
0.073260133712942
0.092143391293201
-0.018259848935890
0.000640080424431
-0.012649613530689
0.018713828369053
0.047616790014833
-0.004525643960553
0.046779521901140
0.007296799472904
0.096039006002504
0.071446931514389
0.048019398144874
-0.009989849659066
-0.020406725554834
0.058253822271178
0.142982267311232
0.066843891790109
0.100139674593839
-0.029953070734242
-0.021742784300817
0.099543823708201
0.006711414893315
-0.014976895693194
-0.050157284748209
0.042617339785847
0.004513136459061
0.079445875839448
-0.102383457880470
0.020997059258965
-0.002887598646289
0.032090535633182
-0.066672696110739
-0.104430758026644
0.079475420607464
0.037687546345929
0.030929705926399
0.061459556462738
0.020715023532304
0.009453982822322
0.007137348041900
0.001380030962331
-0.057376595306598
0.085613550643577
0.004258457973165
0.108425875883845
-0.021475746137011
-0.000139379753831
0.017564859813325
0.027701497955817
0.007954642404503
-0.020499135521063
-0.002056526324162
-0.080118385876545
-0.031764751888055
0.040767729681643
-0.052033765099823
-0.020908190507825
0.006558639553611
-0.002412002682150
-0.101705732214101
0.015569106626466
0.041498458145437
0.023508197625711
0.102312416284928
0.049250558023128
0.078554085391674
-0.002026251206926
-0.042392556856845
-0.018397591326947
0.067012128857997
0.017797212266501
0.047217959200314
0.049293475915012
0.023654149355582
-0.007018548357090
-0.025374508004669
0.006692116995297
0.019101192470082
0.006072537887920
0.124177034345881
0.080520992066377
-0.006224881929402
-0.002147115730842
-0.030772971805029
0.061526687540136
-0.029269248301590
0.041628422995755
0.009565457316747
-0.025854011666023
0.035994711143748
0.006839043786830
0.025265105721941
-0.104579270836020
-0.037792401373857
0.004964779284756
-0.070193131440932
0.018108869747064
0.078447687522957
0.126500105803627
0.062853864780310
0.073895913723176
0.021466671272623
0.027361537571150
-0.043687467662438
-0.041911994851184
0.077307087580184
0.035781569627291
-0.083775635242688
0.040091810572305
-0.004009137796408
0.088902945576766
0.053379677719725
-0.034508346852336
-0.091064528808842
-0.073468947261248
-0.059720696654796
-0.052304684212342
-0.037318518227226
-0.004717487511654
0.045473702788022
-0.041483545354080
0.022782659287621
-0.009669345461295
-0.115780001857140
0.039039033495124
0.089284901102182
0.093715930277349
0.002192219385920
0.013528161514592
0.023042675280082
-0.002234391954170
0.014421728532966
0.065176957981072
0.031203402646397
0.076976878431157
0.021617092955808
0.086875854449763
-0.079327276390786
0.055798622353444
0.034062548453169
-0.101978985997989
-0.013559241615955
-0.040900798225341
0.006120523236281
-0.012215943846269
0.060024780889369
0.011617514545256
0.016278503062750
0.006731551917737
0.040903977058036
0.039209077807467
0.013677028380086
0.068884382551392
0.059406355998642
0.013428723358765
0.082050583048989
0.031213715614493
0.057806342196779
0.023310910906704
-0.060589373101844
0.017256579167807
0.060369267727638
0.057613147440021
0.123174942619811
0.053575199014535
-0.011529292736560
-0.001864225705265
-0.080128826236293
-0.048462885043731
0.010617495728082
0.031333720089376
-0.021318528218069
0.028574366179223
0.045023749573235
-0.021350477620704
0.146408694116362
-0.020385060543403
0.000995283295857
0.046928792981584
0.030173874347206
0.017439962454841
0.223332639196302
0.071165576320042
0.025196007760391
0.068957497678887
-0.059591966855108
0.102985877831748
0.091151988513164
0.050067927466035
0.042211189648935
-0.084460722310222
-0.054065779794971
0.037712497286370
0.059664997086418
-0.095030163170642
0.030110017680403
0.045005008053945
-0.006363567910576
0.019226681915955
0.001327002289119
0.025144811701593
-0.008368759639310
0.007031220748716
0.000860597477896
-0.030814527433792
-0.015546981673365
0.056891233590209
0.007218374307214
-0.036433512024873
0.003918004092614
-0.065956512682854
0.066269760716657
0.058560287380875
0.116350857915984
0.057856043228578
0.026282273105454
0.068310834069991
0.017489172065663
0.070593687330970
0.010755595627198
0.042787619433033
0.033389211006610
-0.046547491674628
0.017568904217945
0.031878079806292
-0.033879421158239
0.020757027557573
-0.052102777753378
0.024559135620367
-0.089987205590062
0.049583276370574
0.023795666820513
0.094011001032956
-0.017860807718828
0.063281356026369
0.003090342076669
-0.011100547310963
0.024740390204770
-0.026230037444049
-0.027276457122848
-0.019905813727018
-0.013687343584892
-0.002567684076383
0.014346358496042
-0.036125614893097
-0.008704025513588
-0.000884281485687
0.040739290352849
-0.048382203457198
-0.050113800454730
0.053978555247766
0.011899326977606
0.020807565335456
0.059138212916924
-0.145247528310957
-0.125551033680448
0.036777891089105
-0.058818870878107
0.087087391562613
0.038935296496270
-0.021932809704838
0.009899029219939
0.035097887942587
-0.030662510556996
0.002219069482512
0.037537869441928
-0.031269813219866
0.071993900020625
0.033237694676009
-0.056587594728657
0.059405306758178
0.070069656224696
0.059488312040765
-0.046788830827702
0.053650971736816
-0.021062104332911
0.044773287099059
-0.018408476273561
-0.010185740413887
0.037380421983090
-0.017335050401885
0.026622008180065
0.018779222416323
-0.017645628129633
-0.003172012522524
0.058003598604971
0.009696038367294
-0.044598047623311
0.061959306212778
-0.066093620150881
-0.139933199609642
0.031391052039464
-0.086008182521467
0.013310772532214
0.019531414483732
0.002619213632665
0.066104369615412
-0.084183329100560
-0.035071581220248
0.055719935703389
0.007609853289680
0.020260998224010
0.093428136182444
-0.044630031533014
-0.001838567631807
-0.031811582199981
0.038226279098929
0.063115966736672
-0.071478817847758
0.143297319717149
-0.001077275929434
-0.005922731306069
0.039554859582528
0.041439192353039
-0.031152335345014
0.059092606786697
-0.010148266309959
0.085390556893744
0.030160109488567
-0.033923462154256
0.073478062007671
0.033573386518925
0.016788813492836
-0.059044379928219
0.045524761118432
-0.024375377036001
-0.010015766034328
-0.090881063955704
-0.016734056335397
0.118788405395786
0.066440833038288
-0.038083018017043
0.055956706921337
-0.045158531871517
-0.029466374676738
0.006946899396154
-0.052514590465058
0.020849583028563
-0.003590410658666
0.042005737939530
-0.071903743191441
-0.036392524513596
0.000262047692947
0.019110531458771
0.017586047910634
-0.001949860522793
0.018550475883799
-0.035612326922944
-0.039284645669648
0.034016324348460
0.049009564814913
0.048192432602531
-0.029898693865787
0.103661072194141
0.000716323821088
-0.002273444377622
0.092564310188246
-0.074970626056441
0.046592027409610
-0.008268666307348
-0.017845488426421
-0.006694110405435
-0.004061804654885
0.041357716100343
-0.073215698190010
-0.052766833977541
0.032098489180161
-0.012815564882037
-0.004274222249468
0.069890334057343
-0.028259158928427
-0.081388382128252
0.004235145826345
-0.057509726723590
-0.039584858933856
0.023035593159749
0.034483601265008
-0.047065879903215
-0.100325068557975
-0.003799357110237
-0.012386708418943
-0.074920181724026
0.051733958699683
-0.000786241412452
0.069941458487122
0.004893975895079
-0.002144746201076
0.076081721323360
0.033080920088520
0.044711993878889
0.048265517386187
0.082445124313139
-0.013667991076326
-0.005656260839605
-0.071453218222523
-0.017112761262798
-0.035098024396655
-0.024431356614649
0.113693596161984
0.038978871908543
0.028058341505231
-0.020151910419207
-0.020913546370986
0.012533205576098
-0.072486953946428
0.016729220039045
0.096802977819851
-0.054477273594699
0.009148954670197
-0.052880073375778
0.016269405910680
0.049411885382042
-0.024204804779832
0.052106396607077
-0.020355311217766
-0.030270773095670
0.086517062853300
0.017169009188346
0.043932385491766
-0.009858733711100
-0.007765875896514
0.027228437249913
-0.082103869612957
-0.045626445294157
0.100112288479768
-0.003401181847424
0.040686323339448
0.029065821727764
-0.074482598003520
0.042786865847784
0.049022738885252
0.034629338579687
-0.008911979271029
0.089516462128771
-0.055435791066598
0.096080900977655
0.019522530372280
0.036050846645072
0.067038196688392
-0.014611906766197
0.018177381299353
-0.068743658489814
-0.005000154884122
0.065087613180473
-0.031702539700489
0.059461266701641
-0.020154867234173
0.095970018423526
-0.105367351373631
0.100166262949944
-0.022963710429145
0.089930748111849
0.043178775824959
0.009677007598965
-0.019768724377343
0.039389110834811
0.056960978094592
-0.003672299475566
0.164751358307184
0.075020453135049
-0.026810165574331
0.056906319192138
0.095685602321883
0.051744838347448
-0.007134916670232
0.015295233482479
-0.029643364877677
-0.004701441764334
-0.004822658351891
-0.044003730910132
0.025063411543590
0.047633371699526
-0.030687854487568
-0.062961636692514
-0.027900225391810
-0.024568019294590
0.048588821399698
0.067938768479074
-0.038669394918870
0.043739443396389
0.034131276342342
-0.015480981421581
-0.049728137113782
-0.038048990028783
0.059244080803155
0.117453431583975
0.026817278150182
0.054809441495888
0.094983886026934
0.124068018129202
0.083437290124113
0.021253129691006
0.017799530865794
0.020868006354355
0.058817444083855
-0.064120748142423
-0.082322236027940
-0.015416442725451
-0.047853152563648
-0.040156844337798
-0.007882310089398
-0.000225161673172
-0.017836286606996
0.007988790534199
-0.015897938448873
-0.034447351036374
0.042828959449552
0.023546173593817
0.066976370739301
0.053119560584940
-0.021169518980903
0.001056443931254
0.066661092141877
0.112823412740287
0.115242607099689
0.035821538625955
0.021595783136551
0.032708664000005
0.077897751011465
0.060000181510750
-0.066970263928492
0.025036364686200
-0.053158752534493
-0.002406587747433
0.027465331773175
0.026390246344001
0.078192549180665
-0.035251780927350
-0.034788994117422
0.010377552094954
-0.008654690182321
0.026512944482977
0.026280034881833
-0.057568230726008
0.049211426823735
0.062585604915917
0.028058726249137
0.004437889215562
-0.021785767909651
0.086879892145436
0.093908552377982
-0.045416870364806
0.058198187970936
0.050574356713462
-0.000073393961247
0.057796146636783
-0.074676156419095
0.022811930222106
-0.062287385271669
-0.071894165168096
-0.053698788457377
-0.016480141111487
0.020476716205964
0.025545779326694
0.023908067649126
-0.043162685476766
0.101010148367828
0.026364342092424
0.003947773241307
0.040949358118755
0.008625317218098
-0.033682727327521
0.038537246148549
0.014932776730060
0.057528437105031
0.006471243853745
0.087139658220850
0.019016510675853
0.030740257576753
0.036724081378166
0.113493920158007
0.066941777662795
0.012330123021886
0.059052105350353
-0.076827600232179
-0.084721382693005
-0.038664591344278
0.037745279924870
-0.019836817004871
0.052246947221912
0.001565203227227
0.055208572157204
-0.064451923377990
0.066839674118051
0.001363521597797
0.057794401269392
-0.010976107526013
-0.026811698364205
0.014568630253393
-0.019796398917113
-0.037777460751109
0.028417254744888
0.079527597109212
0.100671692754491
-0.086866459643764
0.070696187014735
0.015828836014978
-0.011411007293367
0.066386737917859
0.097149598042057
0.019606911582361
0.026850461845162
-0.095868307583360
0.003829059825374
0.068114392750622
0.030832979399495
-0.048446685632748
-0.086696197751049
0.072133827831068
-0.052032859142999
-0.003386027363667
-0.120269599013027
-0.028403016899396
-0.064239108519950
0.064100017768670
0.073618832240633
-0.050967931425426
0.045773818970090
-0.017148657600221
0.075297738029382
0.086109426465862
0.068157687559767
-0.016108438410311
0.015331591937253
0.013034888817460
0.037080297854007
-0.033855256918444
-0.078010668075810
0.216844025053043
0.083395242370350
0.092768877385176
0.050541441397547
0.053776586339398
-0.015718905952639
0.019015634550557
0.075313383399737
0.045350010565128
-0.030498844568312
0.012413058489058
-0.023050967210135
-0.013043808932442
0.072399027004882
0.014128779655879
0.008006684959119
0.084244267716074
0.026338441942808
0.016010187474967
-0.113019852237444
0.078206197337988
0.031116230660698
-0.007077976282669
0.058037298160022
-0.033499992082028
0.008381299129961
-0.014287163187351
0.054993182502262
-0.049648187504121
-0.009623430910630
0.013633126276389
-0.029836109566862
-0.023178872777827
0.068172739414956
0.061406543495798
-0.007911003180230
0.051629556100273
-0.004701582421141
-0.041748635097161
-0.019831448311297
0.125217130386755
-0.016000308151949
0.129268565016549
-0.029206116949656
-0.028057923924865
-0.063719492034329
-0.005197123931713
-0.021195896561709
-0.044674688423950
0.027491524652706
-0.034572945092380
0.007006530142902
-0.031626122680920
0.003297558297407
0.107528080134557
0.019933277221309
0.007792806897422
0.003885856755292
0.031419922604695
0.034436885194547
-0.040546598110060
-0.004322138506072
-0.077401023223968
-0.004803733594635
-0.057388930808870
-0.076285933911339
-0.025789051157774
0.021861006199671
0.051448624434335
0.003852865216828
0.029663155219212
0.077750316262820
-0.014252953341673
-0.088796742541629
-0.013838485135442
-0.010518316947590
-0.000956049257865
-0.018779938532934
-0.076711017444619
-0.059934761386751
-0.012430388007142
-0.092391934814206
-0.036824121393504
-0.052916098319631
-0.082466631687090
-0.005530156752171
0.015329719893168
-0.040853549888500
-0.007384919589713
-0.048709086812345
-0.001531880058864
-0.000130908788081
0.013175841836003
0.003579000187960
-0.055531955510626
0.032184493152805
-0.000887580521421
0.011110188828497
-0.001324806419616
0.033478707712163
0.124356216450359
0.007227791317790
0.007482982439581
0.034231530867806
-0.143576944396711
-0.083976414677851
-0.088396059524995
-0.094688115168510
0.005848154510209
-0.036480780304619
0.008990347771726
-0.072438213177198
0.049629326028413
0.096674451832418
-0.004797218707362
-0.008925241729505
-0.044745587092924
-0.001244077900349
0.007652170828799
0.034053330322521
0.106628571590100
-0.004079935552546
-0.079444601972923
-0.038703730812909
-0.082124993586059
0.066067138298999
0.008078476621755
0.011941404126050
-0.056091389415598
-0.071906030938360
0.066298898076654
-0.007616093010536
-0.097596468642796
0.060976340972502
-0.159318012230170
0.000070218894158
-0.126672649522014
-0.019863990202061
0.000692468337699
0.042097299527041
0.003381781861392
-0.008641346416349
-0.082488737161846
-0.043833229999686
0.065243640644522
0.100884477560660
-0.109625755020259
-0.021505186446030
-0.014407888609956
0.006789073314872
0.066266263852517
-0.028774354490638
0.004695170494765
-0.091064137714152
-0.015418675503422
0.005043650186486
-0.025514326880470
0.021881267722459
0.053264865108716
0.064049822256821
0.008937816969781
-0.046185914432043
-0.010984786346808
-0.037819042076462
-0.064535422395953
-0.105864632360269
-0.053256593825038
-0.056529107488397
-0.061164584623029
0.040120592851235
0.056893779056211
0.097233154925293
0.025394811973773
-0.007329899744685
0.044150843090491
0.004031699870220
-0.078689835204799
0.014496046377005
-0.001845021241010
-0.043946537176997
0.003974411327677
0.048231666054966
0.076983405326737
-0.097129767161392
0.065741154291273
0.057067761892839
-0.057116813172202
-0.121255777891256
-0.094882677110817
0.020797607215341
-0.067302014636259
-0.017038638334113
-0.097236360386799
0.005568549525188
-0.039172770280011
0.075410816383276
0.030388630641151
-0.017788966608642
-0.007586427368008
0.025657978280334
-0.077393157120395
-0.088402358487901
-0.024949812834783
-0.059316254812779
-0.016506931381952
0.012743970710990
0.016022759241658
-0.114639838075174
-0.001709241269665
-0.021549556447645
-0.007795951802862
-0.099064706468176
-0.030076135487495
0.035180530927692
-0.058624598811425
-0.017788719288686
-0.024915888498506
-0.038442735131788
0.084127663354895
-0.043402452189404
0.045152646735001
0.055916103893907
-0.098350075493337
0.027626989949084
-0.038708932064753
0.008314476841736
0.006035520115343
-0.017468159592197
-0.026319517469849
0.005436176575561
0.043608555030938
0.055699636289388
0.077853552992661
0.062195124320677
0.044825478726363
0.042418687660747
0.001275119210214
0.163806898952338
-0.001828801311778
0.044072362498233
-0.072726755773886
-0.055281459464633
-0.005402573958740
-0.016417919315552
0.106071918676054
0.029508007774914
-0.058509756773853
-0.015574557813932
0.068848822296075
0.037881571652346
-0.035784435698962
0.021729242473064
-0.053641641136612
0.072278492567592
-0.072102190299825
-0.042844701456985
-0.058298414681466
-0.037286902519708
0.005085005828765
-0.020063334029854
-0.062264095240624
0.096996443603511
0.087326405397312
-0.032260458506399
-0.067472428530395
0.046774095208343
-0.073257500188899
0.042061621291131
0.049299957690303
-0.049090234103824
0.050866268940686
-0.007710717479766
-0.049240776171317
-0.040901232638057
-0.062307719990642
0.001544321605032
0.006265324276746
0.022675840973936
0.043996743344399
0.039423412852320
0.018444436987675
-0.014564110932961
-0.057342903627826
0.036992144821335
-0.034953881447586
0.054097056124851
0.028148285541941
0.048283494683877
0.112175244169918
0.032505589209025
-0.052532532049178
0.006447702353207
0.001260369328524
0.077551558820970
0.027992333291884
0.078769781332911
0.024034802165681
0.048931206635687
0.019642470466485
0.057316842610592
-0.019073946291768
-0.068391942452560
0.014135345208877
-0.013671836746431
-0.000137039392674
0.068888659618858
0.139016125569910
0.059623904840318
0.038465900283873
0.069501444328006
0.039755453717277
0.031659397881906
-0.026040289503844
0.064438359142798
-0.003958531839890
0.030388676738595
-0.047472500431613
0.069454070450593
0.070875739861015
-0.000296787305148
-0.059736253435191
0.051623351605837
0.029904106604769
0.015377905507579
0.016873553695977
0.019941123731427
-0.030145582007654
0.007390482680935
-0.062177605085424
-0.034891281751345
-0.009987655502367
0.004350955768624
-0.071929302816988
0.037338096650796
-0.011021341484509
0.052855285665073
-0.021367326334262
-0.048971638005875
0.016429393480698
0.083672212642366
0.027607042795385
0.015834508587227
0.083908943560339
0.057473133609463
0.071033817822474
0.052352255903723
-0.059324649590946
0.081833989703060
0.081905418584851
0.053066393013042
-0.069155262434060
0.047647314507931
-0.105783050322881
0.044375490043265
0.063679814018647
-0.029112715377942
-0.007861316799796
-0.044382752208848
-0.076248258370067
0.054438253240228
0.059135794534158
-0.019343843858052
0.028084646086601
-0.025153744705693
-0.057543964104061
-0.002141568436826
0.040569782991196
0.034295562617991
0.023623696320172
-0.049324160341052
-0.014213451894031
0.060154449156259
-0.030875701968584
0.055838517148381
0.011544491397125
-0.026311785500460
0.009617019741396
0.021286261232089
-0.012126447835627
0.031986141944945
-0.009989538616562
-0.040443668412130
0.004275259739633
0.022423987533440
0.056481427604897
-0.036235532875403
-0.005166019281286
-0.072925225625420
-0.020582453603039
-0.050750650588911
0.039980610778223
0.043408787307998
0.018069621970555
-0.105816757751168
0.033437446799394
-0.053961190564333
0.058141399578524
0.048983889939692
0.034340896507202
0.027186976773835
0.004993067570940
0.014751234523504
0.042960701780014
-0.014091542784223
0.063925701012497
-0.012063465171424
-0.057406599033604
0.025782263554035
-0.073473698473312
-0.059906957131314
0.002755255444545
-0.002113109962898
0.032244862262184
0.062894208887263
-0.010734916411086
0.074578771829962
0.029792054377989
0.021902867047257
0.036056523205486
0.012861842364570
-0.064628148873585
-0.002391738461525
-0.021559474113268
0.026799867211109
-0.024730317289558
0.020251807591678
-0.036574137840503
-0.066699441967646
0.057565680633220
0.066010567420074
-0.004409968658769
-0.060199486301997
0.065421657130153
0.067210265993025
0.013391702853964
0.065856287561384
0.072947031931601
0.000041374434698
-0.069248202193931
0.075164780935472
-0.024500330362333
0.016942656506020
-0.048536130931480
-0.011222569298306
-0.071571476868733
-0.011417757014933
0.043183541325315
0.034397473618778
-0.029216068621243
0.008692626407048
0.019783673514303
-0.011230955054443
0.046131346563040
-0.077003475845666
0.070298237807023
0.020223972100868
-0.063988516068356
-0.031872480223840
-0.079144827134445
0.025297237290938
-0.045928094665006
0.092618433548669
0.004899351282803
0.001786260253041
0.009372621975534
-0.016266850201787
-0.043027598295328
0.014928706226279
-0.067685033570257
0.043937493104980
0.026328887708847
0.043218526269871
-0.005009958139245
0.030174492762941
-0.044924958998570
0.053530643164026
-0.019639239003312
0.053246806049831
0.063338443758771
-0.014998760073457
0.072572587243983
0.089267637546217
-0.047200582462993
-0.044085238296160
-0.026449511159480
-0.129624934079255
0.026703299959086
-0.003389217683778
-0.070386281338821
0.036550530263945
0.019033949055810
-0.035499627858456
-0.165731494386892
-0.029105310212657
-0.047903878946923
-0.024374838237532
0.038407261085726
-0.021105422544002
0.006365891011775
-0.012022548053609
0.039153456630805
-0.005956686432094
0.066099877016411
0.012029826824843
0.121177848047339
0.065529357624594
-0.043759405659166
0.028105416676488
0.019779023194441
0.043166091534016
0.017772437981762
0.017738991294935
0.032109364750445
0.021472480191716
-0.044609761933782
0.038238491190731
0.039258002827694
0.094521086554872
-0.096611757166613
0.015779733498996
0.014446905160338
0.050626911082835
-0.039562895262190
0.106318649876391
0.004434821590644
0.086796633779332
0.018075026840605
0.069461936692681
0.056052166364593
-0.020817257079443
-0.010291970514859
0.027915153195013
0.010285516689177
0.021236288666436
0.085266709602644
0.026999617933412
-0.041898957756146
-0.084926704311172
0.040480038205722
0.058083390165424
-0.032380154438469
-0.015581913508275
0.024169456117782
0.040117866612758
-0.016067393581793
-0.053481148961808
0.096143447605717
0.010998006386349
0.020088135353940
0.013061863458684
0.002719547729431
0.067943225294728
0.015973653649372
0.012146700593902
-0.022345205492296
-0.014075990950909
-0.043605378778760
0.051006309306054
-0.024796083465319
0.034517527310081
-0.006521597013838
0.033748760341847
-0.018495333141157
-0.069070732398534
0.004231416080158
0.055921450204539
-0.064963795478565
-0.067996690784124
0.007873870237557
-0.077593589708889
0.076821949928481
0.053221256600322
-0.016570627452121
0.083369180539964
0.048962429077852
-0.005218709617818
-0.040389957874425
-0.030120911712927
0.016550623030962
-0.062382514256726
-0.001028209932355
0.068140319614836
0.057130502293783
-0.020379510544998
0.036045606254475
0.031331838855839
-0.003210976932059
0.045891973931061
0.002689000506939
0.023876935442056
0.035457792116231
-0.000404333146668
-0.088599641556533
0.008684881069033
0.117998764427204
0.018492162810718
0.027106718798592
-0.050772242156465
-0.016783172421981
0.016740950156113
-0.041066011267122
-0.017909154410742
-0.039397608323558
0.024292659510841
0.081361299974785
-0.026480884116001
-0.005848178437254
-0.138256000558352
-0.026689201410594
0.001153248081519
-0.025240625046351
0.063771631735369
0.001659458661836
-0.045933315799825
-0.002308037034994
-0.002376742580230
0.005107925934821
0.057667896428588
0.016083006339634
-0.022907726204898
-0.015924932737151
-0.060309303707729
-0.049094533883786
-0.039949930017252
0.042284994043243
-0.037382678163723
-0.031677735075865
0.047465591840316
0.044682473059958
0.030161913146894
-0.075846318297720
-0.016509978830785
0.043838576231907
-0.019603784042275
-0.019495934799495
0.025075252554977
-0.044013406757881
-0.051127322844542
0.018079775868865
0.091709916985842
0.041602642794241
0.001990824986545
0.026274503309424
-0.029145054646499
0.041405156855321
0.019221512803600
-0.017969046889487
0.024722602919956
-0.079688422425691
-0.023804731119557
0.018290847024988
-0.088852249142600
-0.012255445154954
0.023525277072110
0.045053938795578
0.055279559892061
-0.047284721777781
-0.039613376491917
0.068814692612107
-0.051493727670842
-0.076391967855052
0.057781856084727
-0.065509540086083
-0.057102306381442
0.002449579581862
-0.045519468304106
-0.025343312537983
0.094553409953929
0.010326543051719
0.047947091687743
0.159896153120269
0.085897349855216
-0.009772641669637
0.013675323256940
0.067225283274162
-0.009488492259070
0.015935110515093
-0.030484031714718
-0.011900652354052
0.011889269590604
0.018410172892549
0.025198822902064
0.013375550701014
-0.135625113165287
0.008170826094456
-0.059887547990919
0.036701234499581
-0.068566839958492
-0.034626305299923
0.111839843634032
-0.080258320387823
0.114948187384174
0.028888363377438
-0.034857524046732
0.095184633962837
0.048957842535560
0.008923929026441
0.071703537259520
-0.027916484952805
0.046757742816602
0.152723458201958
-0.014306139751195
-0.006625147194440
-0.007900694838888
-0.040308472479164
-0.073646461205039
-0.063647121131151
-0.058044098076504
-0.083331733628698
-0.024631190945755
-0.053404876701861
-0.000686712048898
0.006279560534501
0.014794268393461
-0.090096831878360
-0.075125853892304
-0.019345899098537
-0.006258248653078
0.001220436062878
-0.093898810642389
0.029928607066370
-0.034144857158374
0.074584978312781
0.039151580412973
0.047840897482583
0.026441628443920
-0.072721544381545
-0.004676406859700
0.000936031009657
-0.023086440765507
-0.004900821583974
-0.013786636991423
-0.005234246670039
0.010579391064891
0.003035504945525
-0.009720163281070
-0.070483215571484
-0.099611993965281
-0.064249904648191
0.019692656226402
-0.062008932008434
-0.138651872962960
-0.074443342671035
0.003887525004398
-0.056980739443800
-0.049157834115097
0.035788804823981
0.076125628623226
0.041191586509258
-0.093346227774672
0.062976048199872
0.147982375327589
0.092548427542057
0.027855423122962
0.133678120716541
-0.034408358904710
0.016795976791289
-0.015968035491741
0.095169294648732
-0.038053312212887
0.042597569225993
0.106068442707345
0.116107737827042
0.075772536922660
-0.011014987465590
-0.000954947301430
0.002700145020375
0.025397047675598
-0.091003215067933
0.000174274829732
0.017871043049495
0.057128159690475
-0.056085290990991
0.048632766024012
-0.073169724062491
0.005525488024039
0.045358663966420
0.057818422138299
0.040422718134818
0.008303043484297
0.140998900431004
0.101337664567970
-0.023329716835766
0.047198820287498
0.023837622036086
0.057653838718552
0.057003475513864
0.005615225738459
0.060856096994522
0.020828157314957
0.089104042209839
0.010041816133472
0.008628171490037
-0.024458555011590
-0.080728452949713
-0.021275742716889
-0.058234759197904
-0.107982573666768
-0.190897689712819
-0.097911375980770
0.066478540120050
-0.005977352792397
0.074103563641921
0.053653311702123
-0.023360451654300
-0.006898824492839
0.018658237440209
0.084203710512608
0.055699993311307
-0.027390623294122
0.011415954603510
-0.022324443632006
0.103122441345656
-0.020130527055494
0.061931618984812
0.045996858356773
0.093417793429785
0.067075880048543
0.030431994537730
0.062528535635685
0.079858808652518
0.060243901357088
0.012946872870742
-0.021087019262596
-0.106285109664741
-0.041561970730829
-0.152095881145777
-0.055586254744685
0.005134403530517
0.069929770196806
0.019404595131834
0.008847531845136
0.139268307398219
0.104238628038267
0.059317754663549
-0.009418991728944
0.013538286120879
-0.025869643018690
0.084379087672921
-0.031854611930373
0.055616419344429
-0.013102922729759
0.005146601769776
0.039873940285034
0.051712476057117
0.138650984248982
0.018921956611843
0.022855177827465
0.053791173635293
0.066946817856022
-0.021676900575830
-0.042235730228899
-0.088030550356539
-0.137407704812853
-0.106932143776774
-0.052892752700974
0.073070459202822
-0.114009523279669
0.028304643852688
-0.000217008963757
-0.018405573745471
0.007690606011598
-0.059429742141353
-0.011457921407197
0.008817943413519
0.065907969830721
-0.027202324458372
-0.054992386129311
-0.004978565124224
-0.030000017650728
-0.047166710449697
-0.074091638935173
0.112044477429647
0.050887846832238
0.138683151674804
0.132776575084789
0.004930518077630
0.068319572971295
0.036469458015117
-0.039074434140790
0.030254370836883
-0.059928059356262
0.050843715081882
0.025330060489993
-0.023538378857949
0.054935705836437
0.064375394082767
0.054582674392183
0.053220693080791
0.020390586819432
0.085404586745509
-0.051572537542278
0.037232884356576
0.048849457669145
-0.001963867284870
-0.065820282829181
-0.094661425657459
-0.036179948669040
-0.071109501475024
0.103405301976546
0.075088280962362
0.026519343133706
0.120622630377852
0.018014210664423
0.014137500213452
0.109755950723178
-0.014374369735471
-0.010024033256480
-0.011825593998372
-0.048545124387857
0.036670854119294
-0.067265653988046
-0.004690937911240
0.032652830298206
0.032464116938816
-0.000694900721044
-0.037140569715806
-0.011747462481153
0.050126328181897
-0.040461270128839
-0.052656995705466
0.053922318011612
-0.038491749236056
-0.079819445412577
-0.080866859387773
-0.062361002661986
-0.059529318951881
0.094309083096638
0.018587222574251
0.094723964593124
0.096122094564799
0.104389292517800
0.022907305333779
-0.047579597050952
0.103503574457006
-0.025947407753511
-0.013888496087732
-0.008045722735131
0.066337331924989
-0.018609072244713
-0.018432382774226
-0.004376015032109
0.092803469703651
-0.010803550651588
-0.007645512376476
0.007066992392237
0.054117574748448
0.149220263708735
0.051882317910463
0.076404401343068
0.022724019828137
0.022012902797794
-0.010651593061658
-0.091931968678028
-0.045157012807454
0.054479113165458
0.063854221739527
0.076604012672277
0.089268255065498
0.097792537789326
0.015019767373348
0.062329961613633
-0.016583881244340
-0.006315983956984
0.041088322067063
0.010752911623724
0.044151832182844
-0.101779547342725
0.023501318634776
-0.003609778150797
-0.045641019908208
-0.006333666779443
0.039382285581409
-0.038486923059124
0.077984855875329
0.066088432782961
-0.044273129796998
0.050646009219791
-0.016750044272888
-0.012090871036981
0.016298043889537
0.036533598369800
-0.036244038233397
0.011217490528006
0.060235336475418
0.073552698997983
-0.043416536432791
0.107294499592967
0.075277224629157
-0.016520894162839
0.038533333390796
-0.060224269154057
-0.152043025791907
0.046061168869396
0.055263247353164
0.019533592860134
0.016268050974969
0.022895747052164
0.027947191057537
0.013604024322263
0.040323146525794
0.052258417862330
0.136774340410817
0.009402646259349
-0.045639455813901
-0.019930560763920
0.027727256122145
0.068733330366402
-0.084155836112055
0.030663512890420
0.023156156540305
0.063911578457199
-0.017414311221283
0.136680764525540
0.079437702468372
0.087890444742794
0.078026013877918
0.048891387328847
-0.099350235988500
-0.075136847573105
0.043334195393339
-0.060015377403029
-0.009711003995581
-0.040105928421752
0.096363561936839
-0.098820409949854
-0.047689461690208
-0.099635554247233
-0.008483271553546
0.012309687027523
-0.009431037398398
0.022649751796364
0.038738192912363
-0.000416093079386
0.023073236449084
-0.004195724245971
0.030204851379700
-0.099394840031107
-0.005016890841416
0.012954358618084
-0.046232410176025
0.083086719846652
0.030999540500844
0.126121733196808
-0.069301615467961
0.101640953932904
-0.031164860080035
0.018317978590740
-0.047584661629440
0.109593891233078
0.105333928535959
0.078024124148476
0.083807133164712
0.076737311796671
0.025646112169140
0.031099533084173
-0.014406131627442
0.057970918505868
-0.074100326921675
-0.022022292376283
0.032734870168545
-0.025234018557910
0.089186146383759
0.038074499381903
-0.008743201336755
0.087835024456658
0.157986385701388
0.052651401775051
0.138475557905508
0.021137261593907
0.069592897998421
0.016824429417904
0.096893623212242
-0.015325182398359
-0.125438527266731
-0.050043650983103
-0.028751584033593
-0.031564959811030
0.005022169556972
0.089519062634730
0.072560460019422
-0.015459460347606
-0.133975380831322
0.016393088324320
0.023091624890216
-0.068289622638869
-0.006806156123876
-0.107681517216982
-0.084365624701928
-0.097362445678588
-0.056820833452534
-0.071485832167238
-0.017156004757270
0.006290817321580
0.054855974834918
-0.003027324003031
0.031583489553915
-0.032621097505144
0.021851037598204
-0.011499885079128
0.002865736401560
-0.050962787162275
-0.023914298660519
-0.006973208126901
0.049989963177538
-0.077197371935645
0.023791003558814
0.041236532161852
0.109878205023574
-0.080494292088465
0.017346132219217
-0.005997152784077
0.033242429992427
0.026453152864053
0.041661653102848
0.049528907375228
0.036186457023292
-0.065380827780402
-0.061254473737482
-0.045349258295445
0.048152326439227
-0.049416900058634
-0.006059247245779
-0.007397804697616
0.068202791920845
-0.047616302443948
0.015244014123412
0.039746489469504
-0.040293172277798
0.033552856371472
0.058271416603762
-0.060427438660169
-0.051655512707293
-0.027856341234341
0.012058045037465
-0.016148568037273
0.074784723306347
-0.034626817418452
0.016687152438090
0.010943781507709
0.046598562329650
0.072735907523103
-0.062680085283013
-0.018233685466140
-0.041439445518590
0.034566404796463
0.051366976575190
-0.044784105342256
-0.072620352951862
-0.016017003100405
-0.003612336397620
0.054531595682102
0.046850566518569
0.012570173405341
0.035570134617428
-0.044484211559933
0.051726146425254
0.142420699284973
-0.020404921130510
0.006409721941637
-0.045494296480727
0.070536081629127
-0.006899703710448
-0.009980142452597
0.080650211913303
-0.158090752392121
0.012603699271945
-0.023709722339585
0.043170251026552
0.051827658330851
-0.050569052400481
0.065638871203522
-0.008058201441986
-0.067662582434327
0.042217738768600
-0.031278155344255
-0.005801730657298
-0.014260792964914
-0.006743234527568
-0.013039025283801
-0.069190376105962
-0.012936365950843
-0.011058364693221
0.018071916078768
-0.019757623498865
0.085092692366411
0.012829191950758
-0.003409017055224
0.072380237635446
0.004268226307387
-0.046996818255572
-0.027270794533646
0.020957392021190
0.143193167875250
0.040864320320115
-0.084904330939226
0.085443929819997
0.102476487411529
0.071259036783490
-0.059929189023830
0.061334838615788
0.103683976231276
0.042084730090530
-0.091199844462503
0.052618573692380
-0.067846237189434
-0.045122537156377
-0.057136877415591
0.056464570793120
-0.132648382557531
0.000356378310070
0.031431796256934
-0.048685984266023
0.043042289094245
-0.033318390974433
0.087756477922500
0.026858791347666
0.024539089581358
-0.017442855241546
-0.046133036655931
0.014869741478857
-0.079078742783982
-0.075170637332247
0.067394945642838
-0.016815775571565
-0.009661026269593
0.058357820540027
0.006938311697034
0.114559751842742
-0.015920302572699
0.053385778359684
-0.006362780542366
-0.027997353091131
-0.016489979198603
-0.038407979033023
0.108367105989674
-0.020430395722481
0.037341812815143
-0.080962147418124
-0.007946971907592
-0.043929969774179
0.065345509798315
0.125601206710459
0.041874549022214
0.049600328800896
0.015741876168376
-0.063300511659492
-0.009047040298255
-0.125253400300443
0.028738721853807
0.022242116323790
0.012228067368641
-0.052289636406322
-0.108305414313903
0.045894651513395
0.140403163281025
0.029207783164978
0.085922106400892
0.074158866841692
0.051185732219248
-0.058254259067422
0.052524534519478
0.099570839928724
0.071576825320134
0.136717629409501
0.072111332014783
0.085235670516900
0.035253559749329
0.029844344612105
0.082486986825789
-0.055405969041726
0.085957802023067
-0.064856632825755
0.097871617368506
-0.039609453542829
-0.042455598150766
-0.019914911973876
-0.008524623844931
0.013212275529591
0.059925369435667
0.008792641140783
0.060768408784223
-0.025624346839867
-0.056958969413132
-0.019440282689819
0.005362299055312
0.146298355811019
0.183606583261510
0.065661089489022
-0.017971601022723
0.073301939549277
0.052804008777924
0.164565581468721
0.045809125910328
0.067645969607307
0.043876967436260
0.060243242399191
0.083022213410749
0.069895336934583
0.057442973380014
0.028067419799816
-0.069185694666446
-0.088757705354145
0.001703286178166
-0.088939948962267
0.104598273982281
0.040524311710204
0.032229825316714
0.021944131375703
-0.056194785403121
0.007434105400819
0.031684083268167
0.036864285455586
0.030947829413351
-0.034825131257617
0.032933126811178
0.073332829358371
0.019994971771884
0.009953747011392
0.127587689896784
-0.047734215939867
0.163029962250960
-0.013835261640038
0.039654947690663
0.055877833384066
0.048623750819314
-0.006054998941666
-0.027858396802945
-0.037718244845241
0.023208482209133
-0.047067629259591
0.058040673171341
0.001960835258218
0.038472666690041
0.039893612434475
0.103633218949929
0.055357721100410
0.021241201168046
0.008339900903830
0.047195523906481
0.037000426327318
0.045962261238898
0.006474026937844
-0.006525292732070
0.022800763033719
0.069312193388230
0.029540086384516
-0.015406979505360
-0.085802165016495
-0.019518666149576
-0.070159812964378
0.097233360397334
0.120811896415021
0.054300597373495
-0.051174597890379
-0.024935304563419
-0.073176906014410
-0.015001293489805
0.012436985824308
0.022197835060223
-0.037994218791896
0.021014716736665
-0.035100304499893
-0.018698751267434
0.044045746411443
0.022174290079406
0.002825234507018
-0.041795371604196
-0.009325472674939
-0.000655697264998
0.041375475419418
0.044728848568748
-0.080540528380344
-0.026895710781484
-0.003761383803963
0.003638498327640
0.020549797240669
0.038035048989266
0.110530981122749
0.005185804123307
0.020188297500356
0.007345367901921
0.051925074525587
0.013164878062015
0.015369384687842
-0.019969902238382
0.029306288990065
0.069545515581630
0.058929017435545
-0.029674916952105
0.044030991154679
-0.039194853677584
-0.005190488047429
0.052860314531292
0.036580928695941
-0.005224561621154
0.037295239117212
0.065996940955911
0.010342487025911
-0.002813600769552
-0.014622974968375
0.041280994981714
-0.105056471666447
-0.043602985199175
-0.059999130176004
-0.030860921747549
-0.042411007726749
0.007017713660375
0.009502644152546
0.012019736896998
0.041109427800701
-0.018427220620275
0.055235980717429
-0.065177268473328
0.001943569686489
-0.039429162850866
0.015777794186242
-0.007237690782111
0.090026273483077
-0.022615943263295
0.051608550071459
-0.069364415271286
0.045626965056030
-0.055992200486475
-0.055777996079083
0.011446324834313
-0.024994555650053
-0.048419092557036
0.035325411193331
-0.000681558643906
-0.009669646077703
-0.041958077134636
-0.012242222153165
0.017158049754297
-0.092789847121933
-0.059876582627605
-0.011935155829768
0.007509116015146
-0.078958096703327
-0.016657511710702
-0.037850684174603
0.136217263999973
-0.049560630576167
0.086297483808425
-0.060766670147558
-0.000932312096283
0.027251596234278
-0.086758127760322
0.023393365822383
0.017251320567584
-0.034652244862991
-0.039495930126454
-0.018993566657154
0.026423862462716
0.035798407766795
-0.025017655859058
0.102764844864993
0.025509065288474
0.102662851258445
-0.003670461026880
0.041022675679663
0.009899409503768
-0.023837104973993
-0.041950757921940
-0.047006491811196
-0.029041280520008
-0.007993230202620
-0.037178607255753
-0.030861399677731
-0.013177620400536
0.013701543459781
-0.017202040089358
-0.002696166895420
-0.039415893754473
-0.039381178299177
0.055640658858241
0.077716517768739
0.034707331962536
-0.044605037290943
0.020733691830047
-0.001807278339394
0.008948684233411
0.014843239554210
-0.051499864588092
-0.016158205923005
-0.110596323413660
0.003012660777335
0.030865509621898
0.056307982171972
-0.100347725897712
-0.045776348626409
0.008436692041536
0.000115095356320
0.020311202447902
-0.062316563021723
-0.035185725043537
-0.030330738412959
-0.012873542430949
0.001859893918252
0.038636003397624
-0.005201478902565
-0.102990362208036
0.013942963778664
0.010422580448308
-0.032709353802742
0.108274321728638
-0.038989527861022
-0.013406159655266
0.041648181723813
-0.073793728632951
-0.061856301860873
0.014160715998529
0.028418547178514
-0.019533638051983
-0.001438967652139
-0.080793069225137
0.023184479655838
-0.052496509664119
-0.027602245067973
-0.034150789474561
-0.039840544311787
-0.019348762609707
-0.073147259661941
0.011530876716737
-0.048272021772034
-0.014340731845540
0.010409512935963
0.002580809830420
0.047166961747350
-0.049200793601929
-0.000310598758160
-0.026967122180155
-0.011905205199551
-0.009283084436810
-0.048701245459990
-0.090676364082837
0.030964883923708
0.042298058962795
0.060137657369787
0.055965191327613
-0.065668440361241
0.050799610728871
0.079308577791206
0.045531121450678
0.007133425175383
0.068503711847175
0.027517099564358
-0.071936035543150
0.011643713804981
-0.012420889348427
-0.095105974035819
-0.010682739578252
-0.059246091212425
-0.016818957616903
-0.001220428678078
-0.044413744017840
0.050432195244202
0.045122850793849
-0.073858259409066
-0.006264347648431
0.069751649766340
-0.055433118587833
-0.132448447831249
-0.016410086550012
0.033326368312015
-0.070215281249108
0.049328245992047
0.052664878734748
0.051451662621674
-0.004715836244047
-0.039535480342521
0.051247463342510
0.015666489823482
0.007911971604806
0.018035048861051
-0.015631443198719
-0.053083907321740
0.090917771841543
-0.076227003531223
-0.023651389548769
0.030360465149737
0.078476047740733
0.035607443262964
-0.039116194987901
0.058181528881597
-0.055309131697148
0.030319689785090
0.136087871145608
-0.014430540949839
-0.033729603921552
-0.026950201529244
0.078594398801770
-0.045297182033634
0.008760639776820
-0.011075080352562
0.007133192804419
-0.043575316770312
-0.055374628511430
-0.023623085158058
0.010163803529200
0.025823834518192
0.004685356754437
0.110741891192649
-0.012989358019972
-0.040044212517355
-0.000797162320728
0.074204819563270
-0.045179751687726
0.060355529724717
-0.003542136276574
-0.039277054861799
0.014518187831779
0.017258905681270
0.010331815947395
-0.067973148375681
0.089315140269841
-0.021056461915742
-0.039519650293183
-0.017539032190934
-0.027012020861315
-0.018148617715533
0.079200732152023
-0.055269969458536
0.038772680796559
0.078376417247982
0.046193283686360
-0.049479199056015
0.052200356004335
0.029752918777296
-0.040003769955411
-0.076855898142667
0.060699688772983
-0.016648907067334
-0.014745418376237
0.029262485139916
-0.070125071856502
-0.044038120414712
0.071105853483664
-0.037540351571471
-0.021360304999024
-0.047249233538107
0.020788913746197
0.014652375201614
0.024375030502966
-0.011197683748168
0.109411555194440
-0.035074946791563
0.006142870553372
-0.024213439143219
-0.082411009698317
0.003837015654134
0.046284076077840
0.023798951695636
0.027194905101683
0.045986598785503
0.138314517891104
0.075017148160700
-0.123390421685383
-0.046511825130977
-0.044208145451166
0.112771163962921
0.000207345484920
-0.043312188360945
0.000471057792883
0.059000477821515
-0.040820372224151
-0.052800392065280
0.026705761698613
-0.004379229983264
-0.039626576830791
0.064500402447649
0.018729052674650
-0.012734757530841
0.037709128509992
0.049856744961879
-0.014630699084713
0.079603300521946
-0.030765782696568
0.036222978500001
-0.002041921424258
-0.031732532350329
-0.057893524159016
-0.045984824771896
-0.001921757473210
0.013859409236938
-0.018946212330420
-0.030045620046841
0.124112114856845
0.030707667252682
-0.010911248024858
-0.067865467447756
-0.077152251958330
0.074351721803763
0.035661032673100
0.123206789669350
0.012723625704235
-0.066612283872485
-0.075263970157375
-0.045847457243683
0.013159200611777
0.006138919304323
0.087538086637716
-0.055419350801771
-0.004818976627969
0.000135583586830
-0.028714010058192
-0.047266889406560
-0.038080682462702
-0.107984972330824
-0.054862318386869
-0.020442291510866
0.039317987209731
0.053451665146242
-0.016962482037406
0.011595207779067
-0.030411342463456
-0.022625414316960
-0.023652730875309
-0.056055377767987
0.076331896659185
0.023965625287384
-0.025325069970533
0.052781172682272
0.115401617715579
-0.021720513837358
0.026804789352181
0.007965358992988
0.035023871787865
-0.013814453101669
-0.032433496100465
0.049540587675279
-0.011582758038585
0.030926853621214
0.022324926925275
0.014125017822987
-0.008593856899074
-0.051938661137938
0.031187997346939
0.015665129494957
0.017801243686681
0.031248600373467
-0.041571376337071
0.019981161350349
-0.012435178943878
0.016293579309190
-0.012178373194120
0.030776367798957
-0.004938268308776
0.045118068055578
-0.039894261318369
0.089564430294248
-0.043964560483542
0.031417440803645
0.087844806644858
0.057335183386390
0.034066282517202
-0.025200342183387
-0.009079996280268
0.036839338276251
-0.079412840531767
-0.015544426022421
-0.001098910804645
-0.038346313340376
0.020515579136437
-0.000976653466749
-0.042789176508239
0.049106640970661
0.024545267100856
0.075367733064904
0.088114278783739
0.005821760130869
0.094072695497019
-0.032925737760030
0.017504292116504
0.009810034965896
-0.036769004916755
0.067365180673739
0.028467968196575
-0.044804776177012
-0.050734108740817
-0.018190473780889
0.013166284822774
-0.042660079644528
-0.009373900182477
0.040634289037524
0.038465399456173
0.060386599274782
-0.064466080117328
0.062487541950992
-0.028923066458994
0.030229042076978
-0.002153547762205
0.043230320649001
-0.011977131270089
-0.019796716362279
0.074426237710111
0.064018434709772
0.077720200267905
-0.044518952537480
0.051080759797069
0.050775780464699
0.055038346894474
-0.090923222897662
0.011654784925915
-0.107234921291505
-0.098930232798676
-0.006216101503025
-0.002267968696552
-0.065123102632809
-0.051230538213072
-0.065434606897059
-0.081454377431231
-0.000546792717672
-0.015541019208357
-0.000850159513555
-0.030871545546470
0.048040840334322
-0.055890442821375
-0.058669573356317
0.048241206658692
-0.061341161829841
-0.017549065728790
0.006609382556639
0.015359313203814
-0.062326235045922
-0.064763491335052
-0.029017255926920
-0.036974877399108
0.037732042611502
-0.032224148951998
-0.120837381248220
0.052330094718145
-0.026097925117723
-0.087607788951623
-0.096231172951680
-0.016187404205116
0.092797056412491
-0.124859842845828
-0.017220983131487
-0.027868164088236
-0.011873786633083
-0.056483238229353
0.021230328282158
0.007376227982001
0.002480195183120
0.003684222163331
0.027030157676678
0.086442338080797
-0.119179224443497
0.002601950431445
-0.033111101455319
0.015254121515028
0.018172326018373
0.026622472188889
0.029229499928879
0.050653483696679
0.032947698242335
0.029336361831891
0.073072877305715
-0.112223865621617
-0.012150728669638
0.016065727542644
-0.029000045940368
-0.081061532658722
-0.036955443136235
0.075872525454393
-0.045235292977934
0.011973524472196
0.012644649865330
0.048219621717534
-0.004710322859470
-0.086554293404399
-0.018004253862466
-0.055640287836159
0.105693724863473
-0.044058632335804
-0.009284761600236
0.027783866496373
-0.035297602294851
0.015421934325462
-0.060342353425247
0.125327105070477
-0.065465172482065
0.045845531849015
-0.001918504320024
0.046602729811096
0.019382093842246
-0.132493734389861
-0.088526722440293
0.091244077511104
0.002869028461748
0.037268717227765
-0.019558287615725
0.046889673556234
-0.104978782807534
0.017604387116795
-0.008283250955819
-0.047709929569327
0.087560267417178
0.025007710386748
-0.016933452064578
0.029926635045301
-0.082604037633882
0.051520275203523
0.048546604866309
-0.062292989816958
-0.050558810352620
-0.018301318944539
0.034277397062625
0.038203244030136
0.020779077664203
-0.052996690979050
0.072435247668623
-0.093041130601530
-0.023753528804410
-0.033481537475012
0.002581472959960
0.029902774313711
-0.018395008217812
0.009767595777299
-0.007588513831320
-0.044395824717962
0.170438731513878
0.079487570922249
0.044040109291115
0.046142101830077
-0.016874648537383
-0.085519719291423
0.034460801994579
0.056268632383988
-0.032485134650494
0.046353239409212
-0.061719068946059
-0.083055474974651
0.002371726467127
0.029372099832465
-0.010607483597239
-0.100743566726958
-0.018970028717494
-0.071603524384529
-0.036299352455062
0.046367908238337
0.095478002373154
0.001293971022921
0.053443431092191
-0.016176154787600
0.003118983960293
0.032020656360134
0.074669129072501
-0.040361427821653
-0.071281329853808
0.067562035681463
0.105394399082540
-0.027773138066466
-0.100898985243623
-0.004366641999259
0.009457252111897
-0.035750187222137
0.002268877909280
-0.002333181031822
-0.021616975522026
-0.102002010887683
0.071402729369389
-0.057456439993406
-0.015545537825750
0.025725018244599
-0.012329697156234
-0.060689285867508
-0.046794510484625
-0.001571201124569
0.047038047214639
0.009941083207873
-0.105876739417975
0.108036350883026
-0.054930361473949
-0.049039723483549
0.052620005983247
0.070871354732330
0.050357148012932
0.027822950274410
-0.025203743669290
-0.003369230574067
-0.051641100233377
0.075893501944139
-0.036499867281789
-0.041083151522293
0.001218511979060
0.010929245721397
0.059027580010771
-0.001659027704806
-0.079045744266152
-0.044310596703455
-0.039543093237184
0.017121443816664
0.028417439903183
0.166593691486610
0.071453967778698
-0.023910186624585
0.026846207512107
0.005173854873210
0.009409000260377
-0.019316087948477
-0.023428258385565
-0.040970084362920
-0.017849899592364
0.034833599780034
0.006151441180851
0.051388222690098
0.011487787156255
0.006223017975007
-0.008560322430250
-0.039672581733039
0.003064759987596
-0.012628482606339
-0.073759792450269
0.044800780659473
0.052419565271333
0.032242338458657
-0.039614723545820
0.006880596994659
0.019686929247381
-0.057084017687109
-0.038259469876887
0.056354271208952
0.072026879779700
0.057348739647939
-0.016675367950337
0.010254733450849
-0.009746253585678
0.020345142229325
0.051084219418404
-0.018157358547712
0.076808262078700
-0.018579987572399
-0.022615008555758
0.055494450987367
0.034776601753175
0.014156339935762
0.098069420208512
-0.026264929940684
-0.023835027165030
0.043423421454045
0.016033720380117
0.008731068284402
-0.106188409610792
0.014600982642140
-0.043356998845994
0.007374248719302
-0.016545577088564
-0.016735122038161
-0.045414327627163
0.004937177053185
-0.004709738709235
0.000143609329938
0.014867224206924
0.078143151556406
0.033273517222967
-0.023828724262255
0.067857961613059
-0.042650019874959
-0.059752771727422
0.013589380874109
-0.031358362304789
-0.052689242424586
-0.059280291878567
-0.044371561518394
-0.069468510993428
0.019747040600125
0.089963869307350
0.025686390629893
-0.059257605070696
-0.086194097329374
-0.068339089839618
-0.028644371331726
-0.081248726943089
0.008916236781671
-0.075571185047215
0.020082820611588
0.018773051544492
0.000519523460074
0.073232236291062
-0.029993301179086
0.007478557199685
-0.017166287612879
0.036174379707990
-0.045543805487646
-0.025997789584881
-0.040198570306969
-0.079237325300247
0.060931105261103
-0.052428637465624
0.018562046330123
0.016106473403190
0.045043865790249
0.095291908751862
-0.025399818826165
-0.027693131707059
-0.036856432941543
-0.020267577111406
-0.022810327053676
0.017010227922878
0.030769101840464
-0.010123572806508
-0.018229504089308
0.053847771809569
-0.025649418268315
-0.113944049091540
0.042172327199855
-0.012926105176037
-0.084592477932023
0.040924485382916
0.010677842374987
0.093389095484531
-0.085881975611267
-0.038293688294457
0.012691399241823
-0.017145507186707
-0.004136717397401
0.006751653539898
-0.040312149880908
-0.002791753138040
0.086807003190696
0.044657430156548
0.036465763841058
0.017239832979029
0.042526259710920
-0.067657127859090
0.030322894001907
-0.006101145982505
0.022617138114311
-0.033369176852811
-0.008653967455762
-0.054965392963576
-0.005542536027238
-0.026138458999809
-0.029124088045980
-0.050480246582521
-0.020938282021346
0.004376282958882
-0.008486207103206
-0.016477247789730
-0.057112174758460
-0.120004684689819
-0.023294531024701
-0.045750211324891
-0.064571598712483
-0.042123638888586
0.032593900293392
0.012029252339481
0.014113643330862
-0.024064765451816
-0.072605635088867
-0.029535278330708
-0.056071408635628
-0.050618343939529
-0.030794093472661
-0.061711063762316
0.014493311157071
0.027323926124728
0.028014819813842
-0.009294571451247
0.084176768216661
-0.050844503983041
-0.070543254644665
0.007366243949588
-0.011839833471692
-0.117922557461580
0.003078234169040
-0.016870643340110
0.005235703930247
0.056878079836470
0.053989300895759
0.071064106948992
0.053867868224577
-0.045319033190307
-0.073952647450829
0.001576035212741
-0.018208222284382
-0.012266263692273
-0.030500055077499
0.079920359842625
-0.022497798143305
-0.032591338116597
-0.016536720555426
0.007982489915920
-0.046711818213367
-0.104771270069124
0.110275544976052
-0.015033836257265
0.003210702698958
0.064508148124375
0.088271723839018
0.028245585080376
0.110072456932668
0.099277464667893
-0.007630763435025
0.051414958155309
0.029431683611369
-0.028558205636789
0.045429731671626
-0.019731059604745
0.049446180415407
0.058447736108560
0.056267364860349
-0.005046151800126
-0.017800956757401
0.035646208619556
-0.088872110819070
-0.004720777681009
0.029486530573591
-0.031781259197520
-0.033104794158889
0.000153699704597
0.020279310876803
0.146211974804862
0.010374762446922
-0.082190392321660
-0.043449336672942
0.077026454105764
-0.006592370926316
0.048412126360831
-0.012297848437952
-0.013247054855754
-0.036302173236068
0.031588885489627
0.125923343634680
0.083672456107514
0.049370600294737
-0.058201628668701
-0.028228950751556
-0.081954675850047
0.048285181494021
-0.027447133216302
0.083704814271292
-0.041811322079521
-0.019015696597163
0.090170552134387
-0.048366792933650
0.002944007043847
-0.003887881714757
0.060969138545401
-0.009175027154576
0.073450938243634
-0.073864822900023
-0.017814321330116
-0.087648021100964
0.026203003461093
-0.007305535065410
-0.008080020140380
0.068894265011480
-0.082902646676536
-0.044165666352091
0.052783100318990
0.035497842725785
0.028930713352240
0.027294728620614
-0.016255447794222
-0.003905712721763
0.059014964317842
0.001654078469343
-0.032459620441782
-0.029141436570400
-0.002874810687075
-0.059631629977513
-0.009193706625717
0.013529533918689
0.048270153442916
-0.045689486674568
-0.014783578932375
0.001570416958941
-0.061704679162640
-0.055072523656646
0.011249664261284
0.051927398481042
0.029588281220773
0.045548590915990
-0.086577036833104
0.048439768746837
0.133483471916520
-0.023492599628253
0.044366633556589
-0.032163399424701
-0.014827474089972
0.060070222169063
0.073195907690250
0.039689745786309
-0.117840893748124
-0.038390373045088
0.060931827114698
0.050257544051185
-0.011065439142592
0.044207179954217
0.073979563260389
0.072224760372853
-0.014343148474233
-0.049088307359588
-0.087620879600194
-0.067931763707679
-0.152932192075189
-0.112807872694771
-0.051294463037606
-0.142869738355022
-0.064632126007440
0.007056823971401
0.065662472902400
0.026355682396548
0.023073044397079
-0.054682488829347
-0.000278373110016
0.015064537876141
0.057381265505925
-0.058944423770219
-0.085383564583953
0.055236719615352
-0.043325492177516
-0.035492799851247
0.058446114162003
-0.072625399810532
0.039205221699496
-0.005382561811206
-0.018468533258604
0.054038527614057
-0.090801092887945
-0.031748966943722
-0.003863375329144
-0.120574762701057
-0.094297499958514
-0.100025819598071
0.029321396210940
-0.026080741179388
0.016461638434100
0.031826053624978
0.034582954203968
-0.053192808275093
0.009466061904807
-0.053334305329266
-0.063132825660147
-0.043734073776375
-0.117469956081575
-0.041914071288570
-0.128982701890563
0.006717532126893
-0.024557303168423
-0.025628488705396
0.072655394627871
0.059329455094855
0.015973900716024
0.018705674985544
0.007778411700253
-0.006216101135289
0.004794069350567
-0.021312226428299
-0.010194153338608
-0.031421005460342
-0.110850798037756
-0.024460795350124
-0.007507664751520
-0.043691872780067
0.050463651120077
0.035276124995890
0.034440333520688
0.025017296030901
-0.028099193221889
-0.025816264901644
-0.048731313070956
-0.053249454678096
-0.097261697912074
-0.023029526298116
-0.015193117718430
0.056474974680735
0.044003649292336
-0.016545685084498
-0.031039165900965
0.030393030920398
-0.010973603400772
0.062159308965482
-0.038449979778259
0.001058595422086
-0.121857392657007
-0.111411897163699
-0.056201019084327
0.025996952743412
-0.152172726774888
0.022241344921764
0.094075365161752
0.037671879087590
-0.021766532141943
-0.004323885308624
-0.056612034481355
0.050870240236390
-0.032655717812241
-0.110853923596979
-0.065868643573209
-0.044581576507049
-0.071434865255390
-0.077784090656628
-0.017795751492819
-0.061393463914855
-0.037684466972619
0.049256333114775
0.069918164880629
-0.007364636534001
0.036358310702585
0.017944367881450
0.129958867171680
0.027903215047390
-0.028451413485397
0.065011103715571
0.009721190053562
-0.060587840453722
-0.052400138389703
0.040706744290518
0.049904775068284
0.071155698390186
-0.063374325004362
-0.034171949922033
0.065780672152259
0.005313079757086
0.048476851243224
-0.040860690252756
-0.041325964378629
0.065170859692087
-0.073322570231103
-0.052197087094145
-0.059468724993695
-0.100128395226706
0.012831573272056
-0.027862755265854
0.054128179214469
0.010795194539428
0.006164892411138
0.089037718011901
-0.084967528910129
0.061396516717782
-0.034125321506061
-0.091518462899624
-0.091111917188954
0.008727070945478
0.094049184535984
0.048900486976645
0.008109408968308
0.063599227272807
0.005899747583839
0.036427253453403
-0.024528561091796
-0.023843415320350
-0.009710286494057
-0.051738217279920
-0.040476709621137
-0.172924896051604
0.005631305692467
-0.012064897575070
-0.009733150867558
-0.098936758449291
0.017541075214107
-0.038736968214316
-0.017999148553885
0.035509574237689
0.034680025312463
0.023623149034881
0.068531301632437
0.040183909259873
0.022915355179879
0.043686604895204
-0.000475898828624
-0.028657403308206
0.056106679805485
0.015628825281162
0.040855743660495
0.005843919750979
-0.000855730132836
-0.003233116799610
0.045347761302398
0.052762867345163
0.037956167253061
0.022554612358681
0.010257459883285
-0.042336143909501
0.102883879510799
-0.050721012373651
0.039781895985076
-0.021855160027855
-0.006490025691655
-0.015324591834679
0.014316046664705
-0.024820871466826
0.031138968837669
-0.028659145642939
0.006503048283058
-0.053665046809243
0.010021288632145
0.030722976128271
0.072592916164057
-0.005540258962698
0.060178419717852
0.082731783118319
-0.072406400520042
0.028137996945614
0.037357665540715
0.015489237277888
-0.080230141580443
-0.035332478571826
-0.022130882677446
-0.015230463534237
0.032156948133613
0.051445911165805
0.031500168520326
0.009175208843047
-0.048624799283470
-0.008672901702846
-0.059585202772869
0.030708320841628
0.012474587062737
-0.057082851456630
0.038095277633840
0.030284210961492
0.035578847911309
-0.009418083869811
-0.008368227285953
-0.024318628104862
-0.026861657064111
0.142675552480026
-0.037983135216403
-0.055199233399419
-0.012752195396372
-0.090435829665577
-0.029708016624766
-0.014024608571838
0.049503101241251
-0.020658765597522
0.053547950561312
0.058438439074090
-0.021773801158048
-0.042334926313296
0.048756440320985
0.077324750994993
-0.070425770792379
-0.017605533987927
-0.003932109119942
0.029625641148127
0.039344161926308
-0.087673804874943
0.126764801540825
-0.051163188078549
-0.020919793582029
-0.011470480541568
-0.011211935492061
-0.032838418215925
-0.011770451690034
0.055811219384561
0.004243599876397
0.030321758989008
-0.043398982125773
-0.015997380278855
0.016109839583595
-0.010084566323948
0.034611951148692
0.059299114478854
-0.039306325865304
-0.009676280130534
0.049997434318859
-0.077958457478882
0.041047834057774
0.000681881552310
-0.060006462483604
0.020516094677900
0.043346788617760
-0.135593689089735
0.072902608036799
0.092139480831958
0.088457195947718
0.031832590862963
-0.032906695455326
-0.047684388194877
-0.053962380190446
0.063854844814380
0.089827571810003
0.141422397623750
0.045689795026230
-0.000093041419268
-0.019930215734640
0.081261916559596
0.021762825280689
0.064942205577994
0.034175650443397
0.046801731586282
0.109950145876938
0.047784519922662
0.121532786795158
0.002834156955113
0.024761451192375
0.098956009166814
-0.051412456144375
-0.012357398713809
0.020584594049557
0.002526521467835
-0.003368948878960
-0.102284130092826
-0.028818043401286
-0.063290253343911
-0.005136867060467
-0.032798220521160
-0.011169969389631
-0.047174996456440
0.078456785194246
0.093810191308068
-0.010086772935548
-0.012075628386334
-0.004709170741982
0.028529665999821
-0.009747878290466
0.027500420004612
-0.018275751439870
0.026506397340028
0.052005117716984
0.068630882879218
0.009936319638471
-0.020781721715517
-0.020457718988092
0.084484675053122
-0.046019767147753
0.082665935604877
-0.053745365897513
0.002348515321626
0.002860318471627
-0.026151649225806
-0.029696792952584
0.016163132676839
-0.043103509932723
-0.092274368940828
-0.058164300568799
0.034249636391405
0.107185647161945
0.007959230290149
-0.021079608974533
-0.078874190592382
0.006927304479200
0.067894594553706
-0.058033510494744
-0.049238638904726
0.007620078432114
0.030636645127697
0.093033684035949
0.029143215924702
0.127530097781919
-0.041615447225806
0.026563415766009
-0.023130043748278
0.052421078136069
0.005054019401344
-0.083303825071436
0.040201670611434
-0.030870677026374
-0.117949019596208
-0.119522442390584
-0.077728565725713
-0.002872793725033
-0.074917699535535
-0.042542605125130
0.080108924856058
-0.031740640832401
-0.001189381410308
0.085856548347591
0.025171176179720
-0.006116202468080
-0.039870345664001
0.021992267150171
0.057784718287640
-0.003115539932795
-0.018711325739565
0.013381781415617
0.004735787757339
-0.007177739219127
-0.072153216891370
0.009391345480144
-0.021535784747937
0.005896488080245
0.014727670672475
0.052449370321763
0.012474723686988
-0.114959967697762
0.037138966761650
-0.020832869775903
-0.000310006545457
-0.115112920435181
-0.058521638541896
-0.092919619178093
-0.019376052403015
-0.102887358690094
0.043883508571059
0.068256424000468
-0.001232595566819
0.031223612350950
-0.056044797580406
-0.028450003818266
-0.023695215242723
0.014675064182739
0.041288755609170
0.026346507528757
-0.037507960489409
0.047759386038385
-0.071348254428581
-0.022523043492712
0.020730534104157
-0.012800201097915
0.021475111669940
0.021006898342567
0.017076605296437
0.005604774613142
0.052709895985657
0.018974870042649
0.016803257319532
-0.030532967497736
-0.001871649437091
-0.101359350196293
-0.000624635914069
0.024470292120535
-0.031212516213978
0.019158319004181
0.031020074178650
0.058752998573905
0.033024220831675
0.053615687707325
-0.072617377554606
-0.055003339094423
-0.005791362159002
0.006407468872173
-0.073914594180637
-0.059511443350804
0.022745581101236
-0.022133323855546
-0.036894271349594
0.053915471039351
-0.017795543176863
0.054841749830308
-0.061796122115725
0.093138938643780
0.026944784459148
0.024602383690596
-0.040381289148599
-0.003186270962388
-0.091719977685824
-0.073275675294777
0.034823013149730
0.021722471771662
0.026223785516160
0.010920975227045
-0.067589721619732
0.056562711905400
0.038070673377888
0.016148186974642
-0.022150240086816
0.017944759540993
0.052013652816141
-0.009942439684964
-0.036396486612104
-0.011209914659017
-0.053422958789400
-0.006352615208912
-0.045324802352469
-0.022705836812570
-0.000644818175191
0.047168778575944
0.047792523398662
0.031017763043941
0.059654127462488
0.082864354148362
0.030152470305060
-0.030141200408071
-0.087666125551394
0.032200007979650
0.015358989267784
-0.012736611894847
-0.137114524382334
-0.068035736650161
-0.063124697428184
0.033880000048751
0.023849561476984
-0.017621143372124
0.070342931107822
0.047204421747318
0.027197983846940
0.011025035818122
0.003447599328076
0.030050949077503
-0.009509269422448
-0.033405203577797
0.034163230892802
-0.070298270284050
-0.005882245949269
-0.034093406828130
-0.007973697197713
0.045472951964612
-0.026267733227125
-0.054420572078220
0.080149363713877
0.016264514827677
-0.056386708643882
0.019619620002888
-0.063618662609638
-0.080811306856677
-0.097059149393478
-0.103505848042556
-0.082894813440575
0.079744399760478
-0.068411940130681
-0.018327303915019
0.001513181752519
0.037863722852215
0.070222117321045
-0.094032397184968
-0.004082108156849
0.017121963635977
0.087273927555043
0.016908912353448
0.010342932068398
-0.009929741198362
0.018349260446622
0.075009431337033
-0.022123205382797
0.050763380051203
0.027550728809480
0.014525907949028
0.020450251180690
-0.076780833317421
-0.078494895581021
-0.020525906296267
-0.113566967065848
-0.005409436305799
-0.002015091804418
-0.133774165536278
-0.090000794774379
-0.002168338080569
0.034206185891182
-0.033702880158741
-0.055263304694980
0.007843392961126
0.049467572023533
-0.002684893012632
-0.051859705568660
-0.026818772509307
-0.004888286929980
0.014588008399230
0.088950595037046
-0.046131274968644
-0.017357091102630
0.018704905049405
-0.036263685155293
0.007771329595633
0.013572782730032
-0.030133895947264
0.059421792246696
0.029388869113457
-0.041548360887157
-0.100249103157755
0.001457749160582
-0.036358328140948
0.036591636234880
-0.001458522307064
-0.028514567601498
-0.034981629262189
-0.038449070637057
-0.054798357881640
-0.040238585127069
0.085972652584883
-0.000637417955929
-0.065310078856859
-0.041152169577109
0.025590166513223
0.021635665061416
-0.026990286843529
0.003868710432463
0.002099026904702
-0.051937018628640
0.006046473182355
-0.069377273134031
0.012981153197053
-0.002373982790408
0.081773766949251
0.057290103711701
-0.060889502815696
-0.040246943170633
-0.020486063705075
0.062717023371979
-0.000157223438073
-0.064130688026631
0.004182680426350
0.125827030722359
-0.001460165860078
-0.043112184847721
0.007362465702422
0.008941985873794
-0.053599614710806
-0.019932998376533
-0.005325628420237
-0.036571600908620
-0.001793614908605
0.009316089830940
-0.035822090410630
-0.043521916408054
0.039908111651421
-0.022738234919726
0.019083857284792
0.012353803356503
-0.044697012977507
0.083541905743316
-0.027516129096352
0.021277783424275
0.045450298659327
0.067621053226627
0.021919453278700
-0.049181423499453
0.016341494837073
0.046019774103868
0.051053331818639
-0.048176602140622
-0.091305684556209
-0.082549981733226
0.091037160352476
-0.054647942103882
-0.029767148198474
-0.006053104451108
0.015605385405469
0.031565584964257
-0.016435314373666
-0.019589505030489
0.054560181352070
0.044608363990495
-0.073000025050499
0.084778570809496
0.036183944520620
-0.031305566336883
-0.065156993081208
-0.033175798665675
-0.005304400344407
-0.026441968624110
0.034133540462050
-0.015381997118353
0.071051494461768
-0.028891974202580
0.038461549064769
0.017706177319378
-0.011591043063698
0.052448862923689
-0.021848938335921
-0.036677790656712
0.078316441950374
0.014822345720957
-0.019550336213891
-0.025383008740281
0.037277057054474
-0.091752197982765
-0.068902844102803
0.117353544487151
0.028165866001582
0.066857709925806
0.007578813661765
-0.026073315396664
-0.003989425912716
-0.084843191101960
-0.032443456919466
-0.012099935579910
0.092116399559222
0.047856861551681
-0.071715099380777
-0.060359233100039
0.064054656393480
-0.032105936199681
0.023814117506941
0.012087758228399
-0.016360720796763
-0.027980690693505
0.130309705283059
0.079394584486428
0.043240115683849
-0.024351187728597
0.049456128088667
0.178858387152942
0.147059940113119
0.155873431342012
0.073603832891675
-0.057285929490018
-0.043905700563429
0.031053604522573
-0.001064585017121
-0.034668510970156
-0.104452204166001
-0.005525170874031
0.042640688165671
0.090045936496413
0.064185975619469
-0.055929753728850
-0.004266889595896
0.075346971884470
-0.068800310894817
0.011172643139008
0.018692476697236
0.047320039039512
-0.130872024848801
0.013858061211059
0.020622105646171
0.016255361382827
0.026656951296879
0.059705535403778
-0.005298531333424
0.044939595238838
0.053212968523788
0.133512029840719
0.038612631466028
0.026802038304197
0.061090381871768
0.042459296285993
-0.011873171957791
0.063958962430053
0.054943294834843
0.041335470561496
0.057185416259053
0.004539781980784
0.028406479615835
-0.069136720884854
-0.030601621397768
0.046584480145217
-0.049882018567765
0.017439431624270
0.002055627756731
0.066452549282770
0.039857692144762
-0.023384557001099
0.040396469002037
-0.044929740520160
0.126017772571212
0.122439411459980
0.128489969829635
0.038608247260719
-0.030001559186205
-0.084195051164455
0.038612359731269
0.159862857477448
0.029040866644149
0.073187155945283
0.006321953338523
-0.008180786770158
0.145854619685447
-0.002270187865384
0.102939246795025
-0.017415334362365
-0.061021326494368
-0.056969771536187
-0.053689651498725
-0.033133909227523
-0.166551340190146
-0.150033398821958
0.030404413453754
-0.023650294084206
-0.040218131918172
0.027442311392178
-0.006425889440165
-0.015601906051973
0.036851733252846
0.039408508170553
0.069298465527246
0.041893313487965
-0.025010369620509
-0.009407974501636
0.119486397857315
-0.046350101304129
-0.055969110832583
0.015796292333642
-0.061498062841233
0.019884247185563
-0.003716969079647
-0.078718302734335
0.070574581620857
0.012138083400876
0.080590641527190
0.062036896879237
-0.036331424796124
-0.060495321992461
-0.073811064550704
-0.069801925158405
-0.025764978691985
0.010799142349016
-0.007740034177121
-0.032811156369665
0.041934504258846
-0.003530535508410
0.079645442339353
0.057978526420866
-0.037945794689289
0.043346666948567
-0.012237102505102
-0.056285635323769
-0.099712899275211
-0.065773069874743
0.098704895623712
0.132052386871673
-0.040566785633011
-0.079054798961920
-0.012150556307056
-0.041455735281666
-0.007123041256507
0.082376749559988
0.012184829654087
-0.056172574109144
0.038710883323822
0.023124416233704
-0.042631409372474
-0.038362222048519
0.063649969126946
-0.051621308778096
-0.041636407819167
-0.018476412937731
0.039720809918570
0.067280856227787
0.042641733790477
0.096941244457986
0.185194536749112
0.009816691472314
0.025092835739607
0.102805352962766
-0.135604657318642
0.018182458542521
-0.022577067163404
-0.066021815216105
-0.043377456091552
-0.006687391203524
0.100082870871485
0.028223094357929
-0.011071657238164
-0.064899959020632
-0.061962748556065
-0.078303780678138
-0.064219325530518
0.002247647405469
-0.057872702294475
-0.000722577870311
0.033275186251284
-0.021956388833569
-0.017959544075799
0.029175125256434
-0.020842066717198
-0.053002203827005
0.073626755695138
0.110377966063550
-0.016451530549687
-0.043749120687496
0.006359931082386
-0.013852260806975
-0.093009103139192
0.030152387643304
-0.004507652064140
-0.089325826066514
-0.038636996395272
-0.124320107603850
-0.021953964075939
0.010808854742540
0.049331472833854
-0.017525895052669
-0.071943383923040
-0.091700809658847
-0.037615286806801
-0.056502924910420
-0.038441705859489
0.002687900702852
0.038955021020303
-0.023226311072441
-0.029377686593839
0.021051437976373
0.113493476086256
0.096535503790712
0.069217297314739
0.027189256746505
0.000361391777463
0.046653029234004
-0.042157400815311
-0.012396304732501
-0.099566533503685
-0.075601889782851
-0.044347036847595
0.046562774569642
-0.122424311241869
-0.008935391373902
-0.068290147358037
-0.048308789315230
-0.023337854284514
-0.018781887865250
-0.082240675054766
-0.065439254054629
-0.051807627188294
0.000170867091132
0.016245536717306
0.043584873035460
-0.011999710965255
0.033155359131489
0.010259047067450
-0.039101537806955
0.074188822896851
0.041506474737110
0.120741434625212
-0.037460459829680
-0.123724596465603
-0.063752550343627
0.077349939624659
0.018395018369507
0.007287775340813
-0.023499413703816
0.023383788373050
-0.003488656648465
-0.027807365896368
0.006892324283943
0.047855700353514
-0.025142459583673
0.041907686034963
-0.003440610069188
-0.076990406416023
-0.029814359355898
0.002523440125719
0.040699051897971
0.053723308015210
-0.019266098878924
0.030209633051769
0.094066575510193
0.057887346855813
-0.008957684557543
-0.025923736264001
0.031170042486906
0.075939191494046
-0.043146416878199
-0.066811151004467
-0.071914429894731
-0.096111548001841
0.001120890822121
-0.021115352817043
0.088397674562160
0.039653074750919
0.134387832002999
0.023296601272989
0.088290138110623
0.020026727961396
0.020762265166400
0.004653671068766
-0.055942798145379
0.040243680382148
-0.048655974621213
0.045985759232063
-0.058190328684396
0.021927427444950
0.035488520420379
-0.060702955116769
0.070793865011640
0.000228411879542
0.138174633414780
0.071659790522319
0.013153362133617
0.002102327301386
0.005690006538163
-0.058075386728823
-0.011357585187099
-0.048346397584073
-0.004670675518896
0.032949906255810
0.126480203277931
0.062869215112713
0.209830747930857
0.080458291875166
0.056654648402738
-0.033481002763010
-0.007319116215762
0.014923829868349
-0.052027563164432
0.000292597149391
0.002227551574049
-0.029828492308043
0.080411421748103
0.058797248779288
-0.009022688854691
0.145390756337441
0.036526205817151
0.019989234383891
0.041930572489695
0.031872822291084
-0.001551439734665
0.036495162318058
0.052082993167804
-0.049965134007922
-0.009863411467917
0.044149518198340
0.001560567062285
0.022084048051544
0.091366440990414
0.085347286413687
0.076400807187443
0.024259180364849
0.014735665774955
-0.064005985438517
0.012462660790310
0.010038503954290
-0.035168910492068
-0.049744719316030
-0.058042690137215
-0.029817183270307
0.020375296625700
-0.027840543345089
0.063567810874778
-0.034241266050482
0.051796670705746
0.054914870300436
0.035215554424595
-0.009233577801000
-0.053203998699429
0.002045571598120
-0.024707509548935
-0.040181296428052
0.035809622744362
0.048350957658244
0.067992363682564
-0.006943778887428
0.006601647257941
0.048669039380227
0.180986884713592
0.059531995411221
0.003063053176670
-0.108102669446965
0.000499114547420
0.003905069929858
0.038523386174781
0.085030297258276
-0.012050527766779
0.062997749301302
-0.079958175731446
-0.004955455206767
0.064705443700978
0.000018022285699
0.039936873624311
0.034715313961032
0.000372137920469
-0.063433292928289
0.065823951637020
0.036711541865887
0.010490993622638
0.053627048058237
0.024347051925687
0.000040923898515
-0.055010639878344
0.027475271606242
-0.008573977132797
0.100603073690981
-0.088782378060212
-0.019137390278484
0.036936446900044
0.007148506642851
-0.003423926285799
0.029210143660615
-0.004627756129632
0.011451512220712
-0.003119446189998
0.030759450258122
-0.054703382081757
-0.033974846161933
-0.011989500320474
0.050828776663496
0.010317334445484
0.019340200349998
0.064588194283922
0.058322041527179
-0.032998307821119
0.069600479495810
0.028155455299777
-0.110135584931405
-0.071268437510913
0.033509785839916
0.042294174672295
0.040599489450340
0.031413025476203
0.129078621254984
-0.046613039390239
-0.164665016987489
-0.054334909574959
-0.057580871876771
0.077329522774104
0.082234618204856
0.008151434878592
-0.050912366096036
-0.028491303328533
-0.019239218980290
0.100745681199880
0.033810091734361
0.080151787318522
-0.108161632144116
0.094712658800056
0.071639058818466
0.085585942313191
0.050200481613974
-0.021623749800168
-0.073007319665899
-0.063600067225141
0.025575973420252
0.018534886074570
0.053381445945509
-0.023564959019147
-0.018628190181010
-0.029560128339355
0.087208675674252
0.040684544726371
0.012269763877379
-0.110181029727956
0.029520639824177
0.067138043081783
-0.021502195768450
-0.042450445497877
0.008056310318599
-0.028434847047995
-0.008399309198643
0.012093950089971
-0.000820541333769
0.023404739901839
0.073084729514706
0.093777414735762
0.064219189295079
-0.008645527372051
0.055482202415919
-0.082385679772344
-0.020829513849712
-0.025094239935252
-0.001825564638566
-0.001015027640652
0.057158174312452
0.070787539176313
0.019189623213308
0.119381800103979
-0.030666571879144
-0.032417946424321
0.038889567051680
0.037513433337848
-0.020001603873407
0.002137921160919
0.079455706607149
0.043463380389757
-0.037006535727753
-0.008051034839842
-0.045353853563060
-0.058241187380751
0.023190049594376
-0.030608099182029
0.069261679405513
0.098420222758102
0.105044258769889
0.063101162970491
0.023826951913631
-0.012987108569256
0.054325868139595
0.015311692248926
0.034643264755801
0.057261323401208
-0.075101655637722
0.074042783957890
0.063358334819269
0.053816828312057
0.065209446666922
0.037820637183223
-0.094955770134259
-0.034564436391518
-0.049471149737229
-0.038044291165498
0.008741756889395
-0.096549997671736
0.003820500471622
0.044926890842411
-0.077991340818358
-0.016514441447135
-0.079335336748354
0.052357409454830
-0.001203893012734
-0.031564535312786
0.014059597822716
0.065031723584699
0.089783701854237
-0.027612036592576
0.083353029775898
0.005007856854671
0.092561508081223
0.007954840537166
0.045998658199199
0.053285507329743
0.121541116984927
0.001256853741561
-0.016791666521123
-0.002991090746638
-0.064716290231771
-0.066069157267849
-0.057642989958597
0.028878580666171
0.001511271305093
-0.065397644680404
0.005453712542800
0.040094177742842
-0.031254876260483
-0.029463205824679
-0.013376634549625
-0.130209557559143
0.015095823600770
0.059179328208317
0.100743253597953
0.072382792875196
0.039502159750053
0.036540135770513
0.107366474647087
0.064017441463782
0.024437255865968
0.138797695026028
-0.012285316851528
0.111547780536979
-0.029284311244590
-0.010678286935149
-0.069913565962384
-0.028720699858112
-0.000100173143450
-0.084902029424327
0.082780930418777
0.119777513888310
0.069587848097960
0.038190681368996
-0.005961540526326
-0.004771878986343
-0.053278375940729
0.012661513498260
0.042958860632599
0.028264684428294
-0.039202624560022
0.002669017390053
-0.004062897865213
0.007296882474215
-0.020690382350030
0.105980862739952
0.067964255930776
0.025620744091460
-0.002170341095060
0.004218517193937
0.044410952861796
-0.083171403395046
0.013514676654399
-0.128925082734016
-0.005737596003423
-0.068204929977907
0.105179749139523
0.027547798344573
0.035127801013024
-0.022307902616197
-0.049021891133401
-0.000559336861901
-0.010475169690853
0.012216085510478
-0.068171478340889
0.038715247420413
0.043860970281681
-0.002493346614258
-0.068731452530012
-0.025977476547325
0.004390093412956
-0.010389235680145
-0.054645394774639
0.086460792757809
0.025272423422352
0.028531835154693
0.068357690635213
0.052955875003390
0.043361133934864
-0.039535052988965
-0.093436597801791
-0.001216870089638
0.013353168539941
-0.069180445317296
0.029486564025492
0.038379285010354
0.077872939933662
0.005502362241525
-0.013840914123344
0.040753325673751
-0.044699657987585
0.043073424253205
-0.083967970881729
0.017542060428693
-0.000348677596094
-0.121081098119654
-0.040314054281828
-0.016502126442844
-0.158793942733038
-0.041416541554017
-0.009690818604301
-0.023741919969686
-0.003184637700692
0.015241921579373
0.016159980171306
-0.031434222317731
0.020944176352973
-0.009615502534608
-0.014677579461014
0.052896373454696
-0.012579463049355
-0.018207537288054
0.041200651972103
-0.029397832201800
0.028156555438962
-0.056684960270641
0.048399041744372
0.019009259419621
0.019132125350241
0.040448325996067
-0.113903958074148
0.005176258278007
0.061924711629618
-0.076664730834661
-0.045009951903631
-0.110626407966980
0.017070904665863
0.051185137871738
0.068623990578921
0.017266429013532
0.024430027280500
0.004289552178673
-0.060204454320329
0.130429397699829
-0.045504325225305
0.093967743573078
0.106029576519765
-0.010887413396904
0.013160709071674
0.056990084798326
0.049010850616412
-0.084211187562822
-0.034061559279237
-0.000780459421717
-0.013694561759655
-0.082928644570154
-0.027579541904355
-0.081478977181015
-0.010012614359801
0.078923041393149
-0.037995937834709
-0.016009942802123
-0.064200058597743
-0.023315686505957
-0.019202285009536
0.009287704975109
0.040531142917044
0.058203141615304
-0.057551950073563
0.015489478931855
-0.070939840392853
-0.020802844232791
0.075669914437861
0.029853779252007
-0.000876505884687
0.001001431595550
-0.003747273756962
-0.066782569881464
-0.050561169719648
-0.003594729127200
-0.026614489941907
-0.031679425324065
0.056116177082588
0.049027963043864
0.048854934782824
0.010335151132356
0.050750854092736
0.000504495164894
-0.053923908813686
-0.038465532397163
-0.053896348658522
-0.045289749114104
0.001898311414546
-0.014002113139712
-0.057507403102070
-0.037395505874502
0.051009298157186
0.024171121942703
-0.097556820286962
0.070778662186210
-0.066241176858178
0.006732268732403
0.011003247274830
-0.108357754202387
0.046115104695863
-0.006792205599565
0.074034555410295
-0.001207868385669
-0.012270734422624
0.028042419885454
0.019798643260013
0.024199359603052
0.054103077132523
-0.002797263340680
0.062070542567977
0.005883602430282
0.040969729107802
-0.028901735086318
0.070516660622565
-0.068568719596896
0.168077863155707
-0.098032657350579
0.019181609122842
-0.040246868577381
-0.050368419769131
-0.043001986388269
0.105317481720922
0.010036730605822
0.055414967830443
0.062079891730150
0.103905528108337
0.099570054319130
0.026582806622786
0.044059192805481
-0.028147395959355
-0.010313005837552
0.058699726790340
-0.110968297118705
-0.049962105271504
-0.127692532635101
-0.053799738603936
-0.055007990112476
0.030503379690582
-0.034560061510607
0.098981584302264
-0.017373036948319
0.014337200943993
0.033484198218018
-0.030169166566771
-0.079091822642141
-0.017923114887862
0.015046455203550
-0.020657625801990
0.005248604872784
-0.043620621046631
-0.030286198404406
0.023030736586073
-0.064341273026095
0.014325952725033
0.063841176794884
0.007448346175814
-0.018953825636054
0.020900623276167
0.044180905393302
0.026123224702553
-0.010291313613338
0.044441953704287
-0.009835617147425
0.059961537905495
-0.032784606782847
-0.055725609992529
0.062115600993766
0.013465608600275
-0.015868848796025
-0.102710898158086
-0.046033695538558
-0.048609616327531
-0.062372006831889
-0.046945906812948
-0.093028254311358
0.021626994112338
0.078695886607950
0.008071175258605
-0.091695732331833
0.012739075765696
0.020922582782088
-0.027698425838808
-0.007020968372015
-0.045512883339682
0.003021756333341
0.024165461411844
-0.019824820492379
0.003428115903251
0.010179413045809
-0.058583995423118
0.081239444133404
0.071734764582485
-0.041357085910078
0.024498311659062
-0.046671100633263
-0.047587090519014
0.072368524119572
-0.021998785307940
-0.054449163335178
0.012487866456459
0.025428751162417
-0.026229401140560
-0.024177063585013
-0.099257206560285
0.024661419912970
-0.025089361668560
0.043508215169291
0.036809075397646
-0.052514826072545
0.015531356612929
0.088032296696655
0.081382315868164
-0.084802799596985
0.043992296705217
0.097348126560117
-0.006161168422813
-0.025783047150588
0.005750289591646
-0.049364834587088
-0.018173948523796
-0.050400641566856
-0.034939322376516
0.033723107346028
0.024390429426814
-0.005266814653835
0.009857999089387
0.018850563877006
-0.015896465860694
-0.023932969658265
0.042234827815820
-0.031686785646387
0.030159623528047
0.001684885735550
0.014300576698587
-0.062164857483567
0.042189735659839
-0.029624536540579
0.134063502699629
0.014501854538996
0.043457080929265
0.004337805594709
-0.015983021015205
-0.060766108497876
0.054696952061933
-0.054999947314655
-0.020096709981132
-0.031849137966757
-0.009406434206572
-0.009257039898737
-0.044430371262862
0.053787014218608
0.087511746079040
0.090202640839751
-0.014444011826985
-0.014835213966246
0.056699324355718
0.001140930512935
0.046810008786626
-0.029317682854553
-0.002861515223756
-0.044606048396159
0.052912059530016
0.085491136342925
-0.034920794624332
-0.015313852297236
0.048458941902360
0.072897151017494
-0.019409496520240
0.089488577037045
0.081147526560951
-0.025769343014186
0.084752403339263
0.053640569723883
0.096289876397013
-0.091174219338168
-0.096885258628171
-0.057066744138209
0.074657385870831
0.020841896204430
0.006025241286589
0.068750055135696
0.063103867514763
0.052808974286364
-0.034745684283391
0.001921628628590
-0.019539776612797
0.004529622096142
0.053552468540189
-0.011965828497207
0.029201033632672
0.031594765060048
0.008297984680289
0.007307138774573
0.053759986034177
-0.014600930112781
0.071117937455674
-0.006990453402022
0.036289117943946
-0.051492797023106
-0.005417974069509
0.048105345730387
0.075963663611199
-0.052721015543810
-0.031233544960687
0.017002148894306
-0.040176972651178
0.063568305516200
-0.056947975401117
-0.081398097465155
0.023021878483560
-0.053965564519463
-0.012261347350930
-0.081949368475063
-0.028872551684646
0.044967681318542
-0.047548222250279
-0.019930202471382
0.057005470725981
0.034693433929223
0.089061895472565
0.017316731016763
0.042494356218432
0.105192991039737
0.044035359159326
-0.025569880428719
0.098642778767961
-0.089568124115327
-0.038932158969489
0.038824248869219
-0.077273056278440
0.005326140712670
0.007278706144560
-0.080310047646042
-0.032081905037529
0.032255305726379
0.001585894021009
0.005904495462207
0.010270071359228
-0.019898345957716
-0.016372170935892
-0.095316737547297
-0.058606066856794
-0.106419764352632
-0.006953915840501
0.015193907017009
0.057770803242272
-0.005651180307217
-0.040643855244440
0.006910049243825
-0.018751847448749
0.054503926588968
0.044483816153292
-0.034149845933422
-0.097314200124655
-0.065438678663125
0.029580345344776
-0.020048849704770
0.027437976384785
0.033602035509366
0.002709667624247
-0.028381107090391
0.040098671730926
-0.017115585074614
-0.072375190559613
0.000292833701797
-0.002762091644620
-0.006307350875100
0.029231959329333
-0.083080759853929
-0.059530036901916
-0.005194486153124
-0.120463693103620
0.111830652772925
0.083035426975078
0.057158157573005
0.043497291415905
0.049849978670928
0.025676686155070
0.058295001068789
-0.069562832155204
0.008016319524246
0.007098928863876
0.025868127192275
-0.037803340140723
-0.008386718346312
0.009625966357747
0.012437431460170
0.082690243243307
-0.046207408710248
-0.072869390333570
-0.013901142295105
0.022236994055910
-0.022602318544684
0.057795954388534
-0.046457551427238
-0.109004171801624
-0.073811211117465
-0.162161008105365
-0.178257684534570
-0.021057948871019
0.052600689104610
0.033557277658075
0.047175926880197
0.048853085407198
-0.008243196901894
-0.100009344704519
-0.081412316900189
0.054637140526119
-0.049414803823208
0.016270974523098
0.052314550995371
0.037547450891339
0.081519784732987
0.077484465486505
-0.006802154161231
-0.066064812875363
0.040337887559160
0.014297519255973
0.011050966407677
-0.008605398574749
-0.030047636184190
-0.018277371607082
-0.175091499798667
-0.095748378765940
-0.111727866276286
-0.124583711986344
-0.022040705647037
0.058684078882807
0.136871307027810
0.036589017041043
0.107053754804935
0.022632959071622
-0.035042561194343
0.057865593966768
-0.025973780080561
-0.097832084550253
0.018503949122362
0.026874813435442
0.061436524578100
0.046062647069311
0.082604175156745
0.059206844690226
0.005880065049078
0.047961590857881
0.029563042698086
-0.055880566869068
-0.002470353147039
0.054750276041477
0.017853319709772
-0.131533133354682
-0.019664632522739
-0.126374650910124
-0.046955675922101
-0.021367749505830
0.004901223292061
0.177185625108866
0.136666136055696
0.033053574927065
0.038361330683110
-0.044085343116739
-0.047032542509794
-0.015901251146116
-0.075284670347885
-0.036846720820326
-0.004771089171269
-0.052939034248195
-0.039814815175695
-0.055234107432102
-0.063341551490874
0.007752430774142
0.022707462682114
0.028449929028933
0.003373786833222
0.049755200865828
0.012762589324563
-0.030219299777448
-0.068911100091513
-0.084313830171604
-0.045407065125320
-0.016178115174693
-0.039333105837115
0.037863606360729
0.027015516748786
0.124627333295082
0.131274984374558
0.088374478994639
-0.032258701538052
0.006559763511254
0.019928099502215
-0.035151877122705
-0.006901182880320
-0.027389329275598
0.049319430355405
0.020839112886034
-0.024947615539425
0.046923819532968
-0.002294367419941
0.023555251193671
0.033568591544707
-0.019772991536364
0.038514801873990
-0.010830659373029
-0.045717151766341
-0.032036985367321
-0.011015936270088
-0.032750977109331
-0.051348908269171
-0.033213954803172
0.148765255769526
-0.065909364543417
-0.027286672709384
-0.019144672218281
0.062491375673261
0.092690977054864
0.035187594910359
0.011749174392061
0.048815022807860
-0.038251837496885
-0.010011604026362
-0.019989677367716
-0.057488882676753
-0.029003791859686
0.025469816954371
-0.084790437431517
0.002789235168992
0.009839388457168
0.046858086720387
-0.048227989945552
0.045447571282169
0.029877552100310
0.088783741750879
-0.062146638712537
-0.011439209073515
-0.046675048282440
-0.003344235217126
-0.000631805187391
-0.093029895746396
0.019417327069691
-0.064385292420163
0.048521127788997
0.032912891661222
0.122494626037361
-0.048382825978756
-0.018050743511831
0.078063056355729
0.015148573874590
0.002298055638618
-0.106479974454272
-0.098050226633320
-0.059133212596150
-0.059906148723892
0.019737549527702
0.032905415367557
-0.004014011146768
-0.058917641512303
-0.001893666856317
-0.018305655134795
0.009275707929210
-0.018276537896869
-0.011006809551617
-0.009607307093216
-0.051762225167964
-0.072736268487924
-0.056544511367281
-0.027877908162930
-0.117169874872723
-0.034193106773194
0.034056311966484
0.080645477639234
-0.013832954502091
0.018386297353597
-0.031921940081205
0.062061920091560
0.094760785428095
0.009053982935265
-0.000395372399135
0.015735147444859
0.068493915602174
-0.160184326196684
-0.006058011924009
-0.068170966694943
-0.099207625364082
-0.009351707326804
-0.044382954908620
0.031938647909301
-0.003078650313549
0.038109232165989
-0.075380474587206
0.008166576549029
-0.030481466031204
-0.042241459764666
-0.078669628827612
-0.094611099018376
-0.044467773713239
0.113253109333481
-0.125399708859151
0.016504402923495
0.038499502803559
-0.058221033681050
0.045695064376215
-0.015345500183977
-0.006304826958835
-0.028637241380757
0.081219378130771
-0.118670469682299
-0.093159615186776
-0.074136357222428
-0.035106470511655
-0.088104275694289
0.081185005839380
0.053385630514824
-0.012645899341762
0.079761479125078
0.081794510171206
0.014504211378819
0.008590665017472
-0.004821379855246
0.062916624623640
-0.032087668416244
-0.057735584692664
-0.100954887569525
0.016086115711887
-0.045152557404752
-0.022805792305092
0.092834372212153
-0.014431912776649
0.051706985215680
0.062339511542945
-0.041962200795676
0.058041515997338
-0.002473812415056
-0.044237831265187
-0.073022417280867
0.012983830890723
-0.066168375342193
-0.054389073370499
-0.051326269588604
0.026969524242156
-0.041931976875259
-0.084397523994638
-0.001895666630104
0.025673880380696
0.033121726760371
0.070947749670269
-0.092730894516000
-0.030163972763160
0.006193447029678
-0.027424873737076
-0.094395984040555
0.010160496348343
0.011223862280052
0.085783108800126
0.001369719314495
-0.029076226533253
0.008283130263326
0.045669595859360
-0.051573785249760
-0.019704254817754
0.015215422182089
-0.124812951968808
-0.060568020709340
-0.075637803413139
-0.096653140812703
-0.025547348396094
0.046077308688038
0.001331789342476
0.032961593129435
0.008518165102187
0.002453875094595
0.028335503009148
0.045014014250659
0.027906308757568
-0.035522782254274
-0.049729899736178
0.068348666670825
0.031534729079569
-0.090855311620755
-0.113865457919906
-0.081910232428860
0.037831850766164
0.018793031399319
0.045146863024052
0.025990708220174
-0.076618997710042
0.003467337039088
-0.005667271440820
-0.041185480160880
-0.064693351621963
0.019155948578975
-0.036131440855728
0.020906327157655
0.041787839659078
-0.020394666310860
-0.021232861575811
0.038972720984505
-0.062470629551872
0.029419259680293
0.092028815076054
-0.037888290559060
0.062008924234494
0.087383482057316
0.034641446742296
-0.028802865250826
0.090946888737173
-0.045146307774922
0.021816834009421
-0.034987367365586
0.011680621174261
0.058940005294457
0.003521982001759
0.050126323561871
-0.011793708296430
0.013305789493694
0.003803593446626
0.021108730095031
-0.007920142990430
-0.061659997812072
-0.066514347483973
-0.101877773909131
-0.087545070774289
0.007287813053236
0.087432902576491
0.018125112971572
0.003353397907083
0.016466303653223
0.055094571395667
-0.019299773403002
0.073671614166824
0.070414619643232
-0.003637516601267
0.059518171180261
-0.025258541872420
-0.037350952096717
0.033141041998255
-0.009835461869913
-0.020700021946940
-0.028652238688444
0.049713245101089
0.011303941316294
-0.014579418664559
0.014403434473779
-0.120562220069653
-0.098554797376199
-0.036110158417718
-0.083902699067498
-0.068810054374767
-0.033190058835039
-0.039739755790389
-0.020118135719483
0.028082266255319
0.039714987444073
0.089686547123534
0.064240779807135
0.041881672110539
0.036842851255079
0.135058104479417
0.054014840220304
0.108274538553624
0.011069163878842
0.022315387237174
0.037817722573088
0.050770271327882
0.103306077932046
-0.023525717417326
-0.014958380777282
0.012005640364406
0.007484247189316
0.018498259535359
-0.175440859173663
-0.082485796821074
0.020656492500933
-0.063208109575704
-0.012141688562260
0.028017331189917
-0.024796448209461
-0.033569029118180
-0.129191430387183
-0.009866556926876
-0.018490898173094
0.011491737609063
-0.059895557517934
-0.082899164453345
-0.002972074217879
-0.031056241440256
-0.021873094664245
0.048850725208161
0.048906067285810
0.033081094064821
-0.001328163427572
-0.010463590319233
0.068543879125251
-0.044295386239866
-0.003046848787207
-0.021262919092230
-0.050889363173933
0.000374713092906
0.005862004369160
0.011032266672871
0.070290195157795
0.028818642138909
0.008109112232064
-0.010685727047718
-0.006480529607224
-0.036671962585855
0.002177542947208
-0.020979305431391
0.025202883206367
-0.044227764886721
-0.023458126705561
0.107661944582607
-0.064342096890792
0.052929499481803
-0.062467374970418
0.023705994812996
0.055605250311716
-0.011827121771076
-0.076329249978086
0.024871861356339
-0.032486209262482
-0.024561063654953
-0.098290493134105
-0.034601590383651
-0.146718798484226
-0.029074939592056
0.005700951908072
-0.047421664256619
-0.028603749825275
-0.011025265057016
-0.026505702200548
-0.035423124338473
-0.016978163555905
0.052806976387770
0.009474932926307
-0.016548868201233
0.061110919421309
0.042874155483417
-0.048112043316624
0.026538898080471
-0.081000194995384
-0.065925621888308
-0.035432435573132
0.110496056380750
0.022116509089558
0.041876230751966
0.047779223345340
0.044136508075225
-0.018721458207736
-0.089104585980873
0.007642212958302
-0.057403219840090
0.048854635299725
0.058373217367706
-0.098674161837102
-0.061492703975086
-0.001107287209387
-0.076804321671989
-0.042432130072817
0.011824242007662
0.041245404297093
-0.015997873584392
0.026480372234826
-0.018436528402845
0.078397618672581
-0.013913340261748
-0.073688713411691
0.002584817306060
-0.069715011386650
-0.035668929353553
0.003281295356563
0.137135273647456
-0.033704574089875
0.026482799048050
0.026922598094424
0.063108662134960
-0.015021202073372
0.022545355376127
-0.027014219320611
0.059891070304563
-0.048964869578070
0.068781218594896
0.024717985463051
-0.047155682934706
0.030552856660463
-0.003611834170687
-0.057178608827755
-0.020582728777676
0.004412475569915
0.105448690863463
-0.056780743396713
0.043134998320833
0.033429591866631
-0.017376337083009
0.018752330179100
0.060323222556931
-0.036736624807950
0.017650537723358
-0.050636599106562
0.005840064018396
-0.000552651916712
0.119435811157015
-0.044530198217567
-0.035973079289257
0.048799860334624
-0.047062513999396
-0.009887266446504
0.019819836789525
0.010999648403295
0.016619794130977
-0.014786292815843
-0.116781909584140
-0.028967907335052
0.035508655490085
-0.026273723687211
0.045790401544587
-0.074976471069676
0.030707056693429
-0.013199504324240
0.014339895860779
0.000708785872716
-0.010837340551725
-0.024671674961178
-0.018436114195593
-0.020315683260181
0.020079233219163
-0.020526085960850
-0.028862828449593
0.009447866952917
0.063242877037987
-0.086430425726260
0.004033670156468
0.008868245740923
0.043774347950216
-0.053341539736696
-0.058292256542426
0.011827444874280
-0.043459407013785
-0.005371598257296
-0.036359123036508
-0.017215242430512
-0.032973992319309
0.029079470327210
-0.065800586212121
-0.056021197199369
0.077232275523073
0.009964661402449
0.093054354582688
-0.074344122062296
0.143755638025825
-0.049754106106866
0.079284251730519
-0.035281386626960
-0.056106819133568
-0.030434217238400
0.032366051015481
-0.051111246270543
0.046129757966516
-0.122166138159305
-0.079087996932714
0.093332309720143
0.056209467326260
0.081728219060406
-0.021293471558841
0.097836232042303
-0.000200729162725
0.003652157117211
0.012114693257415
-0.037704359005143
0.095966427634809
-0.003457570863040
0.055847520725224
0.027770236776130
0.049688811495670
0.038161888978878
-0.086299337827798
-0.014281582907955
0.038590196459590
0.022569647685387
-0.034130995650347
0.028250158449417
-0.032336654998625
0.136625987447647
0.029208775658034
-0.079067924877032
-0.062385883178280
-0.030729778703285
0.042247761460295
0.017059275358031
0.085936806089655
0.044254974268211
0.016977789447474
0.031286331772361
-0.022512891286123
0.043150546600587
0.020962437901386
-0.013233167885784
0.066440169986605
0.019108065660468
0.067779144262430
0.024512412346439
0.016806109875285
-0.059858968177976
-0.022052089428690
0.050645565420323
0.000467856375854
-0.019942104692448
0.094876784977458
-0.013870897564776
0.016655958168210
0.075838513381316
0.093579401642524
-0.044391869176093
0.117177869160004
0.127440433381954
-0.005539076667456
0.038952280748169
0.151655749011976
0.010914440259662
0.030665832030071
-0.033173170658865
0.057107870404832
0.065603084363189
0.030203697680563
-0.065181769998991
-0.034763388968054
0.068278135692496
0.021972068268549
0.106836368027153
-0.037601499384039
-0.088047637119448
0.053918157702463
-0.061428482230182
0.080505208773384
-0.010995190083053
0.008928517064985
-0.071297814393686
-0.003722650514323
0.053737258226006
0.021839674339355
-0.000674942074878
0.158822344418244
0.057747637806031
0.035905267059359
0.063296486567792
0.021175661286287
0.077378191412954
0.072257764625317
0.059283202710692
0.063988951610286
0.093936041052873
0.063234496173048
-0.030926407993562
0.055698717037432
0.007601029206590
-0.062798329003754
0.100439002661314
0.048457906365876
0.049260119063992
0.064245459816764
-0.026552298486290
-0.000607916923448
-0.031937111068705
-0.033982930386687
-0.083429214409674
0.090110544483879
-0.028383730317369
0.015457037097890
0.059427531404349
0.031720252804168
-0.024206921951776
0.032832937985708
-0.013935746618944
-0.087755546019064
-0.020522025217579
-0.014752194029462
-0.000880079565641
-0.117214254022539
-0.019953284162973
0.013584553380545
0.002068441332919
-0.033608318574831
0.030074330110610
0.104149819276566
0.021213590589402
0.040736898830911
0.007298447579840
-0.042435689951276
-0.006521733467163
0.116518053749288
-0.008206446530342
0.014200307842042
-0.042741780103021
-0.036169415340991
0.087479023666763
-0.000617148145890
0.020518676084208
-0.023940170806423
0.052362274150106
0.087174652262507
0.030898638566056
0.048347166856194
-0.025542359148334
-0.072729473285784
-0.038906247287429
-0.015214812639598
-0.046310760303945
-0.006783562247831
0.033163935701728
0.009189720978221
0.037196972948360
-0.084228972954831
0.027961804056885
0.002769112501582
0.044683136731185
0.042756109100911
-0.034788218013942
-0.009749955378781
-0.013604853609629
-0.004367402420417
-0.009522056872499
0.050592138828537
-0.003707980518973
0.079459540716534
-0.055160043860780
-0.019824959092693
-0.027646188575031
0.069601764429403
-0.016457442261269
-0.061809153313619
-0.049482261390346
-0.096698750116947
0.029253624475449
-0.090670846050536
-0.017102934133403
0.014074627822938
0.004351262470915
-0.067324188698645
0.026691949422507
-0.064404507352490
-0.169991040759770
-0.185053170856030
0.036949714518243
-0.039480903240467
0.033771083930221
-0.025702452591007
-0.065849120733631
0.047587211531909
0.084166330165040
-0.028372335330510
0.079769124248162
-0.008556675001453
0.034097764077294
0.011718636391076
-0.047384154701935
-0.085954435029281
-0.110723312746127
0.004886984800435
-0.067111398869252
0.007587942440383
-0.120574984289811
-0.046595053749930
-0.100689023930449
-0.031063218523703
0.013823910689534
0.015228180123568
-0.102395552001563
-0.009354272031953
-0.049318082889890
-0.040166170881708
-0.163222310386647
0.027082050979579
0.078990118310122
-0.099605844791219
0.013329435676353
0.063874623546711
-0.024987583398722
-0.038503093148166
0.003050128962067
0.071545991666930
-0.004696781223655
-0.006137838303471
-0.052448670844160
-0.033413826614416
-0.023779188222112
-0.046843054560577
-0.178094033370702
-0.014641461157681
-0.001058223757099
0.050038370000612
-0.043178434882290
-0.004362824985070
0.014110766390978
-0.056365909542293
-0.041168184146105
-0.014024928045331
-0.050828706055108
-0.043970479275256
0.033226393642471
-0.012014929527160
0.058684326474099
0.012650067716461
-0.001617594302451
0.025450916933330
-0.004554585071457
-0.023114656110881
-0.047157764424786
-0.074591203734351
-0.047890067361873
-0.099718769167085
0.092279261093845
0.002626326155995
-0.026381653572743
-0.037948681132374
-0.066911377578747
-0.016143374439697
0.027096910646835
0.002152131364881
0.023399278651284
0.024682287699542
0.034044773832419
0.031131764500449
-0.133161547156709
-0.019433738649422
-0.009022594090694
-0.224465895883978
0.047837895967966
0.049401194850356
0.012773032487622
-0.046360253869914
-0.031272805176973
0.020247475185774
-0.037058670291363
0.016608597917914
-0.113828958509256
-0.047101389610731
0.013468142125767
0.073724652745769
-0.034889358130154
0.001083363258914
-0.009011276280859
0.042840300810415
0.030622333439382
0.006396707471987
-0.016611461819068
0.029109159826390
-0.053158805623742
-0.020658680777801
-0.001003321084604
-0.050389950966062
-0.035939037698388
-0.043781429596266
-0.036680056838320
0.004961203283988
0.046211183979062
0.082118380815208
0.017157618522686
-0.013549141127414
-0.121101521823357
-0.067074893863560
0.019352503764109
0.028686078545668
0.036587264767273
-0.061628504818852
-0.015980077419686
-0.023116757943008
0.023031796194497
0.032196638699720
0.073639106487712
0.066118833776070
0.074965546980826
0.029940842745297
-0.034275341066288
0.024036743802157
0.052075797902451
-0.018665103282858
0.079625089381541
-0.037962759054229
-0.033971471061907
-0.089354222244865
-0.037194317488461
0.033219689666555
0.018927735693166
0.071341555702018
0.019946859465631
0.033377702614302
-0.004658287322211
-0.022399864313855
0.035168330394789
0.043738264077631
0.009869396799722
0.041377949860285
0.004585055610388
0.102811220049454
0.041195770510015
0.083430061875131
0.072244670301117
0.044541140299896
0.058975908259475
-0.010124170033489
0.035287836268105
0.123000304054254
0.014628893640547
0.025242575319810
0.055838133121849
0.025492750550121
0.010395876699179
-0.053541904198224
-0.030509282792726
-0.095426236513641
0.090320812183578
-0.005826137562665
0.019542573503823
-0.025042372319925
0.022660971614204
-0.024643406547197
0.043339116329446
0.038337080099670
0.062245792803531
0.040842213133638
0.046447085412566
0.022579935133776
-0.030095659911158
0.045622429270711
0.056427775026061
0.028440643426074
0.118329098514313
0.025750599968800
0.069591971085961
0.050262431819528
0.090219572580179
-0.058408510225370
0.013736870423362
0.025717573790420
-0.094009658263722
0.090029559036469
0.101510764920043
0.034558902113793
-0.068711122903985
-0.090090594625727
0.062600416406188
0.080390279918733
0.053062668857330
0.009315349642936
0.014737189499187
0.033551076206710
-0.012174480273249
0.084082516550507
0.053750980871164
-0.024502437886881
0.113807217673959
0.042666561015017
0.040824864393295
-0.006175829873624
-0.076201226185039
0.084815171249735
0.070402793081921
-0.030439697356773
0.049572958359182
0.012981270673273
-0.028765371507128
-0.048046942161123
-0.007622412820375
0.031835656722961
-0.010996911498766
-0.007008110944215
0.066035060274956
0.095902285394443
0.052593002118469
-0.006117621390191
0.014761410824943
-0.032014783803522
0.024248746944076
-0.010306572811045
0.012697994852083
0.021375892156022
-0.016489117201810
0.030999278636756
-0.007928863484839
-0.045759053592649
0.163990936438811
0.030691669850842
0.130656620471664
0.005809291019677
0.071876649211109
0.109923465254562
0.093485335493807
0.038847134266646
-0.024045316136626
0.151793452090651
-0.011694750141039
0.005593958571902
-0.005656137403090
0.003527267041397
-0.026814234803260
0.103298811810885
-0.067150441993062
0.017370941390414
0.125402550752313
0.058298608199036
0.027491839620951
0.068280749116102
0.138163451617725
0.020932665802972
0.062558392457342
0.059941660239138
0.043570610198189
-0.072745580291752
0.043043946643322
0.075427936828705
0.007011708826612
0.024573719275214
0.007130798759599
0.100581066412359
-0.004159853782505
-0.057515207939829
0.045945048328756
-0.006794868313348
0.055429621997360
-0.027699333302550
-0.019462393631284
0.070266655326203
0.086102928080997
0.047589245030811
0.006776507611267
0.022554837848882
-0.009465961443672
0.037126052157515
-0.055666414231669
0.033730312503544
0.119113942236451
-0.024208207091382
0.005805380069667
-0.034401845065241
0.008879074691723
0.002511326126930
-0.078064310584802
0.096545220415439
0.113436523045322
-0.066503353873052
-0.001388205996679
0.063931152373027
-0.014006484793621
0.074085134949965
0.004316212838597
-0.027778727831820
0.009282409659319
0.058524914435716
0.011744898658671
0.032041180966434
0.125473281581038
0.105402798743082
-0.025139962675480
-0.038653030827150
0.021998221801663
0.038489265841504
0.020367556190816
0.016984806289196
0.032511642857728
0.016694331638871
0.080332818464474
-0.024068955459192
-0.002502211205831
0.071498441597388
0.008345982070590
0.049087048583236
-0.019760772793638
0.004091606042785
-0.007113261981172
-0.084979785254217
-0.053563552499427
0.059468917287604
0.055938962453116
-0.017187696143260
0.073434990630009
0.058860206946076
0.018892032040665
-0.025612998739562
-0.010528615107638
-0.070519324377892
0.029160771854168
-0.027987162206911
-0.057595903467279
0.022833130249722
0.075865468441077
0.007866010760874
0.076444875417137
0.126220507135949
-0.008702407455905
0.082234786992744
-0.035027844779300
-0.060888984187583
0.022142631785749
-0.099934222319441
0.085512851833293
0.095866170164406
0.010148066190689
0.120123489441310
-0.012864013856707
0.145654358898222
0.088644493201915
0.024441737151822
0.045569369288862
-0.021108884880079
0.020670125969702
0.128191092566336
0.100991463225768
-0.008948285721130
0.046124248768568
-0.075971504789200
0.058108446338644
-0.052590500013911
0.067164786403172
0.046893493107766
0.052529868847136
0.095079562571949
0.105919864173856
0.047045633323698
-0.082652752611197
0.006983446956862
0.050774528935277
-0.151052681412299
-0.022510669905406
-0.084922647779953
0.038776383124941
0.011644989172866
0.056345938772888
0.039066833190339
-0.001606419989903
0.087998191133496
-0.059942716078944
0.118922521112008
0.029784748409114
0.012894460433648
0.011248714647973
-0.074249272887415
0.021538095665382
-0.118390567930275
-0.009110925982447
0.067903929948950
0.073725968395827
0.117608036579006
-0.002298848966446
0.015200498905287
0.023631374045852
0.030653889426816
0.014504327877470
-0.052661449481103
0.002600138740524
0.013262606551071
0.042413484236820
-0.016824527611700
-0.042837761867093
0.029636610446988
0.079146669406607
0.041701590558452
-0.031211911009917
0.031070362839877
0.000694076945660
0.035613842257016
0.004151004774845
0.027508468686383
-0.003245395689113
-0.153298752310057
0.012122315965480
0.008576128577776
0.033961633397252
0.007773035072647
0.036350467437695
-0.107261616948168
-0.023897357128798
0.035057748662821
-0.003411618116900
-0.069615897778894
-0.057367296571191
-0.020384051666737
0.042412190409014
-0.040758003757528
0.006172779307059
-0.018934895382954
-0.010709308701380
0.065118135219345
-0.013382037939405
-0.022507148953295
0.036002564737401
0.035062669747987
-0.045487513568343
0.063080848053382
-0.068007923666575
-0.052666153817186
-0.019772352781474
-0.036043385573061
0.013986512887738
0.074277653181795
-0.006683166374207
0.044514193152914
-0.040575013565264
0.021219811117896
-0.001193243997372
-0.108347017553324
-0.016738818523309
0.041254404732683
-0.121524233317754
0.025243618088695
-0.086675672294564
-0.052487152795790
0.009143107877615
-0.048781207981652
-0.001217535411224
-0.115846955006139
0.023887197560064
-0.054767473642123
-0.087576138212978
-0.061058884324726
-0.012164041723129
-0.051161597006946
0.026904775671326
0.063072777964200
0.115589714086860
-0.033572808219050
0.012523616241804
0.047735129723636
-0.055571515602600
-0.096048355968571
0.032484711115893
0.041626103330549
-0.014053969394938
-0.045569762166680
-0.008792102558910
-0.019323853773101
-0.113704696856963
-0.052722498939857
-0.010194854865862
0.021847313011484
-0.015499304291585
-0.008696566430121
-0.085106916417371
-0.071147794372836
-0.119741821040244
0.013192786938721
-0.157647181023280
-0.037455985777362
-0.010705493642657
-0.007591031527142
-0.044598183227138
0.025733852797880
-0.082966535267050
-0.062854346801464
-0.020515308882582
-0.105367166157517
-0.046956623188969
-0.031563993140011
-0.064486204788608
-0.018380729397648
-0.035403988019169
-0.014484731974166
0.029165235625759
-0.050600448986616
-0.057948405431623
-0.020910558604992
-0.044575884383518
-0.069280172546797
-0.003575145295928
0.059630949689988
0.052714673128287
0.016577856867883
-0.062184037820808
-0.035285888852486
0.094719418338722
0.025385542154371
-0.055375212879307
-0.008827541643438
-0.047334716201255
-0.032024560890192
0.051445963496604
-0.089864377304888
-0.001174649613978
0.032807332274238
-0.013691347540255
-0.070722195125000
0.043420011501757
0.084239012894726
0.088354174276178
-0.042577901282329
-0.018143313482255
-0.070006004582325
0.066766027868455
0.050468101395820
0.015020795756934
0.009994301724831
0.095936832606569
0.036923791875108
0.018903969182352
0.092781923368505
-0.076288139857143
-0.002673682324010
0.024793136420348
0.073893740600491
-0.071121559258937
-0.035633470604482
0.070066742786424
0.018788649104329
0.065636334209144
0.053017747997875
-0.006533647249937
0.007324514219081
0.041835686275059
-0.029440950063824
-0.034656815640612
-0.026428881082906
0.072072134106126
-0.029822461664575
0.009990268686372
0.044449493534863
0.038194066087377
-0.002886170621084
-0.037768648867221
0.005965424856082
-0.038342622950140
0.061653816437843
0.077501141440947
-0.054183523656253
0.065254533409801
0.015593846709193
0.069926944445777
0.049863293362827
-0.065638615835307
-0.069575044394922
0.031088238747846
0.033831531655454
-0.006571566198361
-0.007124443322605
0.005029662876684
-0.017236124910160
0.050661260325792
-0.019312626491935
0.022931516955986
-0.047809990450787
0.017184210699858
0.057506307677446
0.042699506398043
0.028386903639850
-0.020951372677203
0.048183580004924
0.113926375389409
0.039362653153455
0.010893726751513
0.076326496259290
0.036234135919681
0.177370234123093
0.133298642556937
0.061053064502820
0.013263844198273
0.125311517624879
0.016651462027707
0.012885912448291
0.000274952234350
0.048200576731081
0.008847865380190
0.059646281337660
-0.061014480266402
-0.035498224752283
0.062447210140049
0.060862004740035
0.036347265358129
0.029150144198413
0.001293168822704
-0.045790313781680
-0.032550822781872
0.032112446869556
0.001506276464748
0.045238890618214
0.051599752561185
-0.008014397384571
0.076807542551184
0.086114401904233
0.060321226359795
0.138412079092724
-0.009425012583851
0.099637373135553
0.063295685812501
0.141473920690576
0.018388424249073
-0.081146798517540
-0.005169782685260
-0.015441728518373
-0.017234500895871
0.016667982536053
0.067513853711806
-0.040772795679951
0.034116053346765
0.017723918746031
-0.011590290540873
-0.073958185129783
0.047307301399304
-0.051158321675969
0.017250895229778
0.009367523890465
0.112816396136662
0.005224748487344
0.073315318996458
0.014593323307409
0.063496199691440
0.067376620357717
0.030096255574362
0.013682263922194
0.102589887706919
-0.009598998600646
0.113793122548787
-0.048461121314318
0.043383505729331
-0.002168994723752
-0.049570978016406
-0.061266514135630
0.011172950184505
-0.025019552729915
0.002471027332874
0.008651271624416
-0.008873093866808
-0.005242906964450
0.007337813116420
0.016442843039475
0.045285916303618
0.010580001921144
0.029562554688896
0.005868276121934
-0.098803640768074
0.064368312153161
0.118325525124419
0.070326924813994
0.056950221221760
0.071304085254565
-0.035462828797722
-0.045315045786580
-0.037030056613372
0.024384720801889
0.099162689443897
0.075540155135019
-0.022108348219492
0.016877085275171
-0.061166360598701
-0.037560088110583
-0.062500856957039
0.037075484591952
-0.070585266726198
-0.013013126270875
-0.026594507874264
0.007350464013947
0.036556406153393
0.044276059412026
-0.033128691387346
-0.103884669234118
-0.066070923313205
-0.072819837847059
0.021818342769393
0.023929657926054
-0.109156899192800
-0.054203728007765
-0.024430581492016
-0.045653485575731
0.023561575339101
0.009130806862918
0.058663470553332
-0.028068333211441
0.009039428580974
-0.002365319650501
-0.003775749841781
-0.061133876797909
0.042659280184931
-0.103096409621593
-0.037274976465154
0.004907717989914
-0.040635019275875
0.012731122995760
0.014620320178450
0.022005313698453
0.013640761905397
-0.019134680838418
0.060948806138409
-0.123801757150612
-0.026097692875102
-0.003744534946885
0.005907650056066
0.013639054602679
0.019938553987097
-0.012497654374022
0.004487403725661
0.057914992776536
0.037567012513565
0.074679125378251
0.047608561861611
-0.000557798661007
0.023060672947160
-0.079742931188119
-0.005373064865604
-0.088707885270567
-0.054151376140425
-0.092236139269230
-0.127946612252547
-0.038194274614640
0.008330584316029
0.096243767689774
-0.009083032167112
-0.093830095271415
0.015978333032268
-0.068275686622758
-0.075190970852676
-0.025896549945512
-0.022632355093639
0.004759196572555
-0.088844039609428
0.031343550262315
-0.013784500071342
-0.025660796819488
0.061743846035885
0.071805903578107
-0.015493444828973
0.014675431452540
-0.043629304173869
-0.101966535879666
0.025670824041602
0.047567262136564
-0.056969192037465
-0.048227121989575
0.034855969070674
-0.147459715847673
-0.010189289370225
-0.123155153409247
0.033896329109275
0.008609893894774
-0.014923973059446
-0.105131749229080
-0.034895604023613
-0.060887289040011
-0.004664993622382
0.047780044687576
0.037474717417439
0.027574884741738
0.009622652752033
0.011831108462667
-0.089898035801230
-0.065898758230068
0.065297894929942
0.009645773258056
0.061399504034054
0.005002161355271
-0.028299855594286
-0.016466942983578
-0.012557802732595
-0.111096057480075
-0.108604057925550
-0.012344953325089
-0.055766826943704
-0.034414935005267
-0.041650879448191
-0.048920538656002
0.012214252338642
0.036273308873375
-0.015112033115700
-0.044409175851820
-0.043938607215427
0.020228300771627
-0.043195411970685
0.018160532398044
-0.072526355507016
-0.008222872197314
0.033547380073005
0.026427694659971
0.018673863228941
-0.122816782524740
-0.079219174196158
0.034185979865884
-0.028724092279881
-0.113401056826802
-0.009626469635424
0.055327765345701
-0.013056393361692
-0.024077265785401
-0.007489646046406
-0.127435683285359
-0.040620280853783
-0.069787494935249
-0.075036498777159
-0.043078866686624
0.075475446262626
0.043149842996212
-0.022060827193761
0.056919607934977
-0.031524332943695
-0.024475468403704
0.042674924545141
0.040523758053679
0.029457957321402
-0.068153410974014
0.031539420269037
-0.053839985183011
0.009424002829502
-0.007944882944425
0.019726934173567
-0.037560696048478
0.091659656434343
0.043034514893564
0.077004173398949
-0.031021012451112
0.002819063989922
0.036758574414303
-0.039917865084574
0.023279245140498
-0.044504182116462
-0.021299027019419
-0.012840509553170
-0.057153332420731
-0.087822726639334
-0.027387723502173
0.038292164128552
-0.006554304423216
0.007617564691690
-0.106415576117233
0.012292168365515
-0.035683899473174
0.016473213951508
-0.043756665059524
-0.036211939236646
-0.028807396691634
0.018900556719679
-0.069789552634456
0.010610331386265
0.048086466450466
0.146324101124807
0.051093415922557
0.021082796511559
0.090859765975899
0.007573671785831
0.047002114871199
-0.005194741631578
0.022736788168870
0.017598206389781
-0.120520419115149
0.030594291537935
-0.042362204402819
-0.057981724717169
0.005926781920028
-0.053351254287906
0.011738408948194
0.022581652105275
-0.071903203341852
0.051402167277029
0.011654029347184
0.004352257705562
0.103153300201712
0.022462809529765
-0.006938291175273
-0.043082494356765
-0.124440920563601
-0.111817430188667
0.024322552897160
0.195845441288296
0.101849140270753
0.084813346126251
0.090158764014268
0.126740069636854
0.063811562891825
0.015929658895966
-0.014596486505933
-0.057531692708675
-0.030966151550445
0.027284564421099
-0.062706856372541
-0.016454379383639
0.006876565276261
-0.045795476567205
-0.012119910615396
0.031482061614622
0.039738889143021
0.040501526556871
0.021206034192057
-0.024538088071607
0.010919266435339
-0.102826303813870
-0.042469092887266
0.060347276492952
-0.014425033434366
0.065960953452469
0.120815938009557
0.054387152579685
0.148246277440275
0.081015768608754
0.033504849103712
0.048017534477838
0.005182952746225
0.082152397130580
-0.036457193154589
0.061365980438554
0.006772109036167
0.019746065130623
0.049891786901617
-0.111090459884534
0.057197257135713
-0.107359334619467
-0.025598256184052
-0.068289216359106
-0.002217789682370
-0.125626970185729
0.001924018951732
-0.066159372303247
-0.104726244494309
0.041525450990704
0.059283045406257
-0.030376426414135
0.059357725672473
0.105555826982586
0.150290351828439
0.050048948945271
0.101726940466029
0.018728604629806
0.047302317789047
0.073707014503708
-0.018762903721723
0.006991098552308
0.021841718758197
-0.003677107188842
-0.026556989665523
0.050286124280556
-0.091592259591460
0.041745475202499
-0.015882783602894
-0.027512703063860
0.032013035830680
0.069421985526905
0.032724937760434
0.018699397685491
-0.006037616370782
-0.074459286486295
0.071235322451413
-0.002430816883901
0.006040598615851
0.051226989784632
0.057552600315706
0.033614683351715
0.071661120458024
0.078551839734129
0.085218307601416
0.070946451028703
-0.060804539904127
0.042484210038745
-0.129041707685870
-0.096587128338351
0.057933837158134
-0.055355283845197
0.038293475132112
-0.013184125664209
0.097028699936089
-0.024931505611900
-0.051589360022935
-0.071219662519719
-0.023472464682768
0.059885262454594
0.032536584405780
0.018147104953109
0.011417158960060
-0.012367173678270
-0.043435911060928
0.077609494329925
0.053454017709846
0.107236377228752
-0.035175382352465
0.112639551158321
0.017217185141128
0.062177611807189
0.010524472505746
0.082431688543636
-0.039349212638670
0.010856206033153
-0.053017336852392
0.028292776123100
0.036950061161870
-0.009494304071914
0.057833413530152
0.060557513532247
0.020388879694005
0.000906999366586
-0.112956318568436
-0.076030139682988
-0.011871633365912
-0.049768929245769
-0.015467534195788
0.002004086385892
-0.046131034653117
0.001164882241764
-0.005343700438485
0.150059346623739
0.074706358324615
0.085075533007910
0.101505443490408
0.051946630970445
0.069982529943958
0.049567815673310
0.068259459464200
0.048532951191844
-0.024107054276373
-0.092334183973559
-0.049433080394843
0.012375844099782
0.145196428337084
-0.036476626440878
0.016400083330436
-0.005377809121948
0.060330502775127
0.017880607351524
-0.026911896738368
0.021945260095311
0.063256260018286
-0.005649382730737
0.066166790941799
0.039704615857190
0.039258262240302
0.009945499681674
0.088235103156029
0.017909041978523
0.018428575844542
0.013897185361662
0.068186282486197
0.113273699106267
0.092712472867439
0.008426748890635
-0.023592053396608
0.025431932166825
0.008927093985466
0.055619860845846
-0.061826809039827
-0.015086087582595
-0.042929224117207
0.013047323258824
0.060724006461448
0.144856355429062
0.010868521826555
-0.067215479694755
0.040391626751883
0.120990232076182
0.073693542374900
0.086526655873086
-0.005094138868280
0.017739450632524
0.007440982853906
0.054646140960172
0.003662711574164
-0.041781486774905
0.059713300259704
0.020558750219083
0.106419221593331
0.021406656789993
0.079964286865919
0.098427052422957
0.034147523986607
0.002152172556559
0.085398914532017
0.086403068956791
-0.070642582150792
0.088268334963142
-0.034009603505402
0.034817641586528
-0.027665171821145
0.062307784553456
0.067559252534367
0.046983636501325
-0.032395325174095
-0.003972787397389
-0.021971544122764
-0.027252131959565
0.037402362990124
0.001758314962445
-0.035590706029973
0.026324046283442
0.015183282255773
-0.060396446401578
0.126949831763617
0.020824389370227
-0.028422550347239
0.039305132690172
0.011966315429882
0.126969456528206
-0.004960244689036
-0.003360309830344
0.073728837175435
0.046140100748222
-0.044260413280034
-0.044121534829918
-0.027523588995113
0.064135157308535
0.048688299967447
0.054522682415596
0.040606148838532
0.051293273578101
0.058135870259091
0.061597146975392
0.005377938663595
-0.067803114901876
0.086530542052029
0.029691713558811
0.002223461125033
-0.048215424573140
-0.098918456077070
0.072710191091543
0.034484701091019
-0.055315829651912
-0.002481438314619
0.015352861604620
-0.026732338161724
0.011487076781461
-0.033299522698182
-0.051017336148588
0.035814060553552
0.059362907323968
-0.020254039704167
-0.036894746938241
0.036424430212230
0.012072144357117
-0.039929547191392
-0.021600541534453
-0.032795371984319
0.010104603374531
-0.054479059619748
-0.072857999686659
-0.005606305488091
0.116093969220766
-0.062802428142563
0.051389597004761
0.042653249327402
-0.029891788946801
-0.006049001587718
0.024169054899077
-0.006766765537223
-0.067401947393454
-0.029983437894742
-0.164687180424090
-0.012726411954092
-0.067043138297170
-0.002474949190021
-0.110798438454036
-0.050225613214657
-0.031412848486622
-0.084032623873645
-0.038806955814745
0.147014227930438
0.031018644212161
0.080012710925823
-0.006595994965254
0.068011815089584
0.006652471072679
0.002980008877358
0.054473767361287
0.062879583857149
0.021381297931378
-0.002152652091425
-0.023014314241860
0.043701890970930
-0.048583941102300
-0.032331716868761
-0.009897686753996
-0.134952215183183
-0.074448693493731
-0.034380211814182
0.003853128378696
-0.045865632641864
-0.051784329129374
0.026853036821041
-0.032065323276888
-0.010802625765894
0.074358148905635
-0.057156893366168
0.038544945901797
0.045772121039350
0.100393320767494
0.005529152759586
0.090550677216507
0.019290599222557
0.032187813852615
-0.036776781164631
-0.048232028285523
-0.003517737014342
-0.052873836154658
-0.060002720717648
0.023889257034348
0.032999304678439
-0.003788188852531
-0.049621332824326
0.065900452943319
-0.096600376246539
-0.029900054684465
-0.031822766681333
-0.054929096933929
-0.064424296142582
-0.048313162614883
0.024417007883792
0.079046010730222
0.064596911508799
0.067170977465357
0.061612937938793
0.041708441705194
0.107095815448340
0.012088687425905
0.010304857345770
0.013304063868852
0.080351154329682
0.034977515636881
0.017088919452109
-0.030470417284963
0.031507354000661
-0.027666135333831
-0.002410487608627
-0.040176202287440
-0.067247426687120
-0.030816417389456
-0.049772337747383
-0.028757097149877
-0.030790696082100
-0.056557279189451
0.008339628435087
-0.041140632166412
0.024827936147937
0.091251120249672
0.022627138058948
0.066833492250722
0.022990349211406
-0.129529110506949
-0.030247741233424
0.065455044441078
-0.026680233188769
-0.005239619630028
-0.083349093868488
0.021149987239422
-0.005788782336498
0.005039914460697
0.051228818072529
0.009886054232640
0.010614190033566
0.006912838223587
0.126767827964598
-0.044548968929154
0.004422210748420
-0.053649442032568
0.034316296578225
-0.072354058903147
-0.037233345766027
0.018957247292250
0.048272703971423
-0.024790985747381
-0.020714358655703
-0.014424846633235
-0.004691080827795
-0.022978909229070
-0.000404659788010
0.060119543784674
-0.022367893254726
-0.047456620293823
0.011956999054849
-0.037230581336326
-0.018376572933707
-0.009097170596896
-0.002070934044037
0.010061028867907
0.022812285665497
0.038592124202904
0.046581521988044
0.008230482688306
0.068856919023069
-0.023721204746726
-0.110651867710660
0.096330121512945
0.069914587251958
0.057255001648234
-0.000712859838350
-0.003916294125650
-0.085313910305533
-0.040368906602431
0.014898148647472
-0.022809304799634
-0.115503238439636
-0.009002345006428
-0.003891627182724
-0.057863163555472
-0.019556097198961
-0.019651922454025
-0.065271728874919
0.002431528420535
-0.025383182741582
-0.032035609047162
-0.111007379532947
0.041348040180905
0.007801422211469
0.013772081139382
0.004454648342333
0.098405988525114
-0.092786785178116
-0.062590207283156
-0.004734825473320
-0.074108996625389
-0.066369644760562
0.008822220811208
0.044248092224734
-0.040521403235528
0.030705531753440
-0.014852547239282
0.082697793400694
0.082243327737108
-0.027860146662598
-0.019248541917933
0.088615775980120
0.023638315357937
0.018353179845771
0.021769546084789
-0.007571212909830
-0.004084203663017
0.037085043917654
0.004197091668901
0.006728169551242
0.049964765722158
0.050967792273630
0.093660560888124
-0.045455880332741
-0.004337574382697
0.041575289343066
0.012874664541055
-0.121856426470636
0.010181524636300
0.076291498840334
-0.062833633312553
0.028936400351627
0.071274745012996
0.057277968739263
0.068146863244209
0.032538554228394
0.076208445203936
0.032865323787551
0.118327489818591
0.019204725840687
0.010498650778434
0.058242396151251
0.054339282803600
0.058825502520307
0.076067426981743
0.047416038097704
-0.085904883773300
0.002777743672728
-0.061736344794562
-0.013799069741583
0.116733742257508
-0.069926785748965
0.083506906476341
-0.018711752993760
0.022926562632378
0.007561252897471
-0.062041429639391
0.002226055450260
0.021454110931210
0.022506661604417
0.062280207926884
0.031170407640050
0.131636228613746
0.081897534562157
0.142400536871954
-0.014412783388336
0.137377648524451
0.035398203497349
-0.052039899316765
0.012111255467781
0.088525251473654
-0.032536848818185
0.008102834259809
0.034526298068495
0.037752262104684
0.009295261247880
0.025936125196192
-0.004937582598938
-0.038072056706761
0.035278503075375
-0.063842843298774
0.008141703171222
-0.022326927999595
-0.066501376243233
0.070199156705215
0.067617922240509
0.089573494386067
0.053967521173161
0.011347597650399
0.095101828924465
0.085709316680771
0.081355800466759
0.147176734075826
0.046535533406712
0.065797036751139
0.037529413564232
0.040443577204658
0.033023508694696
0.047553046499714
-0.043369008187126
0.042873746356950
-0.001165179792459
-0.022441495575024
-0.026214900428675
-0.025344048039143
-0.046356475508175
-0.008665323995034
-0.087290176739327
-0.017373765551937
-0.002812274915039
-0.017383876750872
-0.098223751516325
0.065282837703855
0.000120354222968
0.001957896732289
-0.013210313176706
0.054860582751692
0.014875311528591
0.066054114374835
0.082431857407946
-0.012424817321448
0.067271810566660
0.060791225743953
0.130763097846891
0.052069335692609
-0.017522105231864
-0.028443979077096
-0.081678021222737
-0.022399154673998
-0.079696165296809
0.033900778527066
0.112583057804731
-0.056275527485700
-0.037910144454477
0.027714082143301
-0.060187359353155
-0.041577165239527
0.076013568694841
0.034066080330889
0.099203537244521
0.062143475137214
-0.011853253646914
0.010543843426132
0.022078772790708
-0.027143704885960
0.089290586573129
0.052896423980238
0.062912219112251
0.029022004706367
0.004163259738513
0.044135092927860
-0.111969471396316
-0.013128858577156
-0.022704183538950
-0.015736065800410
-0.013537067013665
-0.107656507712579
0.052557281619723
0.170527982812725
0.110656802458961
0.021719081977170
0.014754031362424
-0.034633331918780
0.008515575053309
-0.016196974793834
0.035747914087551
-0.019054250871583
-0.060104254795012
0.095208169534569
-0.008519888611121
0.040061536453143
0.064676253763421
0.066910012237097
-0.058575419563553
0.025049864291551
-0.036071238595536
-0.041047145870643
-0.027170298614658
-0.045325795551196
-0.025576565160740
-0.085301228410009
0.034278769924765
-0.012674156836367
0.044239947934044
0.025799160128347
0.066694925986866
0.057395114404002
0.006469426655755
0.035455673967814
-0.022740471094989
0.017653880610104
0.006556578129036
-0.001140442514784
-0.013643556209011
-0.067682743383620
0.030869490659858
-0.074974114161704
0.007231107143098
0.131427923862211
0.122872333315120
-0.005966032579988
-0.012717202247947
0.061610373590825
-0.032795783593744
0.034964025331472
0.001657428198140
0.049059141814836
0.009877528049396
0.036246683933342
-0.019429438235700
-0.029782414459850
-0.006057329600172
-0.019318652946975
-0.022469308444832
0.012151534479851
0.091834033878660
0.014559570940858
0.048089945640545
0.026368755305724
0.025297141881013
0.002380332297167
0.021117208834077
-0.014144252380075
0.057912348343830
0.027190832383933
0.028269254107246
0.016907708765330
0.093717406906533
0.065917007840946
0.038222645707491
0.033545254346728
-0.059830549565167
0.026542891692017
-0.055034427003917
0.021093124247645
0.006589072112812
-0.000356582212331
0.030180106744038
-0.001457537768687
0.098341236674239
-0.004678341933316
0.040068951318361
0.133057457890661
0.062128321288879
-0.023718774225552
-0.010812216083505
-0.026984977554609
0.057883856475882
0.039348739677248
0.029565109011943
-0.089262013833459
-0.049713093205706
-0.075041083828840
-0.068294550632153
0.077775253344165
0.021761969525604
-0.049281740298731
0.043505869136099
0.013217604787634
0.049450084991616
-0.007212684293970
-0.007551036576993
0.073200841367802
0.056127847096917
0.012582391934343
0.032157444274455
-0.001524474368304
-0.008651628899611
0.007606244335207
-0.047828603303294
0.047962642075287
-0.045749803003950
-0.014768888067908
-0.030416504527313
-0.012929333185551
-0.004477616287028
-0.023765877346669
0.127680475304172
-0.006699015488087
0.026097112282177
-0.031923890512327
-0.050378935173397
0.007573876279921
0.004205624543110
-0.067580420120223
-0.062524162588173
-0.014751153839771
-0.070124875162196
-0.001476049845893
-0.029870130453983
-0.118986165428915
0.011432669358172
0.008909594569370
0.015123214834747
-0.088631052486768
0.044911588438683
-0.077996405994089
0.000773262068680
0.071731078386097
-0.003407828398402
0.124504728590213
0.030425161494323
0.009848757283593
-0.036608987798159
-0.011567969873969
-0.040970330376848
0.030133324802366
0.004423540381522
-0.000897616734184
-0.051284521493703
-0.058077868092819
-0.036466742612474
-0.007080509879550
-0.046380178388499
0.035526857401912
-0.031839029396023
-0.070426224319493
-0.040604641722922
0.023972348226009
0.011256761658450
0.024342030923647
-0.024221739694469
-0.074162863728281
-0.029577872492689
-0.002927348799724
-0.011008919866058
-0.015783544325380
-0.003225483452901
0.034726512854186
0.100345731306847
0.010762818869716
0.018146772781438
-0.030073974661744
0.003321490731238
-0.045080448818278
-0.040623785628738
-0.107670281308468
-0.004557326186817
-0.001025379363593
-0.072917823698264
-0.034852756028484
-0.046217099858442
0.012664820606451
-0.060653340306412
0.029100717545840
0.043136097751843
0.000898379779840
-0.014288617157877
-0.094182963408043
-0.073869648322007
-0.001100350987669
0.057896786546388
0.044969815317682
-0.006523251061020
0.020693780496675
0.081744712691164
-0.066055775711566
0.049407208486232
0.014852133866060
0.006857525763309
-0.002453613611494
-0.095975802079439
0.017910624301025
-0.011917622108163
-0.046220195301887
-0.029238902267615
-0.098607351045760
-0.021981284955628
0.013155006282649
-0.065443518321586
0.039119566849442
-0.017552728640346
-0.092013293955316
-0.111210516255940
-0.066298587398347
-0.029993345243205
-0.022728935201604
0.017899040297554
-0.039216504579006
0.117028076003744
-0.074498487075015
0.061447910873777
-0.011477999544549
0.004256253515602
0.015265832117292
0.056371960084930
-0.021286015995891
-0.017052349330989
0.038966624877286
0.104579164207154
-0.132286943914042
0.018601866945831
0.020133796915273
0.055304606602689
-0.064061428604116
0.037909484493349
-0.045426757313955
0.017003390652057
-0.069393031725213
0.068068398037000
-0.021657134118780
0.028766405248630
-0.010078231396926
0.079700770917627
0.039081951518713
-0.029255916938398
0.063129319467549
0.045337055279154
-0.043752674114533
-0.055219534137497
-0.005944572823458
-0.057651793681333
0.035249428990717
0.004262119084041
-0.014309622382500
0.028172639277116
0.047976594369678
-0.046339050925344
-0.015828034844411
-0.073239022294149
0.035209879193287
0.034746358347589
-0.055288092837384
-0.076891486583571
-0.038396369311754
-0.018031907802088
0.066188014448414
0.031798164696762
0.005127818694800
0.038672284533549
-0.034536598815102
0.021572277317785
-0.009187694918163
-0.018035994292727
0.013180276636075
0.006920797862154
0.021497858183714
0.042503278410523
0.079238509212658
0.080100716784250
0.116812327430574
0.065555106054862
0.052884870565478
0.056104617242550
-0.028097388972889
-0.000266243445368
-0.054259200246815
-0.010696034930873
0.091715053716463
-0.012762725675374
-0.018060914406781
-0.026393236064547
0.085591048236732
0.050176317017022
0.101609045496981
0.107176395964696
0.064154377809298
-0.005423470103321
0.098325369503033
0.065287120443217
0.031381146917013
-0.038095458629723
0.004104407687076
-0.039866445772082
0.027990901776410
0.079689154843524
-0.008636533779248
-0.012970193510664
-0.046872905539633
0.019456742368072
0.063531378554956
0.004688640376733
0.112359161863864
-0.002782503610348
0.007429773517712
0.036710004563878
0.037405982006471
-0.064854852577864
-0.042962166183638
0.027008947527227
-0.002657210980059
0.060289114797525
0.086115884676734
0.023643054013856
-0.007328852529813
0.072241777405513
-0.052315182897645
0.040484619615311
-0.023843682535098
0.032444525797913
0.045751431354900
-0.014614799454738
0.030016626361295
0.120712679794688
0.109849156436348
0.027788039766695
0.052213158622245
-0.054024086150324
0.042377100570052
-0.006841239383684
0.043131935792674
-0.135062664274376
-0.123145987386532
0.000331546549083
0.062765568095714
0.095753936762342
0.068411565742295
-0.002483128737831
0.015531540925350
0.104403569670483
0.103035519410906
0.128757066753250
-0.005501912389037
0.022610548845037
0.030859183770643
0.057492494526760
0.068681017068852
-0.013656561195509
-0.048476266395274
0.034480354066378
-0.018215817430893
0.021474586377507
0.004276469909096
0.104720308938596
-0.015641950216068
-0.032478510754472
0.081610376940999
0.049699401144759
-0.065241431556220
0.017575193736820
-0.061594540734888
0.015039142374181
0.053807629848504
-0.050757107416473
0.038941359354652
0.055576040900660
-0.010675140905911
0.030259968132762
0.060882424280214
0.084689352252721
0.031462430112974
0.047311862582882
0.021199272660707
-0.005157054305134
0.043180333502570
-0.028557586249649
-0.006973331287016
0.038161574052666
-0.028489728146789
0.107096814698930
0.059066492728910
0.099934251199420
0.083867829046822
0.028943683846647
-0.033253990896117
0.114010717791923
0.082563791514297
-0.063592964036764
0.050638186746304
-0.023874050079628
0.039182798705912
0.031416810788475
0.009271413102314
0.022311707352868
-0.047393206234519
-0.082890550843027
0.047801063002200
0.058290131588751
0.027853672649637
-0.064830253311281
-0.040744808315743
-0.007805754789758
-0.019556843102342
0.057966174731571
0.018017667424728
0.072530029282649
0.039684445057173
0.136121600330311
0.151032142997512
0.059952298626686
0.029731323999018
-0.059130862097570
-0.023427988786183
-0.048003264158067
0.003709123672570
-0.136044985087721
-0.038569956826381
-0.109870121151081
0.048313907917594
-0.000068390830024
-0.006053701094820
0.119292943093923
-0.006475606445850
0.004609572258165
0.080022851035242
-0.025522592867154
0.094333257911062
0.040871066266292
0.016816849141765
0.078452720336489
-0.028888950606639
-0.036043330256513
-0.013313469919341
0.005353286924201
0.010766779280450
0.032759563983136
0.027318980739966
-0.029748949092441
0.060979401915802
-0.020738726669593
-0.034275441361436
-0.008602497038178
-0.013167422663628
-0.007915641357380
0.013385821233607
-0.152928993236339
-0.095981165683488
0.021645706109595
-0.054589754773491
-0.007189105206306
0.059594497661099
0.044148264410953
0.032570012327520
-0.074876921248813
-0.001590214775047
0.081474078053346
0.091665122090723
0.013683298435710
-0.088998152118328
0.002921690443050
0.008479490510048
-0.091215184106680
-0.043029876087557
-0.051494534083443
0.016180754131056
0.044061908209125
-0.012834153916308
0.044319469907931
0.067007107942362
-0.007338803948659
0.083607961783794
0.014894072410562
0.098189212521981
-0.042955203837428
0.031835639198256
0.031743298182703
0.072968553443362
-0.033905962282961
-0.029965695397708
-0.015753959875064
-0.063673186933007
-0.002360937956044
-0.002406576642907
0.075299734512773
0.066772460662919
0.021745512346996
-0.119412475161264
-0.127776503988443
-0.046418421484888
-0.010109947343125
-0.004381004426713
-0.069356869699856
0.022881735629314
0.063580467445052
-0.020479882584695
-0.029148727607896
-0.079767708595865
-0.051619351981999
-0.082710562356858
-0.049144125824044
0.015772314408629
0.003422427490881
-0.057851891103031
0.050965211317687
0.042391107363009
0.007419737835790
0.033401495509383
0.039315570487133
0.052447917818999
-0.000379403739245
-0.008422771127404
-0.054919528011454
0.101166370219605
0.056038256275200
-0.073434057996429
-0.030461738328728
-0.066572579811116
0.021148426991040
-0.008850879908943
-0.022410980640747
-0.072184889453415
-0.006081009769186
0.083973098899286
0.002472025894597
0.037913771954876
0.033504455984199
-0.110437482045375
-0.100651746356471
-0.102730709343802
-0.018957550928354
-0.010341891815425
0.080106595779388
0.013096029486715
0.021242305545850
-0.036391401493944
0.022255055024078
-0.070960773847970
0.009410150110571
0.008337522518052
0.061531097374266
0.036210514113810
-0.025899540580780
0.051914850102451
-0.005906676257276
-0.029642707933242
-0.008089494906076
0.046562227239249
-0.018261437518076
0.048982523128669
-0.026250565518348
-0.026634129874209
0.052389731395183
-0.050043287145437
0.036922464249491
0.050674543331822
-0.032335388985645
-0.016947184043568
0.018882767770793
0.030850597940485
-0.037144532107491
-0.056250557826659
0.033102800212984
0.036184079878355
0.052324934718854
0.017467253301925
0.002645885491896
0.004858808578590
0.058813616982928
0.035638315741778
0.108876034043077
0.091240565053482
-0.028828736728745
0.133780634136765
0.034364360410056
0.024075919540889
-0.063827354553549
0.019631200886599
0.018125715163273
0.001501212180596
-0.060639127097293
0.018651682968443
0.022024052829571
0.082770255799180
0.058590792448721
0.038873653149401
-0.012272182877227
-0.014231361073459
-0.017321517654026
0.015998750637216
-0.043857794256059
-0.014692274812369
-0.005109435039104
0.026633926066317
0.006643816502170
-0.028298199640028
-0.044010334542235
-0.028197183398117
-0.010395856489498
0.019858575366357
-0.063348028804205
0.039217478819174
0.015281187782120
-0.014737169712597
-0.100228164512747
0.011675694608623
-0.101891848728028
-0.069953984781278
-0.045531246054281
0.022247477530200
-0.080318159187309
-0.041965397290211
0.039505757930049
0.028981223120931
0.006546823839798
0.098055816971976
0.004167974981079
-0.031978993676751
0.022881587985648
0.001783639985329
0.029725203811134
0.036746606906134
0.003478242423362
0.030315469265953
0.015796250864443
0.006290807552744
0.006483764361216
-0.102429978570876
0.011954931472076
-0.013703402808581
0.069349336727114
0.023871740495598
0.042741191358913
0.015221689323781
-0.028876025370277
-0.022890359237176
-0.090694630964096
-0.113600145496267
-0.082020814064103
-0.024938188755228
0.007278620463510
0.085682968060440
-0.054533044703246
0.000791577302412
-0.111341299442323
0.035430335305526
-0.022662435426302
-0.064421456452178
-0.055355962269674
0.109537583894799
0.064414476665931
0.007697105158817
-0.047795004821007
0.029339489039455
0.057964306546163
-0.039896541697502
0.031928851188884
-0.043564750969862
-0.055742126726622
-0.043793659871615
0.027789110840295
-0.070782544014940
0.008766314166681
-0.001494150788527
0.006072032216452
0.029012516039091
0.009156967093745
0.018978161296774
0.001833952419079
0.060081608183434
0.072049727024851
0.050195558755114
-0.015801551215007
-0.059291719359280
0.040856283491551
-0.028604358949786
-0.054784963276751
0.021656078118408
-0.117533720632320
-0.061060439749885
-0.075842824727067
-0.122638062917055
-0.005125784271669
-0.012675033460714
-0.074912939969650
-0.084390949360290
0.059522386282710
-0.015016827264044
0.054938556988744
0.039057853028311
-0.094649919787635
0.092234203349685
0.019000802794509
0.031290189887297
0.018905296053960
0.020286186031009
0.000260651396487
0.010241801748640
-0.015416499162553
0.048157364303199
0.034068712571178
0.057797958546188
0.043582639377999
0.028754298630015
0.057020911241157
0.102812434541039
0.080829461140384
-0.076336853664512
-0.030228039065624
-0.044818625031035
-0.043725320898431
-0.011761495261761
-0.029718568982470
-0.016861133197989
0.033984719003246
-0.014475465966702
0.093140988636354
-0.056553147961887
-0.034057997075942
-0.011280161199985
-0.031735578272137
-0.061153252595675
-0.025879535252361
0.058584469591545
-0.045239326713602
-0.004502227640967
-0.014256686445583
0.034687447864138
-0.001678130295897
0.048909213601282
-0.032877160085781
0.050686939840384
0.072047784236512
-0.015754422446277
0.075143838295174
0.009146673557175
0.057877062129602
-0.084403054712632
-0.047376514369229
0.017570841711758
-0.046942957226552
0.022652292856636
0.030727633572194
0.017476770375012
0.024727027556804
0.041195021158330
-0.029213790100783
0.039692472982166
0.011369290720351
-0.060960501870227
-0.010480896563126
-0.024394299860207
-0.048011627281682
0.031369059509141
-0.015468762783786
0.007085121349111
0.032594967463785
0.058086880543874
-0.055780373654034
-0.075702180633690
0.037956804960875
0.052591264253670
0.053501415477052
0.063656340742484
0.049631883515536
-0.049644438855993
-0.103643247948861
-0.041033968078115
-0.007189121495959
-0.013857340409216
0.013391433362825
-0.052728439588061
-0.011833057764379
0.035627981381957
0.053065423864824
0.091646599242601
-0.042520840332733
0.026576378980973
-0.056328287024126
-0.038620274847475
0.037980238231872
0.061142495951070
0.037020195651890
-0.059362766404077
0.072309619495356
-0.062296791350703
0.034527906047832
0.054612145571701
-0.018941924777513
0.050261007309938
-0.047067401615198
0.120256528211865
-0.029172659781514
0.000588547422959
-0.015002727878222
0.085537303720345
-0.095182096145955
0.026932159506325
-0.024762637970365
0.021033587855116
-0.014419910654788
-0.026540118458463
-0.056602459467296
-0.021849142089919
-0.079541780365142
0.012066953454302
-0.042307594030191
-0.027008104386007
0.014566521723704
0.103981734532653
-0.004128544594181
0.018778329974917
-0.001758728449153
0.071730055698554
0.077076110145987
-0.019653066597325
0.021128537512262
-0.022058606931500
0.039744543368788
0.003396691546974
-0.070797378598850
-0.002153995038742
-0.029471732149584
-0.041413172149042
0.075944345657634
-0.047080685948350
0.099884657658165
-0.066829778411540
0.083972017596965
0.043713674210770
-0.012062809434157
-0.019061900569996
-0.018728323983567
-0.026606311454411
0.010548495214714
0.156692786549670
-0.025430509211251
0.007323760574816
0.024024584081090
-0.041422400796843
-0.070097867628484
-0.082706078364287
0.040523604280168
0.027556576243726
-0.020993564859387
-0.012996136651142
0.073506243276506
0.132320695529445
-0.053035380862471
-0.025951493013877
0.015442229942190
0.010628340167919
0.019353696013723
0.095620711295040
0.008581059355017
0.040020177659608
-0.004808873688752
-0.048387635215522
-0.048176893094223
-0.086823852154827
-0.093993019874363
-0.079038038597677
0.059889237021416
0.047931611273670
0.034003311042575
0.052776959469451
0.018403955225286
0.046817085920544
-0.050435120028191
-0.086354072967139
-0.083971672725372
-0.037250838247822
-0.004738851792243
-0.020894036747948
-0.091394334208254
-0.065130309142621
-0.059733382504233
-0.031992932255752
0.068689724928153
0.143403587455547
0.036987906758073
0.006753863345963
0.087524494794135
-0.011811178465982
0.019408272056836
0.068423433250561
-0.035512767430624
-0.055853292207904
0.025499187869085
0.057228686976482
-0.047308929228678
-0.092887975845422
-0.056033121672424
0.024647549578737
0.050785598339867
0.011653226561244
-0.036113028389346
-0.015896471682002
-0.086528769243491
-0.132617542125339
-0.016763394172745
-0.031059939224501
0.008723703831207
-0.079657978052784
-0.065441433335103
0.064679691117650
0.069654779238470
0.076295496714044
0.014652974448894
-0.017780149328102
-0.025902344731427
0.084624053135098
-0.020309908568217
-0.027394197920510
0.006061088301733
0.015848330425534
0.033579637978965
0.072384001669889
-0.015413473725871
-0.022018106956636
0.071692822791283
0.052265595299542
-0.008105257657729
-0.022845578918034
-0.030978780026863
-0.022224550132520
-0.006205706383982
-0.006575981159022
0.000304970983353
0.041969533619826
-0.083845620509656
-0.033353089624861
0.085031368407193
-0.000641174638260
-0.028017833459643
0.074967795543169
0.090821489938587
0.013822030745803
0.059257477339932
0.001329898173110
-0.085451113017288
-0.001384314835130
-0.013870115081922
-0.041312120987510
-0.014416474704438
-0.038013061191321
-0.012508160845296
-0.012993305070875
0.032663261722072
-0.015257728259403
-0.023454947366777
0.089846299277164
0.051519856496972
-0.013738395652247
0.069320089963867
-0.011320341227493
-0.035366760409935
0.061609494813094
0.018445429028091
-0.020542817431167
-0.130738101764347
-0.023250186243853
-0.042587585414915
0.007571643639044
0.070371385354115
-0.060186586937864
0.014136063966071
-0.097851552245422
0.074927705044300
0.014382570966513
0.018051514282446
0.027446506960383
-0.016389086477233
-0.080134435383481
-0.023923828114047
-0.012962811989771
0.058768026591335
-0.038385797573473
-0.014778628905345
0.020479072257233
-0.061595669143497
0.061731997292273
0.029443611123998
-0.092560390276886
0.001844635061018
-0.092667449615449
-0.000144094082957
-0.003758742280771
-0.039503179368311
0.095408831010951
0.048965715669757
0.117375279941016
0.039623216084780
0.107529296636671
0.118344274835795
0.022334232407996
0.005417497862142
0.024886591169964
-0.008950206373027
0.156616118911802
-0.014358381016790
-0.028292156477600
-0.040310231977892
-0.042389341816467
0.004068213600230
-0.000344802789862
0.024634051453291
0.011251724757003
0.040572611355971
0.015775907681112
-0.016294896111931
-0.000274911892817
0.146084954174224
-0.007677487939790
0.029249164822135
-0.023944877170214
-0.044906965931599
-0.003473737916604
-0.090463950192054
0.109720101314936
0.014641182953661
0.063903578456597
-0.081939574178215
-0.006495621793094
0.061780665668032
0.031757587474082
-0.002194817897934
0.042164278497911
0.031665756591402
0.050556308638080
-0.022830694247891
-0.068729044901310
0.024687793186224
-0.039422650226404
0.034560437111164
0.066238768948737
0.070905029340614
-0.008667450986788
-0.041495824239344
-0.040498480350765
-0.005897154160967
-0.029408313302106
-0.084565108078348
-0.007738490881827
0.009297058068376
0.071369030221503
-0.014237141956177
0.038919756501313
-0.063501449391959
-0.055335007668264
0.092132828286703
0.078050079158704
0.044668818668043
-0.016729406801057
0.031788957035721
0.037094469939739
0.006114808997717
-0.007408551251773
-0.003933959441767
-0.059523532712849
-0.024712062588914
0.062446720392102
-0.066494802880827
-0.002774150629311
-0.001585347057826
-0.003854016812146
0.014560384634208
-0.015781342642445
-0.010235987157455
0.013736112992819
0.019834636807715
-0.076285184516968
-0.050477098027911
0.000088755296382
0.064862987698488
-0.008693944199398
0.031940267410940
0.041293887126338
-0.051044104588333
-0.087005689063932
0.107972163780147
-0.046671349650623
-0.034590435521016
0.051918749543720
0.006645254564649
-0.028743867851891
0.028363731297576
0.017204504124625
0.080491758295386
0.119049196586414
0.058518133085521
0.044844120454656
0.029892949326522
-0.003117703817906
-0.033975857342876
-0.090288761898455
0.017124588873544
-0.134948634142692
0.013193192995326
-0.058394780068412
0.016444531751743
0.092588283801845
-0.041257340230738
-0.021087980303917
-0.032236727971099
-0.031877789644150
-0.079985608952113
-0.038449736480518
0.004072829898715
-0.115824989612893
-0.140219104217452
-0.006928035734802
0.065704009983299
-0.023000860807846
0.027542050780137
-0.093044793432824
-0.005515387611591
0.015400266260939
0.087404000649120
-0.058560684844053
-0.043269033258077
-0.024397544269504
-0.199707472053696
-0.094517563139391
-0.044310151388713
-0.027871548622171
-0.029443163550681
0.039419145610433
0.003059775180075
0.087399824192529
0.045450554003850
-0.024322298888152
-0.030620972148637
-0.074189692655992
-0.039792222044200
-0.131301821284657
-0.051491891243854
-0.036174930030361
0.053420544216751
0.047191452210811
0.000817395920040
-0.018991312245098
-0.008581886300768
0.085602047615590
0.004533004280847
0.090024563183051
0.073415611229012
0.054464279050475
0.014653965632665
-0.082301898893182
0.056648779273198
0.026056089712126
0.013535331314663
0.032689281617659
0.001921150859357
0.045849728986549
0.047067093195121
0.033849584485472
-0.068065827245536
-0.052308182190809
-0.090610425643076
-0.004095156848924
-0.061199148177991
-0.068631226391026
-0.018836023970362
-0.127549613154556
0.049642645329021
0.113943861234261
0.023476232816842
0.019057645462145
-0.028513548330958
-0.067300400555950
-0.040659272014534
-0.010080751397328
0.061196377475409
-0.061867566525690
0.075225316581146
-0.029026223045311
-0.022623010840740
-0.075360319870514
0.005896491188149
0.030456186291889
0.034483639946085
-0.022535640662884
0.077054286654654
0.040661614691058
0.122616872781005
-0.051657732267509
0.041625865018591
-0.130319866608710
-0.082224937146919
-0.076956104139329
0.022602255513402
0.058439705644471
0.021924036520154
-0.027903305117377
0.024015182041514
-0.052552470299436
-0.011014806951352
-0.080682466323201
0.030030864382614
-0.020440222968522
0.083423873655981
0.016701378387156
0.012502826051769
0.056158811436045
0.097017237472574
-0.086209736451320
0.070299177345008
0.022322754492658
-0.057795441328688
0.114078932658866
-0.009591393677598
-0.003347617101696
-0.039798607937712
-0.035860202825270
0.019520716496320
-0.021248861977164
-0.044097883537641
0.024120370161498
-0.018876793539290
-0.042050788729871
-0.025214977981217
0.054972807356998
-0.045330845747442
0.003164786823086
0.009588780287866
-0.053116567780949
-0.090443535240968
0.085208454591975
0.088496926930311
-0.042665345126796
-0.016815009975820
0.116497161090299
0.136518890579488
-0.039694189318607
-0.061662152601239
0.091337329534075
-0.017778871407989
0.011629939364746
0.060135488939856
-0.028233039058562
-0.069758000280966
-0.119674056990223
-0.057971091951443
-0.028382875248969
-0.071369252359421
-0.052696207946860
-0.031999965729173
-0.028228654994519
0.006434397294648
-0.029715754448467
0.012619605653161
0.024761771438568
-0.066602159657698
-0.026710684800666
0.056111574262972
-0.032213444499776
-0.031236280934020
-0.048416339953831
0.098883835999340
0.043384910089102
0.031559959822177
0.005116237414148
0.043685206098119
-0.019670487218386
0.051492322057904
0.059417115730901
-0.026673590465702
-0.001539710988669
-0.012241460525831
0.017750480467956
-0.156825292015845
-0.081911199793759
-0.050174766494525
-0.026340051476306
-0.100359600202622
-0.018595780490658
-0.077057547665196
-0.058642816217284
0.032203598546168
0.033011473698438
0.068532329706752
-0.020396485641213
-0.014811711749471
0.057639322515698
0.023365361268109
0.029307529612019
-0.098672231091509
-0.020668742982195
-0.036937166514344
0.017263670933041
0.129054972475482
0.064266254241916
-0.015138896141748
0.001124769104181
0.004901070508815
0.010461802113045
-0.044724037753357
0.098185562262757
-0.018239634621853
-0.067552923601976
-0.034695309122709
-0.052713184166345
0.009801844457635
-0.018467072243630
0.054445256796200
0.011490154195131
0.010901225429266
-0.036295937952587
-0.017141003414874
0.021865368644539
0.008999195628878
-0.054124665049660
-0.006773385929587
-0.024655022258902
0.052067212542650
-0.018666740394199
0.003812682264568
-0.016028236264973
0.026754860968360
0.052067233194060
-0.010332467848516
0.012811722047769
0.092114256228444
0.014030192889020
-0.103285467206708
0.063798923284796
-0.046282651268505
-0.014925799226627
-0.067737405360493
-0.071079367645409
0.099777820179323
0.027777503703028
-0.044338876418792
-0.056262227788510
-0.002243562678170
0.029551328450752
-0.028277218206620
0.044799178969646
0.045707743083674
0.090028563323821
0.028969013497483
0.003987773524965
0.033986156586849
0.047976799674808
-0.033685971898505
0.001402031088983
-0.070056899209040
-0.030150634706735
0.005404571893298
0.019738753979590
0.076085459618875
0.004155152399799
0.077170869144101
0.041720985249406
-0.005350348786310
0.045121454154079
0.045209350451510
0.055272403233392
-0.001794140743586
-0.054662704476702
-0.018329678321000
-0.014902203653102
-0.081219240919119
0.004904664831592
0.048641360091450
0.036849338257643
0.062336489177191
-0.073633577901710
-0.012253355363723
-0.033015488977884
-0.003323176379540
-0.093382396993130
0.033999096868852
-0.019400148191589
0.133954706142796
-0.021978417580786
0.056241764733263
0.059319391787428
-0.029903459688886
-0.042156626030426
0.002082523999728
-0.060794095323508
0.105855329145569
-0.125818438770935
-0.058491888629974
0.022203868624313
-0.018617936523364
-0.003818416086645
-0.012886920782079
-0.034936420652442
0.012343269277342
0.026770316750706
0.046427626044079
0.019266951247828
0.015329225283561
-0.057982373725510
0.017023270010095
-0.023825213124666
-0.084723403931019
0.048503648125490
0.022872831218514
0.015104854920806
0.095760851635066
-0.003061790435696
-0.002324253498120
0.035951978386984
-0.088703837625973
-0.018584529992060
0.037927700135964
0.027549471892253
0.071139322064933
0.037614269872219
0.005540063132495
0.103378738531030
-0.006040772587509
0.004612043101216
0.000801956817945
0.029712484946229
-0.050765612313190
-0.012975740588750
0.079749652207584
-0.006363444094394
0.011535655968928
-0.094047420794218
-0.062768651450076
-0.002645042777541
-0.010040631627777
-0.010881056954185
0.043643853897673
0.025901310962628
0.038757357319303
0.037216340839062
-0.102435593897284
0.027983242328869
-0.056356966600277
0.034267132376475
0.037752181743564
0.132673138735118
0.034167973574592
0.057781346180842
0.004618274854015
0.088507429843295
-0.027749143845972
-0.015172699607046
0.004376367188789
0.046144991337513
0.009009434212374
-0.051816510419302
-0.073952455469333
0.005673606557509
-0.053656415395287
0.033049732203000
0.018469433633804
-0.017417034635488
0.089575699805318
0.022957143471525
-0.031794746532125
-0.012019102317034
0.060277969668201
-0.007405524369161
-0.044279047027280
-0.000843596761427
0.035830199619712
0.057385517748383
0.057759975297471
0.081870292213418
-0.005715840978345
0.003570000762907
0.042102327106091
0.040049727420689
0.057888435898259
-0.007976334427676
-0.009673772088620
0.013396703236692
0.029880560324988
-0.013889693904529
0.026759513161147
0.008513871391403
-0.024642006854978
-0.062629915693187
-0.010033589208218
-0.040686008790922
-0.032999745419245
0.060176562414191
0.005348030178170
0.080363146600036
-0.010840800086790
0.079839650050553
0.022016626352218
-0.027344992757107
0.008217587364172
0.000365935230554
0.044538484595177
0.105179498361971
0.063515002780772
0.054381340092380
0.045535228417554
0.008107614670295
0.094063814251704
-0.011548104918088
-0.063620620821515
0.019775550155562
0.036147831685052
-0.079667121208163
-0.044846449093301
0.114240716907167
-0.034706743154426
0.058041188145881
0.009042973349243
-0.050058813795636
-0.071219666280484
-0.014870736582796
0.062074443130973
-0.006199623832032
-0.057241268911956
0.024842040784310
0.029351149423988
-0.003623988764881
-0.035832378123084
-0.085384734719912
0.064891797734330
-0.076069932015560
0.004748788851960
0.058863404125638
0.033815761723129
0.027092032552017
-0.036557288053675
-0.055389402713854
-0.055445164494231
-0.016210910366762
0.000773100152816
0.000510459002221
0.003023288114801
0.097955066816489
0.070007064217499
0.052853452635043
0.026360016161394
-0.083207776003438
-0.044014064835007
-0.071711514070295
0.044433793050173
0.042703026609454
-0.040819028581301
0.036552582077652
0.060590949624690
0.046827335136855
-0.036060828576902
-0.037173261915295
0.005607567654645
0.052379349454771
-0.055246323985033
-0.009560157149061
-0.069197733457509
-0.027055275700198
0.055971671407217
0.007620249195046
0.009458649497315
-0.056279141438815
0.015248884131532
-0.002700142384122
0.091859661930071
0.070722237916298
-0.021686601736378
0.024656199932296
0.068107850184899
-0.061224324711395
-0.078389127589678
-0.087518616954962
-0.038480534305292
-0.018232833330785
-0.071906025579347
0.041441049084692
-0.013371475239711
-0.044029678239270
-0.078350612295427
0.005267901584144
-0.008135285714952
-0.005271633756332
-0.071452589696695
-0.032155886391341
-0.014712667862783
-0.090767345675811
-0.158597051279630
-0.073904332242213
0.037599364820976
-0.020351955319931
-0.036316289842219
-0.079674046940452
-0.039947321003034
-0.027584955346373
-0.083012634270657
0.013718473111086
0.018515898042842
0.006377261223631
0.037655774197048
0.046716133560509
-0.067321912529519
0.041396277719546
-0.061231756411970
0.029945210183570
0.038522750417006
0.133142233346696
0.083638232477907
0.065074774403842
0.048268653960436
0.016644940332743
0.022033684081398
0.047256752840400
-0.001537368665847
0.029625777970611
-0.081449392673667
-0.089627289611767
-0.031473919503320
-0.125575718198390
-0.058601327857116
0.002678170852853
-0.024497798546087
-0.031606892884191
0.067463355377325
-0.008888552761686
0.076501555016343
0.047529151350323
0.043066186492225
-0.038521730724069
-0.035703591279607
0.021805572791438
0.012414544258015
-0.018452170993467
0.035473346864412
0.064859308648089
0.068127708904377
-0.004492505795048
-0.019893099632685
-0.002010695633644
0.036404750811214
-0.016250063397181
0.000317117282432
-0.014524733013151
-0.004841966543835
-0.044671360112077
0.049536596543949
0.059562313063362
0.042792763932317
0.028524382519825
-0.012634791433949
0.019711342698703
-0.075131908832699
0.030436546668455
0.048333497578427
0.032929294257508
-0.076063415096026
0.004655911764908
0.016473620617755
0.069781566212332
-0.003427194790070
-0.008417137237926
-0.022357887881552
0.070495017151283
0.028811662638142
-0.014024427826150
-0.031589019480777
-0.032313499198572
-0.074652507548135
-0.010088864078994
0.008458557862967
-0.018950539020190
-0.028059836600006
-0.092467754939207
-0.025422456663273
-0.150046930641244
-0.104871719732725
0.044785782481758
-0.026813683423913
0.007887148879455
-0.045922688915769
0.123993499539300
0.090497063959715
-0.045189026014282
0.051147839934492
0.031258330156096
-0.008902778066196
0.021120810608322
-0.000481883365752
0.145498205852384
0.075905202262945
0.065906105417016
0.015430629666671
-0.007203483826412
-0.004547265157891
-0.121013022177955
-0.048850317034923
-0.074752251361699
-0.061705649887041
-0.033173117628663
-0.003787270396401
-0.072744628421070
0.032108845855363
-0.003384420508508
0.031523625371684
0.055045207876504
-0.081322916047198
0.055170968832485
-0.059965393532776
0.001366171420157
-0.014706783347303
-0.001401504551365
0.049184186310683
-0.008586861184869
-0.005587533483152
0.176342093163093
0.001714695854799
0.057683205451257
0.148888567851377
0.036973912254185
0.107620034543759
0.104630005421766
-0.041892215639525
0.029643893868849
-0.051138367156071
0.011969379901539
-0.010641368957496
-0.105772195940546
-0.135680181763823
0.044556269600680
0.044992611781854
0.005404601848452
0.038987613859511
-0.038327781453709
0.003982119377958
0.039150607081365
-0.094919296696397
-0.002277070019790
0.054298448983004
0.043693206413999
-0.092734328245190
0.104024784262684
0.024334604101222
-0.008554215937987
0.063890292550333
0.059073338446699
0.093001693066545
0.181728192419372
0.102809689655478
0.051917878079673
-0.042296025613913
0.005821426766065
0.076835810353842
0.084351857532347
0.070661079508921
0.032653997510037
0.054951815934616
0.001139789110534
0.060383774686678
-0.004728729255871
-0.017475665436010
0.007114087089421
-0.124911295256381
-0.041894906614596
0.049053014339562
0.003688107946333
-0.022562559287721
0.014780697762911
-0.034870220412710
0.037064787809355
-0.055669942190296
0.018615872698083
0.096879692861569
0.085574063256294
0.059396259329540
0.073260092066603
-0.051466621439642
-0.114998297997172
-0.084096127186996
0.033617408455922
0.057519062771183
0.058235897388329
0.044236103344994
-0.036678049050535
0.004716319214316
0.101775757425593
0.117114602235302
-0.007570054576980
0.057241945375683
0.080354144799170
-0.045763281001587
-0.052533075120352
-0.070045278730199
-0.029790035699153
0.034646830932581
0.019452952149573
-0.008398424657593
-0.007609477021456
0.043509099844675
-0.031645270162367
-0.007691847826881
0.012036544716818
-0.027415227699737
0.056224107174717
-0.106739666408894
0.021831364682503
-0.000912410291687
-0.011616551647387
0.114385593352350
-0.056467046039571
0.076755838607963
-0.083935693668498
0.065193601357567
0.035627753034730
0.024908089205473
0.009944654826982
0.078145930134372
0.108982782397312
0.024079375639225
0.056170914551426
-0.032962182067909
-0.069957960939308
0.022380013692904
0.000421591525226
0.124258268647102
-0.041964460056807
-0.035523034329040
-0.036759769893237
0.006238749000699
0.040097525705910
0.069534522278575
0.056065870796920
-0.073587879708068
-0.098583259257247
-0.019230053581975
-0.094053055652954
-0.013758693380443
-0.031485412976956
-0.006377286107217
0.057850222285580
-0.024238542100279
0.062208264974105
0.116388528213815
0.045327578807383
-0.093551675314920
-0.024353242355533
-0.075616460037602
0.020297995409209
-0.080225054646176
0.002061634338900
-0.085036883035878
0.041768931445749
0.008000120150089
0.039468398219433
0.089415789610996
0.050814244016366
0.032770050457122
-0.027691476785856
0.112236983608419
-0.013997199419316
0.024006127660248
0.056238832663499
-0.060667649076100
-0.040916173657290
0.080817073551833
0.096153151958764
0.047026657365374
-0.070522635662184
0.111668739801479
-0.024175914553080
0.035402558068723
-0.028843677849870
0.086192567157230
0.021319422758703
-0.105993465790066
0.003406613159440
-0.042910486735059
0.008777840395309
-0.017497207412240
0.010910528309185
0.056628309867066
-0.046411112268738
-0.051107196894855
-0.043180947745281
-0.008472649242259
0.061985385941614
-0.030326323118956
0.098334324457004
0.005418459774617
-0.001488779294257
-0.067947021622378
0.009426322144383
0.052098711857670
0.104945940758778
0.077421026163129
0.074427446001448
0.065894460211121
-0.030305077072911
0.012933437863164
0.078910854669734
-0.012122164308455
0.012052225307059
0.007700369324864
-0.033961739605271
-0.027102518182369
-0.008269804885976
-0.026802123431278
0.010387685069891
-0.054082720194047
0.024238007935370
0.035273437684184
0.050648112216652
0.072886750729928
0.034217226260819
-0.014335300828083
0.147303600253661
0.111040226322272
-0.034364656921711
-0.051724019203162
0.018155372064554
0.057989218857354
0.007846764785442
0.023520871085734
0.013781145150475
0.002393254117091
0.031588147800107
-0.047340947322619
0.074366715694322
0.012860172088787
-0.041860371796871
-0.192287977070927
0.032948435162201
0.125769275890336
-0.049269235126730
-0.052739927580459
-0.038007110974899
-0.095017474101214
-0.083779184401489
-0.128088691710441
0.117582347715312
-0.055072755537335
-0.015437481030418
-0.042453134317900
-0.049842656845899
0.032197546809906
0.120499065520315
-0.006435892415196
0.074110680670617
0.067320366958031
0.047463695758572
0.024800744935038
-0.033183283041537
0.029516460602642
-0.051959356047138
-0.008154833009450
0.049144755296716
-0.001955457479761
-0.018900434506321
-0.010651896654736
0.068766928538569
-0.000574543661704
-0.082986382937861
-0.031537439649930
-0.077564696616101
0.024813878514903
-0.022218918724475
0.033189796580064
-0.069055663766528
0.000071128054525
-0.069526219203808
0.029365397906397
0.048907301082934
0.020700336424664
0.005879799596398
0.045105326754301
0.052151762029100
-0.035931452220079
-0.061193148841312
0.043661544944505
-0.066102758084047
0.069894261238622
-0.087476251992408
0.024911746791903
0.031540861250366
0.003683380189437
0.014658900671363
0.070995216914219
0.035062415645802
0.024837818388074
0.038347943504370
-0.039050707018791
-0.066008023304545
-0.114115353282509
-0.053584463433907
-0.111853305416806
0.017536416961111
-0.004753507351157
0.005217181455177
-0.048162184815781
0.016862096157028
-0.006967175541413
0.030483792481427
-0.058024857250896
-0.051997276346949
-0.092326846963136
-0.043685516090520
0.091446347772819
-0.020159018236402
0.029127850015056
0.074970894136508
0.003013897646929
0.024665642985623
0.066847934245555
-0.043137785321018
-0.029647089038719
0.075415816398691
0.028242657852049
0.012405702295958
0.000809035521667
0.008644626699706
-0.001867432029189
0.037368972734480
0.017216188101025
-0.034102287904125
0.021478500675468
-0.009101012043629
-0.071527710049967
-0.081041213176725
-0.048038570758494
-0.058619652405697
-0.073561344596183
0.026661758372296
0.015931646109250
-0.062446984668104
-0.212258631704658
0.018309283760879
0.024169448920813
0.052040980307854
-0.026509066061194
-0.058590451750860
0.072175868971360
-0.037715734783293
0.002027263631146
-0.069464554044772
-0.121442117613072
0.015167524470777
-0.044096020778240
0.002129704820875
0.000482986880199
0.014151188380356
-0.052458576084579
-0.003762426148095
0.012454459910700
-0.046935227322349
-0.015210908345882
0.012320956824795
-0.003811544477008
0.129950772089593
-0.037399079677667
-0.049846951767935
-0.005006335242075
-0.047245944355806
-0.020188640221172
0.035606374492742
0.042918496361026
0.071690690095948
-0.054330729423609
0.001443353915525
-0.030304255663256
-0.005422045209227
-0.010495003582007
0.038275375579988
0.067643482762421
-0.066923478182372
-0.043359533350668
0.016834531153746
0.000933843528966
0.091106541684490
0.035256152840183
0.005160120056328
0.125041171908453
0.048423068361129
0.017416316852747
-0.071334453183385
0.020382205243955
0.023008897753541
0.047220723637138
-0.037180082108011
-0.056515984186496
0.078551943050026
0.032706227213934
0.042624210447278
0.002993052813465
0.008226268220004
0.089377823968750
-0.000827422395499
0.089098620833360
-0.023980385906958
0.105070680241085
0.061122021573421
-0.016920576780218
-0.007011917566127
0.039665595867480
-0.075237875999708
0.008164307206502
0.068452392653714
0.069232599286283
-0.085075840989800
0.024044896875935
0.029789749139768
-0.015986403111341
0.111535866531008
0.055722004710554
0.025426710223181
0.060570059163809
-0.071506817729268
0.072541141074553
0.063398868471015
0.035370949454567
0.040159051578091
0.014758820529184
0.057583776843411
0.032594253834829
0.021299817056605
0.000778572674978
-0.041854064862737
0.007327382586053
0.034406502927111
-0.074001321434551
-0.006417612337310
-0.042171538191501
-0.100229497430785
0.098224719193629
0.028482672050275
0.039824005449612
0.083401777106877
-0.068344565914512
0.063119056152663
0.020703631928101
0.001063463582231
0.097946086739522
0.005219876582582
-0.022510877646755
0.019471402212284
0.034021924491182
0.074748130159367
0.010557702447610
-0.011302098345054
0.031607745139769
0.046978706843311
0.041838933585462
0.034622416592154
0.005826896709879
0.010582888491395
-0.021044930439705
-0.063677585419506
0.041943191527551
-0.011306898176672
0.069110382991903
0.037174506342859
-0.054696969940032
-0.027597604000254
0.025670420601525
-0.012474094387446
0.001580352368266
-0.138975909756935
-0.033820083981731
0.070745627898890
0.055764055461601
-0.098115949942084
-0.049304404562762
0.032083038775414
-0.008849269595501
0.003077206567192
0.022715386920802
-0.024145810022689
-0.049786164577932
0.001782213159703
0.019202081615919
0.009662740753655
0.020381433947783
-0.021042238678666
-0.025958923381843
-0.045021654328291
-0.005266804565520
0.067758888582820
-0.099339957205674
0.065242264094392
-0.053463137246387
-0.005490451039000
-0.059710366529486
0.061703864611294
-0.040777970520680
-0.059181521677502
0.010275743241144
-0.048733628151788
-0.042601355335421
-0.008983289958286
-0.140920711697284
0.109537903594362
0.052119740615769
-0.010233599646974
0.086060920241370
0.032837052813750
0.026374919092562
0.032596187601714
0.012796050170722
-0.006168060197715
0.050247769376810
0.068003065825174
-0.016315689940222
0.034700247504267
0.000596554525129
-0.120238860546607
0.035858531728991
-0.007890047398409
-0.041533607618581
-0.052682351955748
0.088276383591991
0.081085819536098
-0.021410054715405
0.020972457944657
0.021975324832735
0.047783125052021
-0.123949095064993
0.054292863145287
-0.063444005068545
0.074125566143754
0.045600967720578
0.049054953092308
0.102320597756738
0.052307648339511
0.020127275329684
-0.045704160919134
0.032705010159715
0.096991315757414
0.080718104449365
0.045498310985241
0.071970635071509
-0.038684778679188
-0.005059978760969
-0.058259946675529
0.013829645335717
-0.030025271282643
0.042699978488021
0.013760662304231
-0.004806253492053
-0.039311424023220
0.006804187441888
-0.044766577963013
0.051195745148826
-0.131501716445146
-0.007704737813199
0.012076109830240
0.032460250403274
0.024307366293302
0.133308645261986
0.015938511066995
0.170716768121521
0.044512147297105
0.164571043973537
0.074391292328875
0.090310136699047
0.069224996702343
0.079438315259709
0.075038362784268
0.000282063125741
0.004590628309745
0.012653072870937
-0.041621023205722
0.026725127295898
-0.096579110691015
-0.002064968364462
0.029658545990455
-0.053748932252602
-0.022176116138588
0.035717597850460
0.004491487143638
-0.061620315086688
-0.043933278022470
-0.063827190218898
0.043231732282458
-0.019024309336467
-0.053266098997506
0.092346655970119
0.014836939287396
0.097016964498289
0.042446404372136
0.040070933646723
-0.001540306884681
0.003975754079203
0.079597067585769
0.101544580861405
0.021172034934219
-0.020903668290812
-0.033414409761342
0.034690010332454
-0.057071987186348
0.059602353058758
-0.018750696926449
-0.035041436214583
0.067611610458715
-0.027130531983076
0.077293918816930
-0.015919630522550
-0.029460975535988
-0.095908589512744
0.002018776092553
-0.125170286794699
-0.061010102016947
0.014058311910317
0.006523170191182
-0.083375156198804
0.026917240932605
0.016867958534416
0.028240783434991
0.041329073456461
0.105121870685600
0.051262171694096
0.049643186614540
0.055932366700217
0.072847262388117
-0.044370490385294
0.088213801584238
0.006064484866494
-0.033565618874762
-0.035307044578377
0.079104973635935
0.017625518215133
0.001997009015814
0.036527875221322
0.076370550925079
0.088630420781667
0.041365706176055
0.040826130214576
0.085798716123149
-0.019648314189801
0.061438972804048
-0.013826806655301
0.012903822297453
-0.069423609185767
0.027219945226209
-0.041200245623941
-0.013143944205447
-0.000698379577616
-0.020708853929924
0.062233661876240
0.090719992567498
0.048557357920657
0.056074245943287
0.062257113664268
0.047051830677548
0.120415989314362
-0.011922269239570
0.050985177709243
0.076287912551032
-0.067279438169894
0.026570918839802
0.008458842820414
0.148354017722022
-0.039460046659438
-0.038929329965596
0.045137302121770
-0.070807273016187
0.031782296615902
0.048434643719518
0.009746864814144
-0.036183023868807
0.014338907697907
0.056741153233637
-0.000327991053797
0.027784697803103
0.135153755057843
0.012972927522621
0.041761742853131
0.048408449567512
0.101482820092255
0.069117735096509
0.007416793863809
-0.005922851203841
0.066040243217829
0.036283857571970
-0.043187904188390
0.000815793422350
0.006007775727984
-0.010043134026501
-0.077463608268120
0.089470352808356
0.005896409008488
0.173938839019887
0.024389809537843
-0.026433833925077
0.104511832357911
-0.073940976014856
0.025467072286539
0.019665485869814
-0.064876914263257
-0.020049674466754
0.040188581905089
0.065439014661620
-0.093803077218925
0.050114413139202
0.111556942401501
0.081230966534796
0.146296361653297
0.013166489847375
0.056863771187338
0.022480963458738
0.061006214116861
-0.101358979810857
0.046490135324134
0.043481957059615
-0.045082106415227
0.021099324049954
0.004543265515996
0.013846067637092
-0.027103011881085
0.030203701216848
-0.104119759742773
0.096089935745073
0.048518742781744
-0.014394522573587
-0.013483210128693
0.062232961042705
0.057090025082198
-0.080010448301952
0.047477811504579
0.118263827478283
0.018909561444167
0.017797057684652
0.107202424167838
0.059833017540845
0.176103063348388
0.024050196851934
0.152266880188218
0.011802015264597
-0.005230757690574
0.082594529424660
-0.003887747740718
0.097276263141160
-0.017017362256975
-0.073262278799359
-0.021444255873462
0.045911589985147
0.003534097946746
0.086095609546507
0.073866481910486
-0.036586074969531
0.021247849051189
0.038691913409671
0.050331363644478
-0.007338419487759
0.084028578540008
0.008145446283366
0.035021181818757
-0.098636535299343
0.027656651637635
0.014043044266442
-0.060973995661280
0.038924200168441
0.097626581322208
0.014184523578966
0.133475114973445
-0.004659112980905
-0.138252139688783
0.011252212685770
-0.093038761213840
0.075351983475870
0.120465456410192
-0.025934983663772
0.083252619478147
0.042298504391576
-0.000656265694088
-0.019030282322570
0.098853547417607
0.026986289142527
0.065876424216041
0.057106107484196
0.113168447365093
0.145682082003907
0.016970508669034
-0.060999453462408
-0.010053334249582
-0.119187611008913
0.015355771889865
-0.002579604001193
0.052974805212600
-0.015674602023999
0.055487777438764
0.079160122250777
0.019667117986887
-0.209567897278707
0.010244584955851
0.133499891584194
-0.069623381053816
0.009074081577353
0.104980939839734
-0.055196766597490
0.041889422302557
0.010761285399665
-0.037923590292684
0.007363584846499
-0.022533673398351
0.050422977603261
0.082331611857136
0.036747403907087
0.015109772090562
-0.026770176148545
0.091618022279491
-0.008551258715406
-0.058611033777291
-0.023413002401197
-0.045100624453263
-0.022488094126724
-0.040438517426082
0.100220251454670
0.043301160038197
0.031466784725462
0.028837310006464
0.032554270192246
0.004226500950954
-0.014380786068144
0.043340787940763
0.047718848269660
0.008811474297544
0.013885648661920
0.036622257572697
0.063826106588905
-0.023147133885738
0.059590829411683
0.078897971509921
0.050490815342079
0.030497815236446
-0.031397586905143
0.079429452438679
-0.034305809754701
-0.081700676204263
-0.020534269565916
-0.008138687403139
-0.066872974768019
0.023836264684763
-0.001094202686271
0.054577386905403
0.012232989311043
0.103202719104541
0.039843197718059
-0.049513354146997
-0.011019584470030
0.031792030763511
-0.041640048177102
0.063058921052480
0.009336185192619
0.083217664497382
-0.018248201850710
-0.006747141737592
0.102003292373947
0.002250356243410
-0.000458440444759
0.024783924884794
0.035719466343467
-0.005862490296962
-0.004396122430182
-0.001343556679516
-0.012320720189075
0.048553598383661
0.025390625198714
-0.050107172973433
0.041421341105546
0.026484013419044
0.078809508353684
0.119927396836742
0.150282677189665
0.050086132424193
0.017236516580844
-0.064514553647928
-0.035226615778619
0.033733341239323
0.040214581464202
-0.023395829267219
-0.004971051935126
-0.051370215172347
-0.054460846321092
0.050979619931676
-0.106267652961974
0.017682445473016
0.061884397836209
0.029413044960613
0.079382671631465
0.052348806156176
-0.016738774922174
-0.030775564111213
-0.065627699121898
-0.093990118294906
-0.005287848777754
-0.040831131284958
-0.009988162564151
0.021265549154813
-0.027964765811445
0.079144334233811
0.080054735322465
0.069271328708045
-0.005850913300574
0.019877632420002
0.006863607940559
-0.043353908605812
0.033627305713501
0.018027285788889
0.056573223384451
0.020331877500517
0.007726718174746
0.004768811447461
0.025478002761539
0.006891080908696
0.042292079664850
0.004241568246730
-0.048837780576965
-0.071320162353099
-0.091849939675484
0.023145054461202
0.030647981185233
0.003935152755272
-0.021760450611021
0.077138100723174
-0.007326457701981
0.015401191118503
0.080973110502943
0.018651232910628
0.081556305285318
-0.006575893785191
-0.026896426505965
-0.031919783771813
-0.030576724884043
-0.000035831109516
0.107651186957857
-0.017974018352472
-0.001188419947136
0.023141851631805
0.018400695868483
-0.062581459633639
0.071237784630676
-0.044109141843691
-0.018141063006998
-0.031826666488389
-0.077909807279115
-0.034546152460678
0.007393523922431
0.097010528065195
-0.098325447883817
-0.050011632064573
0.042615240813677
0.077111980088402
0.114119918939754
0.077606666169912
0.104041930851167
0.049970978337793
0.072400393074912
-0.033464177533469
0.012634839361157
-0.013701628593931
-0.046364542731989
0.018247810055809
0.015866579199098
0.009192680189740
-0.084087834783467
-0.062487815340334
-0.029919520950897
0.037550730301634
0.080172261555622
0.092028091546078
0.065377891081335
0.005830268501181
0.037682730079997
-0.019034243428543
0.056871405499534
0.066709586212520
0.009752549174845
-0.015660323924060
-0.061734362086766
0.027949964804261
-0.008179851742717
-0.018063820403960
-0.048106211771596
0.090557867965060
0.079882350085202
-0.085811761125392
-0.049591259131826
-0.048395248724662
-0.047577535649027
0.023580740213631
0.025483562568540
-0.015807995540659
0.066668363085866
-0.019468347434075
0.058701120580594
-0.016513676380740
-0.004833567182451
-0.059058310837441
-0.034578456225535
0.025838025215052
-0.097436273296877
0.067602914267511
0.120192413466107
0.033687602985866
-0.013291157783098
0.013649064926189
0.026726018523739
0.006567983454256
0.053092046625293
-0.029855087000355
-0.050049341454887
0.084128653950220
-0.079357156928194
-0.057114692321490
-0.108581993163893
0.012211537401992
-0.072540142206608
0.015829321784960
0.016815646337009
-0.006125676119214
0.024762701006728
-0.038678712122897
-0.027606648051194
-0.003916261858532
-0.028213482050991
0.031413247154733
0.052181300452979
-0.022195011342743
-0.002861776372909
0.115952493267654
0.037958511801781
-0.120526962126158
0.167420951552859
0.116968475612332
0.011812017059588
0.052771583280100
-0.048374398303790
0.093388975389602
0.056455226225438
-0.010994574347359
0.018323635057366
-0.063048818748516
-0.018666924174368
-0.013889651816813
-0.034150606937215
-0.014352099177802
0.024727800970507
-0.044648285637538
0.008030772999618
0.004513619935577
-0.127234191347902
0.021244434546052
-0.051566344299237
-0.122970178204377
0.051542058852851
0.089315875436809
-0.002178642487136
0.054401737026694
0.006753197247733
0.071740467049137
0.160808565328911
0.088943761084747
0.086004509184985
0.099679455220379
0.025639567124629
-0.067435277827828
0.011516010135719
0.015081485958413
-0.031154920402462
-0.090028220915425
-0.050424324114280
-0.029712003606205
-0.119550189451486
0.019600668979382
0.036340963989504
0.019098657505713
-0.004170149898587
-0.035512968759830
-0.014947958551312
-0.058466307476277
-0.046822267672156
0.006844739760234
-0.057003322515905
-0.036851258301478
0.054385477907733
0.066970888664966
0.134452162924066
-0.043364246215514
0.054840539817365
-0.040709315844339
0.139720484047821
-0.014691033568384
-0.000093418945019
-0.046880965867861
-0.081172569590072
-0.084891421041049
0.044751473374615
-0.119697450222012
-0.040283340495240
-0.044566302251953
-0.048013334295729
0.047398474532913
-0.012985676994557
0.013346955682063
-0.045473689153127
0.076287447787352
-0.024378532154641
0.045559022079795
-0.003647905901048
0.032591277880554
0.013780617165098
0.105916033155625
-0.060453357138540
-0.043986211445469
-0.008351850961878
0.014423366003756
0.004747786913070
0.000695677562445
0.095202928225998
0.073158599818695
0.007985192817769
-0.015500410765142
0.045919691294943
-0.090955728458705
-0.042422437507016
-0.064871579217670
-0.010935419066375
-0.064687677240937
-0.039608313507124
-0.038791032317772
-0.041102658669336
-0.018734387291117
0.019413940325826
-0.019535503441633
0.075753079890031
0.014176929311911
-0.010875653540804
-0.055519555154214
-0.060684614921742
-0.050296306026686
0.092721526261475
0.046960161423148
0.018711774193405
0.018079980807277
0.079456386424436
0.007088836389167
0.022350091569637
0.011093692801823
0.014910086928266
-0.011615646006681
-0.087851358183226
0.018416889549319
-0.049637354239092
-0.041831307240539
-0.118633325442639
-0.007330013607890
-0.066757660415400
0.060962717702900
-0.034634683398769
-0.015657152493768
-0.009767559148688
-0.039989510104652
0.055255741160237
-0.019969665701949
0.078112358773945
-0.053650855042964
0.083627069610847
-0.019678349801320
0.011404426947321
-0.001414628096097
-0.006201061116284
0.013481677197094
-0.034254238304980
0.030119702892337
-0.013864816450778
0.003733149665965
-0.017568618111577
-0.026504737067356
0.006428890167108
-0.096072951236611
-0.075440816616082
0.002002139595059
-0.056477671711784
-0.106266831011357
-0.047232857672947
0.016006102944882
0.045887255873150
0.063327785347269
0.040100981577940
0.003827043186845
-0.052888560055368
0.083886921399321
-0.026104870537425
0.064838535842116
0.116795921094279
-0.067816388751843
-0.006228149304830
0.019553112091818
-0.021216082369636
-0.004524378470974
0.037768298135301
0.091749670278835
0.010825774808087
-0.054898861695943
0.075282364906456
0.080598394056948
-0.032310821708731
-0.039517822609219
0.033581088725500
0.049004474581405
0.010389730174935
0.026697639137922
-0.014604204535648
0.007038304340145
0.055558877548126
0.047444389945031
-0.147697786423263
-0.093410478461574
0.054840025748811
-0.068831940713273
-0.115606891397213
0.009933542600444
-0.013013470811419
-0.004506618168158
-0.055153689741198
-0.050893218546076
0.085465400870623
0.046710964921995
0.030458342724486
0.017056426694907
0.033054166946987
0.091991086821208
0.085071281185493
-0.038746918606861
0.035086372461387
0.013700794203315
-0.081046291990468
0.012826102668800
0.030565166305639
-0.037887796926508
-0.035970931604796
-0.046224744484136
0.071932832639871
0.005727750347072
0.009900888118620
0.078050507340298
-0.025463643447201
-0.035066458815114
0.121360628158606
0.032971754986890
0.038194133955496
0.034372929530317
0.065991579299071
0.028142949245619
0.001278129631865
0.043436708314923
-0.063542249768409
-0.022918717401332
-0.028619649912926
0.035426866885894
0.033656072316062
0.080959331369912
0.035629940534260
0.036260022392019
-0.021022675510133
-0.045030428401164
-0.036377463957630
0.010134506279739
-0.027798434940208
-0.047350564594698
0.055802953145518
-0.005024628132269
0.023938148588627
0.017650541394644
-0.077678952853866
0.015416087837323
0.007477820113720
-0.033076149242537
-0.053804991994608
-0.045825723998806
0.079742077332099
-0.011327243722706
0.027740631187668
-0.112188694562111
0.027003433214684
-0.028327432314888
0.052579327282243
0.065152608553763
0.043462269056829
-0.003155911428837
0.016659330327280
-0.020178201461593
-0.019161274640930
-0.040667789317567
-0.007396219027421
-0.002708943059747
-0.008676225148767
-0.039290609026692
-0.028330410636994
0.017618762096113
0.001782160188218
0.000046900665542
0.068046164599245
0.007588969509205
0.004715842608844
-0.039866680105274
0.004745781774491
-0.030239909020654
-0.054231720790097
-0.014382143215634
-0.030643695875826
-0.010930496679876
-0.076526891032228
-0.016652275434889
-0.048889334326194
0.084608091540623
0.125391284751459
-0.004279243350537
-0.023497381024157
0.002846451394772
-0.023358304572765
0.044931071093058
0.020797559409481
0.028908426861056
-0.018402532858116
0.045759492715692
-0.001635952551516
-0.093553480756404
-0.006283894034095
0.001753017962287
0.052387270752373
0.000474785977660
0.044363055507468
-0.072899626436030
0.002467191914386
-0.000946110676705
0.006933722038391
-0.061017041167060
-0.036553577951035
-0.014267809178569
0.033225264293009
-0.031091857047452
-0.045974796663526
0.018980227551570
-0.126671338005056
-0.089807402544552
-0.012756436389999
-0.019847302371621
-0.011465853717758
0.105538838691910
-0.054967841275340
-0.053508371624358
0.030967842786892
-0.000283247962894
-0.120715277025308
-0.056308711643018
-0.015838314422884
-0.062419396960255
0.015737774986693
-0.113234961326679
-0.030124555663546
-0.004767627034532
-0.079442755010797
-0.004583062646191
-0.063161274019496
-0.006112288472943
0.079836922048221
0.019931078735637
-0.046110530381878
0.050548106443182
-0.020370492828939
0.055420806810099
-0.131394287143037
-0.100478652437497
-0.040955053316296
0.060507500300588
-0.024610732632038
0.076261032563423
-0.009738233133986
-0.095212167739848
0.000930465206506
0.029790681415213
0.137494708807113
-0.020349970585298
-0.028115507979981
0.069058468518097
0.066061259668721
0.018554535033382
0.061823321711163
0.028427868677685
-0.074813393118713
0.083870860608069
0.027140843660534
0.035619012535071
0.049157997042852
-0.113851049909044
-0.086057864000040
0.074408026392873
-0.069436105236349
0.016670682809305
0.077110362513105
0.002705876742494
0.032879322705135
0.026863876317780
-0.078875017855284
-0.050240532535812
0.056663972366813
-0.010257932229813
-0.039142000020214
-0.050873656122197
0.097026837912131
-0.069943537163298
-0.013794873882862
-0.047178606016687
0.023746090513874
0.037936102431281
0.010151074062943
0.022888686067044
-0.023561930347963
-0.014724386713265
0.054982892696607
0.039638797631741
-0.102253646710568
-0.034450990313666
-0.060116678043365
-0.085808791202565
-0.095219129996915
-0.071759266119085
0.008182468227949
0.017388746730619
0.013640062348101
0.067700145494170
-0.081482313349028
0.012324210811014
0.018008736636243
0.051686061851717
-0.056984302751033
0.027681623924499
-0.033687964406571
-0.081309550210792
-0.097621366836510
-0.010265596167789
0.064271910082027
-0.003623569729899
0.001380609049372
0.034426817078764
-0.014849649343879
0.145523657875510
-0.030505400558012
-0.106076326359363
-0.028068629765099
-0.121037226548962
-0.203133886014724
-0.101849135325932
-0.074808538125880
-0.021787109073871
-0.032548426218468
0.004394296324529
0.013262620923849
0.049212309633781
-0.026787074278347
0.044299043775252
-0.036540862303684
-0.006664734678481
0.052170839384854
0.010920231158846
0.000499111242695
-0.003691329124947
0.003967950912705
0.046886248117156
0.024737266082371
0.044696259318178
0.040116606741032
-0.018987904361314
-0.042067006691684
0.110914799211359
0.050682697595343
-0.005048803057869
-0.050995027397348
0.013568019049896
-0.136334113572597
-0.127644677105633
-0.078461556911650
0.028504646219450
0.015900178048886
0.026550913513857
-0.039774980252421
0.060103940007292
0.037004803281159
0.093947435713055
0.107959566370229
0.100571734573777
0.118254631027352
0.004385578327657
-0.026102012968707
0.019534111675774
0.055601284587516
-0.051514313658846
0.017372316099662
0.026104377418170
-0.008117248853951
0.031569133410312
-0.020322242908700
-0.015373077731084
0.058600735978565
0.016354204015466
0.006939930395029
-0.110204424726270
-0.082615106476001
-0.116003664491083
0.003381262405457
-0.089047092827281
-0.029580357037443
-0.024774546058989
0.032891744536836
-0.053011516161338
-0.122635285265143
0.114987498164087
0.122081512147915
0.044517102175030
0.075158433747592
0.082126663456881
0.054400168656842
-0.043690201403541
-0.010689911863072
-0.018709681293475
0.041733838999459
-0.014428608689368
-0.014450585051924
-0.031045118554885
0.016153631160927
0.023192386386609
0.016615212682710
-0.012919799970297
-0.038620487985381
0.034775227579856
0.019752334212093
0.076838677570242
0.015197597232376
0.086838996853341
0.048877047174589
-0.030423478520501
0.002328910284967
0.002302041732001
0.000156156724179
0.017498001117551
0.036656900936771
-0.060859948381911
0.020951268948339
0.037183400265662
-0.060602160664987
0.038476899485399
-0.052597316611106
-0.006240829541122
-0.024769753782855
-0.028423021558484
0.005850086449174
0.029374005163438
-0.064236703364807
-0.011529538244456
-0.099054495476990
0.063449374064541
0.024201330735777
0.008358826193483
0.027551827413300
0.146991179174568
-0.022001829833410
-0.013495026466910
-0.038236331821469
-0.059216327374708
0.027345596632783
0.003724240881670
-0.013192459607787
-0.044905699917910
-0.078559277023855
-0.018614532438371
-0.017676669939438
0.096086181268401
0.029247589024813
0.070140351617247
-0.038441862962961
0.082092474552263
0.092796505198587
-0.078841695573432
-0.027444106309695
0.005572203407033
0.007744251181392
0.027312628738088
0.060573035130849
0.069624833652669
0.125437890985385
0.097422790062965
0.071928792965435
-0.028745839219790
0.033376074223737
0.018597670268845
0.052372807436799
0.017285887968961
-0.045115798751500
-0.165179772338926
-0.028212862825687
-0.052191211367587
-0.019440465729056
0.051695822903952
-0.023728924847521
0.047445851575394
-0.009268617921377
-0.058777713617187
-0.001605553402573
0.039888037894249
-0.055033093615563
-0.017738318786217
0.109757456995225
-0.083980366420639
0.000546854840360
0.000282223537911
0.002574296601093
0.042006781055178
0.067748868415143
0.020912008698191
-0.008658489393208
-0.038845491622587
0.119986091781316
0.022441701391079
0.011291013762710
-0.054320550261957
-0.031972483679314
-0.001746774911053
0.020756721301257
-0.087710925399564
0.079498545661269
0.003474428855965
0.006655811911185
0.013182529976950
0.037678315846236
0.038030835296216
-0.088760221533855
0.066469048024537
-0.098868003363998
0.048662165004392
0.098073220662085
0.010807882885282
0.145669478502800
0.015389950893659
0.125524366869060
0.076703954615526
0.009338613965077
0.049950144091120
0.034587067361003
-0.014639487667093
0.016969694913875
-0.034270568652434
0.024103020864801
-0.038726518636462
0.054573050727341
0.011983762801727
0.083515816353247
0.048124173612472
0.023672783004638
-0.056094212494209
-0.001798776006935
0.013642488749910
-0.016324636680389
0.065748093259062
0.015780176457811
-0.064748936377906
0.070111634347393
0.058000490542818
0.110566808542398
0.093583072317037
-0.013345029231669
0.036929274461809
0.049917178345772
-0.018669353251018
-0.028050140249391
-0.022933638601074
-0.034226551212264
0.017690705248520
0.014101033791308
0.013873170237677
0.076819180154780
0.133822601092330
0.020686581224815
0.063105361887127
0.013328543457994
0.124321214649763
0.066815445000370
0.085660083715753
-0.029519558781885
0.002467264671602
-0.000157908292130
-0.006857385446250
-0.026217117715950
0.026450890997928
0.065921505197573
0.026214989327337
-0.009294720908117
0.023687139469354
0.006044458849119
0.004340663305978
0.022996350774635
0.031429255180015
0.020648669154974
0.102732751360298
-0.031744036579946
-0.015716600401273
-0.011220664009071
0.040700756505995
0.022755508755589
0.063145415577135
-0.091308562940201
-0.013325066323683
0.009998874301887
0.059022544664790
0.039323690056345
-0.082650201055709
-0.011268269545034
-0.065347118278085
-0.008627622233108
-0.065289948954479
-0.042358798892273
-0.022456571998959
0.030295576247912
-0.025174898294835
-0.044147892555106
-0.000201168319549
0.028143513195880
0.021689101051840
0.010179051517321
-0.021161191186993
0.026146196692658
-0.049634283099201
-0.034017950232788
0.010114688922252
0.016660897057333
-0.028864114053058
0.001376156057346
0.023675024133436
-0.031880085434714
0.042234105900283
0.100571822705474
0.060011556068837
0.122317114889241
0.064898851841926
-0.025650964772495
-0.049240465794231
0.081237798253619
-0.016881049928905
-0.013879174253001
-0.017165866629398
0.025833192566988
-0.048662900834228
0.056739704911421
-0.057458687121825
0.019250688023095
-0.015269958537532
0.063320004028531
0.042871835488651
-0.035384176344319
0.029627694394771
-0.046212775359009
-0.023954335801843
0.115463952698808
0.074860257583258
0.062110658202142
-0.067847743268080
0.100330203624045
-0.031315185642619
-0.032505513184513
-0.013394644678145
-0.012146802957944
0.008351956963681
0.049390896660638
0.066784423279221
-0.020259864097953
0.005791449120075
0.037276761845581
-0.007700756558969
-0.086282414457022
0.053161057292884
0.059988007234699
-0.004206466595312
0.143070569716838
-0.026309258767375
-0.039954730775897
-0.045747081211211
-0.139503622862659
-0.073712811353152
-0.010517042342419
-0.012265151060042
0.026382430220168
0.000787015703748
-0.079282945227642
0.016458793989891
-0.071164720168058
0.019071885506025
0.012551948026342
0.084580715741333
0.073038643738127
-0.064964761735838
-0.073904776093810
-0.028356375271619
0.064159906723243
0.074265862452456
0.009927613099712
-0.097433006214726
0.019136227195790
0.016944495112483
0.068131383332942
0.011285050541872
0.019036054057461
-0.061381712961531
-0.035950363812432
-0.029073585169042
0.110116850074172
0.035864863598737
-0.061356119054239
0.023547957657244
0.074932952103037
0.082148264530910
-0.021364601053701
0.060733142703313
-0.067538728415722
0.011299725689265
-0.045955372023717
0.059886469172502
-0.076350992178644
0.022701072554464
0.001241668628116
-0.021749585597514
0.014644565663213
-0.029165729436812
0.005502345138459
0.031065582131181
-0.003441215207705
-0.055824511040864
-0.032449245156651
-0.120786645948617
-0.012665133042290
-0.070909405530966
-0.036594221772996
-0.083216119299955
-0.001842185280614
0.065456755258603
-0.049160482138457
-0.049110756757885
-0.059850148773423
-0.022973668756732
0.061031825115000
-0.024002578633763
-0.012828623200725
0.059476111926024
0.023834212589239
0.087419871676210
0.079823516407760
0.072280273195897
-0.062095664531705
0.083742549517169
0.005192308571360
-0.009981010877783
0.005283819531446
-0.029062477045171
0.066653043387579
-0.063130833846504
-0.202265909290380
0.004922550704416
0.040972503465036
0.005746853512168
-0.010616344501788
-0.057112588221318
-0.040539860807391
0.011772178576790
-0.045930081322456
-0.008833950198630
0.016998043829370
0.069457237893580
0.008778202891242
0.009933273703872
0.049091757210035
-0.000338047036311
-0.081665168191722
-0.038890791849690
-0.083944634601459
-0.052790225545666
-0.090507416392032
-0.017289741609604
-0.038874531887773
0.026810483926181
0.003048210597628
-0.004412973562556
-0.005816934072102
0.007026791138155
0.006734011037142
-0.055678342811333
-0.006044567383347
-0.049059449537508
-0.091559945931473
-0.032437808168148
0.001775291784275
-0.063281328235718
-0.015583287380354
-0.068989108547365
-0.000180583339336
0.082787083690606
0.005525500757059
-0.017382396735182
0.073008629404549
0.043841090277383
0.017825195989392
-0.002519116923874
0.019904663677916
0.028778776577107
-0.088132236812916
0.018220423128894
-0.074751178392654
-0.017421842455602
-0.094793048360491
0.080173300573037
0.021444932974232
-0.061319226035458
-0.041656091580924
-0.012395986662910
0.020585568259050
-0.060141711512947
-0.110636182562112
-0.024626455185085
-0.013071337713098
0.020854231191971
0.016466324556024
-0.029738259673347
0.074187198011090
0.030165843603475
0.006759779485057
-0.031881143833343
-0.013280376304693
0.044799029914511
-0.008712077595862
0.039022654063318
0.058832532271246
-0.014089323996299
-0.044479786357117
0.024066171239527
0.026504116052605
-0.049391622662556
0.016762404221314
-0.069845179259669
0.005975209329377
-0.042865871108692
-0.016136235234243
-0.005869584980830
0.061503860092421
0.039810852678301
-0.001399552047784
-0.029502639314973
-0.053718735239997
0.036679518304896
-0.087651321034622
0.022340968474516
-0.025965665025989
0.011582347392252
-0.050805447784358
-0.119284291473349
0.004243254038641
0.011443956259153
-0.033889881856041
0.028396318268868
-0.026432367282729
0.018579119767222
0.073086197720799
0.001498363468492
-0.086636441861359
-0.007209440719415
-0.044953903711834
-0.028535076703517
0.068039711731431
-0.049499249587727
0.040292848962603
0.007807821039549
0.035804509178182
-0.018083869952553
-0.023913836727493
-0.038490901005176
-0.041463300814747
-0.093091388979081
0.082450878845162
-0.048657422319419
-0.036846891611914
0.017619694965674
-0.086575529093769
-0.126512091998645
-0.077151461369041
-0.000797998296379
0.025664569304781
-0.046700179893209
0.025365541337956
0.087295670997677
0.060929722310708
0.009190753078355
-0.053921489354064
-0.008821042837354
0.024881015055470
0.028173275088157
-0.009624975699204
-0.072802306183987
-0.027801795038838
0.022208860523758
0.036956163370002
0.073508497266856
0.014105059536424
-0.012508887499828
0.021341618078008
0.023735483640446
0.018649779263187
-0.038731503493379
0.037660789654464
-0.012044400345380
0.055880799508651
-0.010953336644383
0.042327515804254
-0.008266160474406
0.076155182003090
0.015591312253424
-0.016686220821374
0.090447535651481
-0.109662126781031
0.080864221591759
-0.020322182689391
0.031754191922020
0.018549573372813
-0.012001149874766
-0.028693662736441
-0.030777185785164
0.027374921310991
0.028100471168378
-0.007385373483271
-0.016053661720870
-0.054070948971361
0.023284820932065
-0.032098021696035
0.030917352136530
0.013408000060003
-0.060841891570978
0.137228411915555
-0.028562433806969
0.054501177616472
0.011745744734299
-0.019559802923312
-0.017873826403238
0.044286438357054
-0.012524620140102
0.049924069361578
-0.099270047200065
-0.081603564527448
-0.007264691589390
0.018246625169274
-0.006729264755600
-0.108453583264688
-0.013057054180396
0.013505506033130
0.032853710652362
-0.032978475030018
0.015783886889534
-0.030729132013838
-0.061944219174995
-0.004491443011884
-0.048406015753576
-0.060117691857863
0.087514098802256
0.014216313947273
0.051032296978680
-0.062495787391758
-0.005629862994464
-0.096107155321843
0.002432330471389
-0.014202550017926
-0.088166739786781
-0.107726353104771
0.049745661988515
0.051115515614711
0.038080938028801
-0.002584450853076
0.022626148595839
-0.111538969768495
0.043151827511490
0.040104442919056
-0.013032076320909
-0.017339755490286
-0.049132933294366
0.079612431630614
-0.030036480936336
-0.038727618749801
-0.029994073094684
-0.015213142669792
-0.092897513944140
-0.017178591325887
0.024700942712780
-0.023692947132044
-0.019352652582943
-0.081412294107628
-0.057516001968774
-0.072001550068685
-0.077085105943057
-0.005055972192221
-0.032744877086408
-0.051064281252639
0.088620036847638
-0.081220711405486
-0.033843453329483
0.005562518095577
0.033144889308737
-0.011451802948744
0.022792411610471
-0.012732571898428
-0.001756399320466
0.006305298408265
-0.000088157300494
0.019976695648090
0.073266574311927
-0.109255475379435
0.074941791916494
0.059382329740085
0.000359731999423
-0.033361843865123
-0.010706421706971
-0.038003975905739
-0.047575652467157
-0.000059483047353
-0.095297704474605
0.066392046116011
0.003296924022553
-0.077154928062174
0.110518546778550
0.031025249256316
0.068624382066289
0.013395512166601
0.073965004817778
0.103085496867362
0.033647820638286
0.077666944334469
0.135209824330792
-0.045486484892345
0.034669328288643
-0.079586379760150
0.092345687365361
-0.002006197377212
-0.017537324211392
-0.049121895959842
0.014212712828388
0.046514937459544
0.031442792575118
-0.017921936398035
-0.067406011846734
-0.084348874258806
-0.080188443073606
-0.046516132274001
-0.008844934320679
-0.020128593389149
0.016568769750520
0.099312594305627
0.045747791844435
-0.028708221800389
-0.085152358633510
0.055170794347665
0.070973923356790
0.047220340243391
0.008174226705380
0.012664730470303
-0.020009622094446
0.069088932194110
0.007181852465662
-0.005032226896794
-0.107714522045584
-0.070906956238227
-0.113470536264544
-0.008909638760516
-0.032252331064935
-0.004069761965388
0.036476253183919
-0.117218574228285
-0.087107717189200
0.026741455492288
-0.101847579386939
-0.032750649069873
0.001639404441823
-0.074353614509046
0.041707306528128
-0.042955580476061
0.040480432742446
0.047798009341906
0.058066430666983
0.078451685071296
0.086112028749625
-0.009569499445161
0.026364956300419
0.047245755623550
-0.047959031575708
0.023666295864830
0.040676456294662
-0.022052181616773
-0.031439850274538
-0.102150439312890
-0.051407548573984
-0.021359827292455
-0.009820455740920
-0.101844504094858
-0.054785921858980
0.001241785041399
-0.086216910871243
0.035744197996561
-0.074323577015699
-0.057003074263874
0.006495216345172
0.054749715590111
0.075214180270057
-0.041338781629396
0.090580795613963
0.012690899239809
0.032311930801724
0.027486606949747
0.019855214728081
0.174474097897515
0.040857867624680
0.042978759346162
0.094971267212129
-0.026311199522724
-0.079550241615077
-0.021333757354503
-0.002309202479015
-0.054519790947658
-0.121014632867169
-0.065948692971672
0.017448013457352
0.017255505786279
0.021655769948104
-0.018442471021633
0.021202113022963
-0.028396914890593
-0.079154794509416
0.005380955125611
0.028133104288509
-0.009881353206858
0.046639659946427
0.075317224424636
0.074215559175835
0.089960993041410
0.059266496459052
0.089359692164434
0.114504359864837
0.066543436282544
0.078372369112075
-0.027779111155035
0.068985824361871
0.019811923336996
-0.033225102882817
0.024132470325573
0.014783485703214
0.025558243679686
-0.055292384558126
-0.095559124772161
-0.095621433773667
0.037349101317082
-0.002686613946354
-0.027949572772470
-0.028392426806414
0.003362446866337
-0.029428902719192
-0.039476679307319
0.024983684142096
-0.035010797238484
0.012536922217455
-0.001840267987567
-0.024898273953111
-0.017041166515556
-0.024049106088373
0.161537950424777
0.109198000885879
0.199996941092477
0.084230053802531
0.046308934207566
0.020086302702145
0.007903905030918
-0.106732796488889
-0.078178619194271
0.008863795729547
-0.062941097340094
-0.023549227324139
-0.097898508677405
-0.000956697544868
0.056405702875821
0.075118587991047
-0.007013708011783
0.124482364932489
0.040532463770687
0.015273917017727
-0.007343441682353
-0.011586525665535
-0.124172760525194
-0.112970040981938
0.132725223114562
0.021958044157063
-0.054903265790176
-0.003611806405092
-0.052093469238233
0.076611531476918
0.051976145722601
0.071580716049369
-0.016348465969049
0.051649276278029
0.041509774317717
0.082693201013613
0.076853215195958
-0.098950640168580
-0.014422618300782
0.043762530354520
-0.018349782117063
0.059452398437103
0.021611062127011
0.101636657809410
0.070294650359808
0.006757000148113
0.148440264437221
-0.074027249907840
0.026159122484391
-0.156887272779788
-0.011340204357308
-0.033516338033036
0.045292308087147
0.041128613551684
0.046060060812768
0.007743690394220
0.035135669038033
0.025287983518698
0.045887485009745
0.079828497884318
0.029290032143748
-0.081712545347610
0.017359520625889
0.046220731837122
-0.003726213777362
-0.044489963169132
0.048591984837244
0.060308155158715
-0.096394130212417
0.095143392652006
0.061585833182322
0.017507270936883
0.081900402173698
0.026271381056890
0.156591309646002
-0.002500681755642
0.009406383501606
-0.083270557925769
-0.035091061656716
0.004051928351107
-0.100374872280607
-0.108576848190346
0.058701711693329
0.016941728573367
0.003981875042154
-0.090427838469493
-0.050484588134730
-0.007327782538297
0.066642920349320
-0.005902630557824
-0.005128100389208
0.096892622672497
0.045461133589372
-0.097152784890356
0.090355159604547
-0.006312018128382
0.024859845430455
0.042471735581191
0.015357972057323
0.117275339889105
0.107053980243820
0.022426955706922
-0.022544687659125
0.065914191753537
-0.043273450095018
-0.068184234213406
-0.048744042943718
0.028023160827738
-0.051568995382401
0.048489957239474
0.023836601332073
0.066586990380156
0.008148218050682
-0.060469901353238
0.017804373077548
-0.014288576871317
-0.064029742570519
0.045152823677784
0.106411693533027
-0.008213099400618
0.024390473081030
-0.045635139433658
-0.004942523799793
-0.002401217193279
-0.026166359197903
0.093620807213716
0.048143520513081
0.022902863100947
0.152569840698071
0.125012392156031
0.025063931487947
-0.088034969604151
-0.007554363984453
0.112384417522366
-0.049344458327472
0.070269813143745
-0.002193691651483
0.158233096944451
-0.008694578414971
-0.001277119782222
-0.047798068843096
-0.028212053412239
0.004331404182273
-0.031876541794259
0.005438961496097
-0.008534632456577
0.020542581922579
0.008766224599300
0.095720656067239
0.007347097050299
0.019346897628416
0.131385584764743
0.023247379257316
-0.061050888808604
0.144727366598836
0.091350443958619
-0.016809661828770
0.004093759644135
0.115293271130050
-0.061649788295673
0.044321057274719
-0.020790174266859
0.102860529170975
0.081379646633362
0.037285846904301
-0.058283261431890
0.054105474148460
0.016416545686276
-0.035841524355553
0.062248324187946
-0.084782227411403
-0.129900204810695
-0.020552366505987
0.081053435947390
0.101816852128231
0.044695725295802
0.042184064551974
-0.032146719875071
0.017861680057343
-0.042541831389578
0.086206050509588
0.011460186117923
0.073792271668046
0.094495724017404
0.003305348576013
0.141657147891135
0.101892106117974
-0.029508073094409
-0.052719304834500
0.034592683251512
0.064090499581349
0.002084592612540
0.078222143103512
0.035245386277904
-0.064075658295824
-0.031991995729054
0.070308156354191
0.076015602372298
-0.075656605157929
-0.033690346200652
-0.009828645065712
0.064589343864805
-0.041112091404119
-0.053445249140239
0.000754614264956
0.031231625274383
0.036985450295190
0.020415241333933
0.019451900873066
0.005690138126847
0.118470774878269
0.020381689147251
0.023377261760590
0.035580246524035
0.096362249165355
0.045452627170906
-0.059772036084443
0.069028490282508
0.061669703494689
0.067855858413979
0.059415980281862
-0.043064242985908
0.030183304284822
-0.029232532289936
-0.036227026541673
-0.000624986720731
0.003845239942906
-0.045073676275828
-0.082241542832568
0.078011109952507
-0.064151150143089
-0.002558826160040
-0.122169725590600
0.060923125547390
-0.110509199550881
-0.034453994089252
-0.064540787715567
0.065132025760447
0.064129038616844
0.033217347316231
0.022798389040677
0.044374739181697
0.099660654207660
0.034213664195309
-0.023411441492395
0.162501061185700
-0.026267203320412
0.049278796990173
0.056673700541710
-0.045954887206054
-0.018172561049251
0.045748584989363
-0.070050663280629
0.010228567291562
-0.010711720473445
-0.004846453719493
-0.055777308827897
-0.100850782681228
-0.016108464187257
0.075435000407228
0.003851361105757
-0.021617651119008
-0.081742854536585
0.053219033636294
0.019585986976471
-0.003035750521983
0.021965388739897
-0.021947986176929
0.016359107851589
-0.055005867063676
-0.054660589104851
-0.091849051120089
0.048490040425808
-0.011139986065306
-0.048512177331122
0.026572315073388
-0.071642218939236
-0.083751749316448
0.029064439627717
0.016113249422518
0.049976071644083
0.038451126241445
0.019244295718432
-0.099620174875403
-0.023809918889328
-0.075419203930104
-0.034081221948358
-0.104222222955324
-0.022032186576073
-0.086154301205868
-0.027385447417086
-0.050167940542736
-0.002822053168003
-0.014175162640027
0.048737045136546
0.024465198788541
0.014001561256138
-0.073086786190406
0.078521593406541
0.035722815709574
0.054953469970780
0.054965572104162
-0.018795113736521
0.091382952440774
0.006643336651772
0.016594788649658
-0.037099292334484
0.018297310582649
-0.043338200772448
0.019137876380706
0.029208428482221
0.060862853312158
-0.050420164124960
0.011783868093507
-0.003325320959854
-0.040551145584289
0.062141991616834
-0.054074089604185
0.016211376367380
-0.075699560585769
0.052869458345366
-0.009648890324039
0.075729772487145
0.040272038838756
-0.025376798224237
-0.063421063833079
-0.046006612479058
-0.013345304056542
0.132644908760442
0.001268225825567
0.028448103406019
0.025081632812365
0.000293063384670
-0.001382366646372
-0.128816917126496
0.078878842242052
-0.021619530267826
0.017900892365911
0.036346833344331
-0.010272614987213
0.042771967380902
0.040564834366907
-0.077373507250273
-0.060074206957048
-0.054360375616520
-0.010134677327748
-0.130156481579943
0.009681333238551
-0.074831505735942
0.118555014987786
-0.053192994653715
0.041497439128747
-0.049269916670691
0.008138040474797
0.093569233505225
-0.017151405552942
-0.026930938093019
0.007668100607979
-0.052769960816723
0.116757944192404
0.014144514228503
0.001916940875524
0.087628219028028
0.016406531856655
-0.000290829512144
0.063175735929310
0.026683270903397
-0.094917383219318
-0.011009644793213
0.029791560612552
0.028818625929705
-0.045525519110644
0.080658235500823
-0.022253853652058
-0.083856256244497
0.041580431982710
-0.042629591723722
0.025831623387050
-0.006153887312117
-0.033975501318307
0.028055991123424
-0.019211310519641
0.010313398795602
0.049036488933360
-0.023204233764664
0.082843459247709
-0.049611139563709
0.090917582624458
0.098551841957715
-0.102296919651008
-0.032958103536100
-0.022455501214909
0.021390419307320
0.135285181713498
-0.045224297256178
-0.078303596284609
0.014789070737862
0.035170930037755
-0.040469870903426
0.022588953703082
-0.080226800971373
-0.036488253111365
-0.065723630462859
0.003998813387078
0.053948419467539
0.008168456689316
-0.032949878465771
0.017949359568197
0.150608571215068
0.053427674528272
-0.022946929675573
0.055496582164054
0.087511077711609
0.030077144427155
-0.030078396548085
0.038549466581020
0.053687677765519
0.018126898287506
-0.023516902289338
0.035555091283710
0.123225691872771
0.056267828354229
-0.024401019137187
0.021400276197968
0.061926199039796
0.038375731588324
0.010902602757669
0.026189289338783
-0.082251637891771
-0.040824551413888
-0.012663216806508
-0.043790852085173
-0.087294671927755
0.009802564589918
-0.069232078372603
0.017734536718594
0.026646768806908
0.015947403615299
0.016860338630004
0.035612824661259
-0.065655274692954
0.046644566703189
0.067036581020614
0.135916016913428
0.120030599188474
0.030785573555275
0.057840859182294
-0.043843163372658
0.032476659178158
0.027844445482747
-0.041520747705813
0.021659269658546
-0.013596730468106
-0.028403968120363
0.113962966327401
-0.010865797384016
0.011080023305778
0.001203785282882
-0.024763162375949
-0.024759937202401
0.029848488476825
-0.096010908217040
-0.024928938750117
-0.033138807492188
-0.048445146762403
-0.092497321352302
-0.057003735783646
0.021063252083203
-0.040309400838226
-0.008231538380567
-0.011695591115811
-0.009038303431496
0.022130627689042
0.028100868897451
-0.001243228310370
0.023010048024826
0.091096954391373
-0.037132363800272
-0.017113384910925
0.075723424739385
0.146790653142763
-0.035049517646241
0.052648231264704
-0.018605636522299
0.049340724987744
0.041792177336661
0.020541112616101
-0.006271692466821
0.007801649724696
0.114142749135504
-0.048162649396647
0.025932999116574
-0.135282666293302
-0.008264834271303
-0.071220999903658
0.001910811269712
-0.027030569291932
-0.013662543476967
-0.023343684524862
-0.015969387461464
-0.029827605510463
-0.031260225941862
-0.005605957839187
-0.043279284447500
-0.021925363706716
-0.040522431607331
-0.029640888908451
-0.171061538708368
-0.009188189049547
-0.032335068502439
-0.038536008960649
0.008842941447354
0.005993738685499
-0.000451435652756
-0.040026127231375
-0.084497878308681
0.055704048917360
0.016495823399537
0.055559631410656
-0.041237541559595
-0.001029242352121
-0.005070828825108
0.052923451575386
-0.041481599574228
-0.054511394089156
-0.045526628785799
0.012011753800459
-0.050178714951135
-0.006405068953171
-0.053735087754705
0.036850530827751
-0.005469363726847
0.032926786626819
0.061263196129365
-0.011436628421132
0.023241996507483
-0.064009820110006
0.058422809554331
0.043784642704252
0.011162246008095
-0.051004797417695
0.037665380132661
0.046967050717500
-0.025475680414063
0.017853416710157
-0.093018855239763
-0.093637300403200
-0.049984427001711
-0.103565412711161
-0.003869212811969
-0.099253372950378
0.089239911055187
-0.101021094220905
-0.013159968411579
0.042884020654831
0.088423631873568
-0.090492304936511
-0.129104146612283
0.058086082566358
-0.023237671395793
-0.036624865465910
-0.063026332482620
-0.046761900215197
-0.008739867500790
-0.022231877799405
0.036715371069421
-0.037617145270874
0.059117665455862
0.039698682824981
-0.065804680606970
-0.053658511987293
0.077899212192354
-0.066631780153119
-0.063810397980332
-0.068644165432464
0.012397446128854
0.079975552937330
-0.004269629751796
-0.032241261418991
0.080810275811123
-0.012970645077273
0.046467907744768
0.073790783967835
-0.050923428387900
-0.007054281750400
0.031357017847609
-0.022935712070897
-0.006749448501937
-0.009549433422285
-0.012735403328172
-0.104991658229150
-0.052659480761722
-0.027519548535180
0.034880040019328
0.065593900298581
-0.066741873514731
0.005302928093372
-0.090420814249560
0.008706647854707
0.025555875903115
0.033615009175686
-0.027415934223860
0.044450977394831
-0.032098899581575
0.023287372683095
0.096243736044907
-0.005664721903472
0.048677295542187
-0.034288639872706
0.060185334909488
0.027083331264223
0.022373655422241
0.089439999055245
0.008237793741682
-0.017807213532184
-0.019187223716332
0.028038083979245
-0.022189026751701
-0.025413604231881
-0.117950599372817
-0.003446008833201
-0.033661006465017
0.022321210969681
-0.030033632789137
-0.100273032413947
0.004746477242133
-0.021331364441676
0.054690086302940
-0.026980082771008
0.002341844647407
0.016548831651797
-0.036070168205970
0.048732298222623
0.046189296612266
-0.007078523722890
-0.018369908434407
-0.025854762930558
0.184137132689276
0.082483426060814
0.076515474924058
-0.034243146383929
-0.018558215822037
0.039926557529657
0.093719570673808
-0.001599784932744
0.017308351339688
0.040757308949473
-0.022392030812968
-0.113663478784332
-0.004427379166248
-0.031936941457219
-0.027501473372041
0.015206440297335
-0.067098527547372
-0.048090097474544
-0.013229655940545
-0.030111241195018
0.029446204468652
0.073576162166500
0.021545097238487
-0.023009909007950
-0.008424757223789
0.087780603086808
-0.036319681976083
-0.000611033031949
0.066115208706082
-0.054351005822882
0.014688104640232
0.020747095095776
-0.076846016003266
0.072006781361603
0.039119836155178
0.018900392584862
0.062424707647050
-0.029859695864099
-0.057017550837876
0.103357874563306
0.040009501458696
0.015469970282005
-0.015416481875837
0.093363874292040
-0.034014246594184
-0.012684846543875
0.034218750103257
-0.032296884936883
0.049681764491214
0.056063714081927
0.031024439769246
0.123369360602080
-0.000668260467287
-0.005140880455439
-0.040607465456934
-0.009592847742992
-0.070195478112257
0.023902803118167
-0.070608114230010
0.006897270672538
-0.016518774265817
0.041151867663928
-0.032436412480345
-0.062168026552679
0.019805224956174
-0.031899221860822
-0.040921565633604
0.032296213435198
0.051049483877656
-0.007734143081049
0.016663864641867
-0.019771933457905
-0.015032192239997
-0.081815707855412
-0.007055210534561
-0.013151059696737
-0.033893153266750
-0.050991611055894
0.102967865143146
-0.016978182948055
-0.007995189455140
-0.022831194139595
-0.071024240099562
-0.104800344598733
0.089127391101659
-0.023396983664894
0.034570860415944
-0.002484737041929
-0.036549570834072
-0.099069522994192
-0.092652350244128
-0.023874360265359
0.031193393619502
0.009252906637201
0.005275847053410
0.055073285498045
0.015478704706490
-0.012320525169892
0.072896537181148
-0.012500941762417
0.048118591018709
-0.037181434860395
-0.000910674371690
0.016982987500584
0.036595431137796
0.003782770680839
0.104948560190450
0.030768224460706
0.015359849296662
0.095775287565436
0.069474556011851
0.068186432110012
-0.024816756212077
-0.086738669501665
-0.070286387035406
-0.114543284233242
-0.059403095252129
0.000252771349800
-0.027246624186687
-0.084738451847822
0.001581265175666
-0.054866750217067
-0.080761148737487
-0.052493915240853
-0.069593921067465
-0.099390101831117
0.024690853684264
-0.035987645560761
0.017222617165625
-0.025237462656461
0.129066245319502
0.020577032785835
0.008477478888640
0.110477100952278
0.049943854664624
0.052748841190049
0.016638058835995
-0.008989471177268
0.061114419171523
0.120370643308603
-0.001919819301226
0.009730045580917
-0.000865014929458
-0.001650700402019
-0.022283652660477
0.045602604962495
-0.028279024589627
-0.013957674450940
-0.110508187342449
0.048620739790317
-0.043015991309267
-0.034352759567519
0.018770032082349
0.039040069255289
-0.002322586383292
-0.083139816871610
0.032681666074141
-0.042047421044123
-0.068111053684968
0.129187044791366
0.056231938684830
0.070861504135410
0.024670860071705
-0.026756422756627
0.011971431867618
-0.038369982506403
0.037949230714718
-0.017718268800575
-0.021254207196958
0.058596173935689
0.108572342071418
0.033040155141272
0.004495953677951
-0.022039129572465
-0.029042874280480
0.013580471034810
-0.146037635320666
-0.027753958479910
-0.150987193774532
-0.096067156517405
-0.010187368555011
0.069782605068288
0.027609674085354
0.038397550611502
0.029054011667260
0.129897714184207
0.101465326670038
0.044581707759669
0.029006044459911
0.018415395256800
-0.058724327833650
0.020428971453400
-0.045799307376355
0.084491031206090
0.038919694925370
0.038769432997829
-0.015462741067310
-0.080279837185444
0.082045342470063
0.089744765913655
0.083405172179220
-0.013397914868381
0.008284994779008
0.043261388191341
0.051528473984428
-0.061995271752995
0.052346065551353
0.006766170212854
0.000561634262143
0.006641432053042
0.069767171447783
0.001752827972638
0.091236533471900
0.150701807035711
0.050208720913629
-0.044174834670517
0.062969881764834
-0.021970570586105
0.041954110391446
0.077679872861815
-0.011115765697425
0.100863084868451
0.050755957895110
0.014055515121404
-0.022294010707627
-0.030512888004872
0.120454260169578
0.027664223226632
-0.017843950715928
-0.053320074906057
0.029148917006272
0.081185331640490
0.049229035452078
0.090707161554977
-0.131148968859364
-0.093728675037680
0.037932173294401
0.014241984659503
0.162170845834361
0.001848373467379
0.042913711522721
0.035154925762607
-0.018188974723421
-0.005199291582332
0.054045036397564
0.017849114665046
0.068650566910354
-0.096118166408797
0.004396493304360
0.049531518165270
-0.054962345293487
-0.094054344476745
-0.058837590047961
-0.034253341483431
0.131922116158096
-0.044067882119562
0.062108907702065
-0.018588664131829
-0.059806930989727
0.023490945657532
-0.030379877586916
-0.031636785625418
0.028354104417829
0.065804057513104
-0.069253660374138
-0.101920467978902
0.006449282173126
0.075247805406675
0.158515629086639
0.094400246380956
0.033098876342266
0.004988646678731
-0.006885128147199
-0.084732070145183
0.080995482327323
-0.017157877855366
0.037650588978784
0.036928188096163
-0.100849353594348
-0.012042890610222
-0.073422383601631
-0.044342384918902
0.003331613661130
0.026123152132728
0.049870002140835
0.012801712990550
0.074375481396015
0.013277163994983
0.077466835204453
0.065448541489665
0.002862198605951
0.025193015505507
0.054533338633108
-0.010508421693229
0.023390165271653
0.037347278171358
0.056957014058200
-0.007875294284809
0.011013665044298
0.006967092577128
0.026182341589775
0.037716014413049
0.024979494761382
0.044069242458395
0.092134693604419
-0.079218727015225
-0.008207633081799
-0.120219996986983
-0.063604519402671
-0.028665532029161
-0.002672733671151
0.107318731930160
0.050194656242421
0.087254254485630
0.052196312777183
0.089479554433106
0.022420340251338
0.058595833228684
-0.012156844085756
0.046598807472368
-0.028605035302858
-0.015689622012654
-0.071605302247337
0.067435480896106
-0.013341196090741
0.047550675658088
0.055463086461627
0.085837262048355
0.025708706265404
-0.009002437401924
-0.023184816739990
0.014817499930327
0.040326547583882
0.043279074865016
-0.037499201945881
-0.036020920900372
0.038615499242161
0.016079380990494
0.123449720709363
0.066710812396463
0.007139127146127
0.020157225028490
0.013605478902847
0.066982446594963
0.051039216226655
0.106743351796928
0.002807189120792
0.100637070468786
-0.004107138860231
0.042655159432308
-0.042337873598548
-0.007696899233079
-0.001587866375520
0.040069173349012
-0.027034094013295
0.009098511857207
-0.010774068257789
-0.024830363940587
0.034965700460272
0.141597221161086
-0.001884261061107
-0.009964607723006
0.000921088219197
0.115998294298481
0.056826093047353
0.086243856676412
-0.016869988712578
0.066959495657390
0.077367723631573
0.041509678744618
0.061875157380308
0.113353629466666
0.053189066016962
-0.065771336824688
-0.042574013924399
0.041511589417986
-0.075645970618141
0.033733626522474
-0.091565812434212
0.038687997005756
-0.007312307992236
-0.059147047206285
0.007962176331174
-0.060529043310757
0.058413314469651
0.003234733383521
0.099742790309867
-0.071984520131655
0.079753297770997
-0.010536102544889
-0.011832320158484
0.011456637556921
0.054972587843662
0.102910083593168
0.150951691840289
0.050198903388865
0.053618009486630
0.048091038924955
-0.009372724839088
-0.051122474093895
0.001421529361663
-0.063135833356082
0.018460685053566
-0.007751986525904
0.083686753061771
-0.052546553703203
0.001957046683001
-0.033369007106290
0.005830368236354
-0.071338313357625
-0.069753350039849
0.100632133099609
-0.128575760124080
-0.027991246221750
0.061207183408520
0.012690319767491
0.004237958447712
0.006658306997618
-0.012344236821738
-0.012644816434375
0.048996377919609
-0.053787719582963
-0.042398861743360
0.062769186715899
0.030795808213702
0.131250403319907
-0.026747833698059
0.002024574684260
0.045975079740540
-0.006698084668375
-0.071907628667948
0.051572423294013
-0.001521337153922
-0.046649903428849
-0.047221008203961
0.050439173109727
-0.029650227372860
-0.071008262129961
-0.009950405710936
-0.031389303290237
-0.007575807448787
-0.083245004769627
0.042747070902865
0.068545140372748
0.031683239924448
0.079654954419521
0.079647891801420
0.052081174525406
-0.036834229759037
-0.042217918631661
0.074183094324513
-0.019586548680452
-0.027025865123956
-0.011059155730630
0.046317372021072
-0.025344489074564
-0.027834450409571
0.038455008698569
0.018577595536796
0.055632163509529
-0.069184374408528
0.087841891617555
-0.064690269395389
-0.059800347879546
-0.066095482092342
-0.017702446674149
-0.021499107091743
-0.107905988359141
-0.094940728632712
-0.110297030237407
-0.171183669614341
-0.005882699685708
0.103362556226902
0.108603722373771
0.043098762234867
0.031652426551902
-0.051719137855162
0.056158544307505
-0.099467875078287
0.037800619129122
0.043859158516202
-0.106217272788060
-0.064417824652070
-0.126408989373368
-0.079779921656391
-0.027264840460209
0.034235191220508
0.078429732155997
-0.005022071115583
0.046787205816571
0.115249620379524
-0.024042551325124
-0.101251360666061
-0.058325998081350
-0.052786315142029
-0.029244907527297
-0.098601214079585
-0.081268624439574
0.020035762060454
0.029741303447188
-0.035710468611541
-0.032741531656541
0.010157454776857
-0.027248965665339
0.082654440333714
0.047529802254253
-0.046764797733369
-0.044119973874965
-0.014602970102334
0.000405723379218
-0.054341969257643
-0.065570107306927
0.048937035268162
-0.002143513966804
0.057817944397904
-0.012062985873202
0.053166213143954
-0.059665272830244
0.077252131055184
-0.064368898890527
0.011809489322166
-0.051226131520506
0.027898604985444
0.014640700568464
-0.056564925002023
-0.033405222721976
-0.020713006037686
-0.097788612565331
-0.001805255765234
0.022094376959095
-0.025900250504560
0.126154805637666
0.007568756286215
-0.035213288009796
-0.037022683921711
-0.036472550160158
-0.002730896390840
-0.085019406532109
-0.069785871525730
-0.037987901168601
-0.083321771228765
0.063219177593643
0.090310126122150
-0.001005986724763
0.000251811836220
-0.011670107853184
-0.063756708387939
-0.035024153970337
0.005728794308757
-0.045817418380415
-0.009348947807846
-0.058262591730360
-0.005607218455433
0.058768244205033
0.073071680447607
-0.064046814579105
-0.010157733409140
-0.069301115230599
0.011587711546422
-0.098710224834775
-0.083941108904408
0.018735081923097
-0.087750098200303
0.011209848083379
0.009312069048322
-0.084613689930457
-0.005676125172671
0.009384066806473
-0.089723973304228
0.078224606126088
0.080487366038818
-0.012108225053911
-0.012223537762409
0.046166509511441
-0.035807050637930
-0.002568591116073
-0.025290032810365
-0.035308756595666
0.061643314963657
0.001613408792107
-0.019066049795815
0.054813355986669
0.022498952897637
0.029322651809919
-0.014421048198420
-0.015032003130836
0.044379493372323
0.055882911327199
0.046965586086758
-0.018862660171029
-0.028639669261751
-0.016142090948399
-0.007806893106739
0.023260818165310
0.012713942362615
0.018561045477842
0.061698936867978
0.025442159032920
-0.037993257414176
0.038278277169967
0.061624521656132
-0.031066142849372
-0.047861448498223
0.062829753785070
0.016562417173984
0.040709049174679
-0.004342160527254
0.106347296013243
-0.023966384881581
-0.016152493221160
0.079186418795495
0.065905077979343
0.023136213560033
0.045248499112577
0.008733641577505
0.082457337398989
0.050284828228480
-0.044601617696402
0.084841100115284
-0.028556456705793
0.117608139882918
-0.076212627441157
0.042614884649916
-0.024956232483213
-0.049663756861660
0.000304620284605
-0.000460264947045
0.026527531746285
0.058329058032419
0.078008810998103
0.000354261225890
-0.023314389312745
-0.040925190237394
0.020587528224529
-0.022958917649004
-0.044154692432327
0.034133858609099
-0.001292831112875
-0.021569366395155
-0.012695253566636
0.143395772406001
-0.013382368478676
0.121229284660227
0.025164496154833
0.001939435171314
0.130179652448977
0.015135569914180
0.041191960845914
0.010969243731703
0.054916211175194
-0.149196016594605
-0.007111545200505
0.113748172405920
-0.024924279784359
-0.050711619853558
0.044303230971344
0.050658387027317
-0.035365350694097
-0.018655324685862
-0.069783909976848
-0.039253247144736
0.028340716143817
-0.034886474633550
-0.022519940956095
0.050749220166611
0.026652263411789
-0.017045842151084
-0.053777196844734
-0.023873527732360
0.111421686141285
-0.020429137981263
0.080144775398291
0.029284007405473
0.030734847946526
0.015152986370091
0.107874731030492
0.098559950438038
0.069146758532776
0.036926886579435
-0.040571663342915
0.077836112801352
-0.031275481051864
-0.027599457607190
-0.166584585010443
-0.025824547672555
0.054581827650115
0.049097163130069
-0.004607910438139
-0.005370273026879
0.006597078541896
-0.024852183204734
0.017430257261329
0.009924119506891
-0.042242350931385
0.024306250399798
-0.013603019619878
-0.002321284406025
0.044892302427613
-0.045503862582024
-0.030346780477906
0.054535539273253
-0.019098875558884
0.002529728120187
0.022695600446262
0.024676991268449
-0.040201740182427
0.018600256709164
0.105293702718714
0.011539527528844
0.020740214080508
0.005531495746014
-0.008775937331181
0.040284951236743
-0.113692653600100
0.074745184013846
0.019890214878054
0.033481434062244
-0.002485435811953
-0.002197640167744
-0.057450034559057
-0.081944325233393
0.017462337079822
-0.097078431767910
0.067414774817415
-0.033049377256896
0.037728443155412
-0.042405614912237
-0.012335294961125
0.105121197761127
-0.004377607478642
-0.042530101896953
-0.010946900807227
0.165918299113434
-0.053797477310349
0.045045031072004
0.003629555266182
0.011644897679234
-0.008700050264041
-0.098955280309415
-0.065232835765420
0.053458550177562
-0.023769492203056
-0.069583045662720
-0.054998063743576
-0.011803322179273
0.025888966073290
0.049506834574641
-0.104621860219155
-0.042628342725549
0.067359390348816
0.031350265384485
-0.098791372534618
0.090770123474284
0.036270142261730
0.043462468786500
0.076339728901806
0.075312359352827
0.036516052993801
0.037429442706650
0.007795109080043
0.003405117223696
-0.027133994035196
-0.025817016752074
0.011543768805379
-0.021766072298956
-0.017253761041722
-0.030425023397365
0.042890214275690
0.006212398954571
-0.021768038414746
0.105581835758063
0.032340082037578
0.091140958064882
-0.015549014270580
-0.033225308343325
-0.025445837730273
-0.007149178893566
-0.034477141378613
-0.045031759955024
-0.058617691601930
-0.003972675033004
-0.017061766810801
0.156826560092409
0.106991490719022
-0.007345468284995
-0.007126864142937
-0.036617533335750
0.034146418462056
-0.066368429951361
-0.017230992337940
0.016933499953417
0.011482910743100
0.004530985863653
0.009794835545955
-0.017782157836329
-0.014081755089699
-0.021192557291023
-0.064192466199530
-0.008053513889339
-0.086390409530079
0.043247556997751
-0.056065673329045
-0.040065000597679
0.024002162658512
-0.003452652217031
-0.043337475804933
-0.011147331785622
0.025062682221959
-0.082378632279254
0.050190467362695
-0.018653153779387
0.058788380569523
-0.007623893315609
-0.030425545202224
-0.019531653802811
0.058939420945471
0.039837571686628
0.080765270894161
-0.018909794852054
-0.017332396906777
0.005088845415656
0.016252575861704
0.044603357212555
-0.016585947625676
-0.028481110304974
0.054020963607219
0.080394265188860
0.102700498817818
0.016446016803654
0.024789033805180
-0.122098687857258
0.054251903727190
0.029484657804430
-0.048259824870525
-0.076161583656518
0.018820258940315
0.052852607468252
0.080812277852153
-0.100805639782007
0.122911835239877
-0.022515056477983
-0.007103497651124
-0.069309844063997
-0.005479184133146
-0.030837383396883
0.062550410548727
0.002086558823272
-0.011395521150484
-0.094504595404818
0.027693258633389
0.046443523145757
0.059120648777802
0.027460685016718
0.005838474760169
-0.065212623712465
-0.005252224000953
0.095151872469942
0.113174883268421
0.014319467743823
0.009717145362441
-0.025063029151684
0.027936734041833
0.108797365599288
0.001427472068779
-0.016056306883307
-0.009455786712697
-0.033133891908166
0.046198137399354
0.059296835193775
-0.016100434664594
-0.070246913446389
-0.035699221464255
-0.043650400789269
0.002700275704481
-0.049310628341928
-0.126607624390634
-0.013563602741508
0.068362280530764
0.003303005298716
0.019711454834932
0.058184981529635
0.054178268404356
0.010199407691704
0.076020759651217
0.010178884758912
-0.016403194284314
0.000297766356523
-0.072535151398753
-0.040734062162357
0.068873221906286
0.066130817460642
0.014406113844569
-0.009374227312956
0.049285264732527
0.041874999041685
0.018131946470264
-0.041274168730185
-0.050124852635029
-0.047197103525369
0.001645173839018
-0.013162755315711
0.016947185753367
0.040417809305790
0.084016154128989
0.001164996964064
-0.026594284356980
0.005758432398232
-0.024026449527797
-0.025973653103324
0.024014619877869
0.011850347806682
-0.053216337111855
-0.027864969991716
0.022640675283046
-0.003683901854532
0.006275101427796
0.040889289321766
0.031828264380037
0.014329766496077
-0.017263951350459
0.037546040426649
0.022683944064680
0.129807938684606
-0.052282325216046
0.096747365603528
0.135868052689082
0.029182739717519
0.096097014083833
0.042972032043994
-0.021830697835152
0.006580189249036
-0.012548570289309
0.040650967404981
-0.031873497407423
0.077001955358613
0.055009776405608
-0.043471827663941
0.065543067007688
0.058757967431077
0.030356792520732
0.006618577765998
0.018500686072901
0.064832187237976
0.059483269510135
0.043762899446789
0.018866812275478
0.071837660875566
0.032997274840154
0.034867565594292
0.005319980137289
-0.088914408379549
0.018135720251907
0.091208583637457
0.079021162754828
-0.005284827845549
0.052392148223935
-0.008002525771216
-0.017204401843363
0.054172791253542
-0.001896903856236
0.058198157180796
-0.063132740790382
-0.015407735861539
-0.041555532624275
0.091519302330218
-0.026285636133146
-0.035056038345317
0.066937954053917
0.094224313087503
0.023326168239119
0.010748760886037
0.075783734671179
-0.075053383023803
0.014906035078102
-0.045697929403968
0.013926998891156
0.059256784856931
-0.034003545522498
-0.113340570530964
0.036400609419149
-0.017312076483555
0.032269496686824
0.116761947799761
-0.020981520687252
0.020939634712511
0.004092473699519
0.066292715329824
-0.028502813822010
-0.038083930726685
0.034524700541309
-0.033976142709732
0.021648350180455
-0.015075697956356
0.079938559128148
0.004990471958981
0.010775298453900
0.099860502958195
-0.034373731703561
0.044201872616381
-0.008424891620149
-0.081081806355685
0.069278746872617
0.142923986580854
-0.027984254806403
-0.131414678814355
-0.012399482334979
-0.010025668937308
-0.121024146030559
0.034060317231115
0.024933360530595
0.006407145557992
0.097363088522460
0.128883337816584
-0.043103968038669
0.058453825507824
0.018790452018610
-0.106814319543772
0.018276526551548
-0.026031996452946
-0.013913126024337
-0.031065991459379
0.008851002771186
-0.023137934874655
-0.014776625646564
-0.043303275210520
0.006349178009863
0.024222732219273
0.075734385099568
-0.021838366539655
-0.048497289125734
0.054448857003857
-0.034569428531197
-0.013175443198376
-0.180611746226528
-0.086666276759306
-0.065548396465115
-0.070814203355284
0.004129898699171
-0.072840442544126
0.033231307023344
-0.105018805342051
-0.047132971605580
0.008685645389271
-0.083502335533003
0.079024206821458
-0.053129066313841
-0.016679430493812
0.067568208502002
0.034395142384266
0.027689974468294
-0.021179332172675
-0.081578799492473
0.077799021792800
-0.088816970967677
0.054032530814002
-0.038744971798397
-0.073766944258221
-0.078168842933385
0.002193612272820
-0.131443354809276
-0.087458093914531
-0.159495854788632
-0.113342226451957
-0.163704881211276
-0.090541896051335
0.069496992936263
-0.008597348396912
0.017560363591560
0.057924257289878
0.066754514031216
-0.048742120346095
0.067762761184054
0.026784291417368
-0.097270304847784
-0.016438405587353
0.025849200325176
-0.014187548374066
-0.073188456720955
-0.035191018736999
-0.041726025354500
-0.033045175396744
-0.114616044941051
-0.068940888055292
0.020055426963037
-0.012200357798406
0.038248673113675
-0.040985473128993
-0.108478938235531
-0.113299758000339
-0.117586303742865
-0.001594479746264
-0.081026346402639
0.027434659223592
0.009185743374877
0.014708810549681
-0.031018693510369
-0.069374374526815
0.036453791657045
-0.056564862401238
0.024984005475334
-0.028508213828356
0.005753344675821
-0.077358578841011
0.047079619540353
0.074445474728401
-0.112275330486427
-0.010911125102088
0.013172469650884
0.017282127644212
-0.034450749142306
0.039369228765765
0.022591518698405
-0.104328011318866
-0.006932737434115
-0.023402231861261
-0.029210037697722
-0.081624779983165
-0.196070092152560
-0.091402378053316
0.000983160405501
-0.072807912804190
0.049690391620729
0.065150119002121
-0.001902727197800
0.028281978109466
0.006573856974879
-0.020401603645524
0.051137906961087
0.039818510432753
-0.086090617566638
0.058721542189346
-0.018473530025870
0.010439798590714
-0.067189329968513
-0.007356473747453
-0.060416337915698
-0.075661643498620
-0.005180860446262
-0.086012353719334
0.050393233830385
0.080985160056535
-0.054538129888682
-0.051564234513731
-0.060801045816224
-0.018383043934014
-0.056374244883896
-0.008515073148874
-0.051699743515971
0.049631364778243
0.013255726140379
0.044176837963215
0.056569433079179
-0.015200468749083
0.047446511027156
0.000201937486697
0.023289861688245
-0.085306715127093
-0.043757536285364
-0.004754932262732
0.116905037470942
0.002461291407124
-0.032939419905056
-0.000752871487351
-0.045096018172121
0.003653828245612
-0.062695675231525
-0.057799264916514
-0.079318325500528
-0.058760331626368
-0.052135658177707
0.019108652032708
-0.073770474244892
-0.061923962512626
-0.052026357663570
-0.030323837299799
0.037711440287984
0.129920834454626
0.088659227597790
0.024431190811551
0.007646192526854
0.035140130628429
-0.089938041169003
-0.076941328707503
-0.027974004200770
0.077274443171466
0.044444505847941
-0.005718225307944
-0.049721827592155
-0.021214760171522
-0.007593751895735
0.012679653409592
-0.007399620312238
-0.043430509597727
-0.037151176490477
-0.069689056367739
-0.059269011938925
-0.003643944960390
-0.004161721643594
0.014713612426904
0.027442218409019
-0.094632506926548
-0.025185828685595
0.000208531986330
0.088441872097430
0.070690237251280
0.041359055051183
0.062275173529707
-0.096936191576196
-0.115286993465296
-0.057449036260451
-0.084823666212684
0.007759631525842
0.014371197519359
-0.020437656310907
0.021921870162552
0.020493946828245
0.055795498401681
-0.009809024119801
-0.062792201250865
-0.037610967299174
0.078262361230461
-0.091154563703420
-0.017562302403579
-0.024089465389289
-0.026205777511173
0.004444449539843
-0.046203044953319
-0.065522613712690
-0.007651247002484
-0.016137727367426
-0.057120728565239
0.094224306636505
-0.026048587607454
0.145748362973440
0.059837836052559
0.032689601493148
-0.018168260444924
0.024356358811338
-0.048153809186968
-0.008141650637358
-0.001227821272782
0.118253698043854
-0.012934626293581
0.018280901076875
-0.013372041840781
0.068514837138475
0.018228651638588
-0.004740697105715
0.018983845280974
-0.018958668204517
-0.006929757581310
-0.035272642032152
-0.031667029635767
-0.067298781461158
0.046129382249441
-0.061523569322771
-0.010158514511344
0.001426399552217
-0.013405204015703
0.073830195266019
0.092257696592446
0.089937836315250
-0.037571125682293
0.123291666107201
0.018318719941507
-0.050101492778117
0.023926875735316
-0.031693924206442
-0.017183463611697
0.053300443024510
0.101898919364516
0.111066859837439
0.074155355773490
0.114072313603492
-0.035782525308092
-0.065452405007827
0.024065414814244
-0.059549711631370
-0.024385241144079
-0.076385333799257
-0.019517064197942
-0.031442995104786
0.069087315892452
0.015121657741939
0.023567964579726
0.005204864869656
-0.016986490601261
-0.004127681316304
-0.005278213355980
-0.006523962047268
-0.013175313460275
-0.095176033909947
-0.012161206691357
0.027091112819778
0.072027685948333
-0.057630074918402
0.069226995586515
0.066124742611932
-0.025709837163518
-0.048245160379096
0.076197384691243
0.028745892121669
0.016392383129394
0.045326558932646
-0.004478412538851
-0.009495817521576
-0.069211788246701
-0.006122352896611
-0.033540897590357
-0.091723898428933
-0.082674009147508
-0.049304169481280
0.050465480329570
0.028937796459062
0.006290904692511
-0.030610941553531
-0.035523995595664
0.069684794481720
-0.008979810263344
0.030110956814500
-0.016711902507226
-0.017538288985163
0.021107239581927
-0.155052918487173
-0.004751490647773
0.011440903223362
0.045093578920424
0.091073372652076
-0.051605493204724
-0.011041422054666
0.064303151438726
0.007413654641516
0.021334312657832
-0.011954204924872
0.040433221800059
-0.048598976722715
-0.057657900006349
-0.059415886227349
0.040842939124507
-0.017396116066857
-0.045986115302071
0.067945346905110
-0.042289183933756
-0.068917280794688
0.035989758488889
-0.032894069131444
-0.034381287120339
0.076329582690968
-0.139815150726369
0.078901890904637
-0.003560195017157
0.046961032239426
0.020049697777144
-0.038941980834288
-0.007208796518899
-0.052716914953148
-0.049859762424319
-0.023949172088279
-0.010281068798627
0.031438089975251
-0.023470283046677
0.044831079308831
0.077174269287231
-0.069541608186353
-0.031698532559702
0.033816672484635
0.082446765204081
-0.009206325284744
0.106303026609346
-0.032445188267221
0.036845739169745
-0.048652524801043
0.025770714782221
-0.024682407606946
0.039041505911867
-0.048473376389459
-0.094475281359909
-0.048035313670066
-0.070439468880759
-0.037487057111751
0.000836414657998
-0.033585972675323
0.075792493517300
0.102096524022268
-0.053241164555957
-0.052823926692579
-0.018262504249223
-0.075208113117076
-0.002573255820147
-0.013895426425890
0.041242942364341
-0.038969767858112
0.006101465118631
0.002542332819925
0.034318822865329
-0.002960105681703
-0.096454904036521
-0.106575732664809
0.023089955983938
0.065420047913723
-0.010592411022409
-0.015814334235845
0.032703855082602
0.015566594937666
0.054993103430794
0.089339447380865
-0.042537782262117
-0.068098105331446
-0.090343196390632
-0.002512221880207
0.032439851212347
0.026635030615669
-0.055925181183865
-0.019928684459082
-0.004435856741899
-0.060118553551584
-0.024832826716349
-0.074551804750751
-0.083140386418141
-0.033829389088378
-0.039394879708052
0.000672202492306
-0.034828434378144
0.031537709652366
0.005595945540166
0.039668784198807
0.071840942117208
0.029718334821029
-0.028237763264229
0.070454940149375
0.000514458772080
-0.045789092396167
0.088857518316047
-0.061048401585991
0.016842048011520
0.001461845797245
-0.045042846632278
-0.028096765446222
0.078421951430179
-0.014029283334956
0.036756283556466
-0.028992091997427
-0.052221426946622
-0.026233161049678
-0.004102137213067
-0.020355111854731
-0.020144914405382
-0.097779439684091
-0.034674948165994
-0.068227705272729
0.034067701546745
0.022152631062934
0.067681949160353
0.013717663922530
-0.012959116443011
0.109196236352814
0.001105360121915
0.042040703415110
0.052051992799763
0.185872935062448
0.025552891576251
-0.008139636462865
0.055764591822556
0.012232161462592
0.112555816399410
-0.047573830924521
0.018435801102017
0.046533380192339
-0.027732594861541
-0.012285759650274
0.004671058628314
0.041397515018124
-0.057066102288044
-0.002094930569686
0.074553598543434
-0.008395494948568
0.030779607497467
0.058898846319832
0.010397682059610
-0.046062489785372
-0.040062887621739
-0.005842969347411
0.020262267215526
-0.015438313012635
0.027321805896056
-0.036940843591785
-0.072661101131947
-0.042741691719150
-0.083268025078163
0.040725508224336
0.067191115923108
0.046621120925251
-0.069765124289942
-0.029264976536165
-0.015215383230199
-0.080883005500911
0.007133865807045
0.035847952158913
-0.014065862502511
-0.068532356734510
0.053377651015964
0.051513126510913
-0.044341849024278
0.027274371250183
0.045453891206955
0.012357990889822
-0.019746404404337
-0.026387362354273
-0.099750477148375
-0.048108668215129
0.061070988161076
-0.006687192902935
-0.006232437395818
-0.050391632117056
-0.030131334431208
0.032939212590433
0.028901460302463
0.051021489408754
0.008774340785796
0.043055363640197
-0.020619425945776
-0.051856524782942
0.037802466420209
-0.034243174096351
0.002993770027087
0.008021533949475
0.091251473943833
-0.015638758604525
0.024291239689864
0.034184591932124
0.005420772988598
-0.045772214650537
0.026003389868941
0.066368230400011
0.063324067571932
-0.068581797209679
0.003613382697208
0.059986521181685
0.061491289788065
-0.149508868157778
0.015050272555983
0.041788020364645
0.072065578501740
0.117013344254078
0.030690816080858
-0.018207046362733
0.036785616145994
0.160873463361685
0.041832101279765
-0.074479517273816
-0.026502778919755
0.036137456219355
-0.025474956845104
0.023941009743219
-0.059991174072879
0.040647135005038
-0.049787219393565
0.026339498972963
0.030786399459163
-0.026496500971406
-0.013851716869977
0.012501647577506
0.003587214879485
-0.088851282516317
-0.012677118596898
-0.073506989071005
0.018760116010186
0.020870833406487
-0.058673038019585
-0.096422476323760
-0.043196675569400
0.014065124805924
0.039474333804323
0.056080072485424
-0.061326349174575
0.075235216374796
0.037984740011154
0.058043743337955
-0.055235924162266
0.074536581869151
0.000918054762881
0.039358321615642
0.018349885686077
0.013070995100283
0.004762270828707
0.027297221579634
0.116336658343822
-0.019298109477421
0.015314883814565
0.019410379790437
-0.129583241361916
-0.004178606546067
0.029985825106680
0.089567982119380
0.004742673970983
0.017596308596840
-0.081504133378367
0.059818307282084
-0.014691492265757
-0.032661731655252
-0.083559379422440
-0.013534514442571
0.097532184717346
-0.063595956470679
-0.059121698823747
0.049996488475552
-0.032085656337729
0.040521946096936
0.076138676067996
0.025221905934538
-0.075926092682006
-0.080666518141534
-0.062572947990634
-0.041588678833203
0.006328697888765
0.023241866904077
-0.030589648476269
-0.069311826415881
0.016713994756496
0.001548916195067
-0.065670396625006
0.079328442308397
0.068673833745624
0.126742103394304
-0.019081695532414
-0.046881863373090
0.079530888816701
0.113708296878559
0.057733369379567
-0.028854216950705
0.091373081658950
0.030863662311786
0.055431445845177
0.066635134355856
0.034540532879816
0.054703825071613
0.025365864105214
0.088131708545107
0.101491274777976
-0.046046855312943
-0.066095326701852
-0.040409828630323
0.001531826547430
0.053373817493785
-0.022268738746889
0.085222078814217
0.049014910589047
-0.041144649700963
-0.031293858483501
-0.023738321867102
-0.018142917131025
0.026330122090781
0.027754807396419
0.084390626294176
-0.004637439632612
0.034938475055178
0.032977992671677
0.024672282158134
-0.026342727186166
0.050298797301649
-0.018512420600244
-0.053862920372969
0.049915568968497
0.033442257149037
0.076784193096965
0.031650986483996
0.000031128799423
0.013712551658685
0.054464408899606
0.024974604653578
-0.035567175277112
-0.016228456800661
0.143073878805198
-0.033004303020415
-0.059844171147344
0.049765773833931
0.045271076359857
0.032040589538793
-0.002698790040661
0.002590814472767
0.013133428814867
0.043850415760680
0.097686586475141
-0.027791324044692
0.020935689820847
0.011495999019707
-0.067131220102587
-0.058239859741093
0.068514751665633
0.051187094604519
0.008277990984039
0.071220476529072
0.091666953048091
0.151759230213932
0.056470333782340
-0.029822758313684
-0.011777514014016
0.039657493791720
-0.021950851478729
0.030559207590211
0.024241656625577
-0.037556096699920
0.024671244545004
0.006014232607821
0.014669705838941
0.016593450539947
0.036289558206371
0.000417711798394
-0.014406232646080
-0.008420789523375
0.014398053828495
0.009963413350949
0.011150603216861
-0.026576953329612
-0.047801722561300
-0.005832975852331
-0.005464880248594
0.064156688726483
-0.073051817547053
-0.081532520587156
0.023687117992774
0.066167385090478
-0.029677623023209
-0.077309423025024
0.014593767676622
-0.022112571798210
-0.089150934190325
0.092771963114764
0.003168628946437
-0.040770130524414
-0.025056861991096
0.008234049211148
0.045521726604980
0.001237487194120
0.013399033466273
0.046492385472356
0.037155426070259
-0.042142301530582
0.030343529203445
0.017288452420755
0.029767684077688
-0.159582355360150
-0.089975559568824
0.030250740716225
-0.120747105316086
-0.037978592265235
-0.048072678898343
-0.088598458675351
0.025098046010465
0.028421428130756
0.026666899920327
-0.020966911871325
-0.046304719399871
-0.006541518456547
-0.006445499717538
-0.003073967342964
0.002679347338249
-0.016770230775180
0.038140781019071
0.045456186936184
0.044735996835878
0.052016599031532
0.086920795109627
-0.003217518198707
0.100016383719281
0.020565759389891
0.058148569067063
0.027544477237426
-0.066770532015853
0.015442777884666
0.016701634072771
-0.066790562558600
-0.031001801431208
0.038060782322837
-0.063605240442140
0.053030107120548
0.017774276264180
-0.013886707849415
0.073616115144882
0.058598947940013
-0.052122525166869
-0.025155346517345
-0.033674932859775
0.095328559500534
0.062333010930199
-0.030700813532225
0.042320027451456
0.043240971589361
-0.009433784414183
0.092890612969224
0.040223850436642
0.034996146300633
0.081784567340891
0.115750798600075
0.006930178958011
0.057025162018672
0.044095060317186
-0.003897763472339
-0.107379951419342
-0.003394597626338
-0.091283425442668
0.003806167892744
-0.047960021792886
-0.046036278508139
-0.027102050682864
0.023766857529948
0.011677528454229
-0.055753388689783
0.012393866933279
0.072328865430680
-0.065185790092086
-0.115718645419140
0.016337277740597
0.002937510306722
0.005495513474182
0.020687149121844
0.094446205987627
0.024433080427551
0.073906769857612
0.004856378999943
0.108299731139010
0.042747191168357
0.061570709072384
0.120659836542318
0.050008217134679
0.039135233343133
-0.008459160932968
0.112599689501119
-0.048004013702767
-0.035724357866137
-0.053614303766776
-0.022770703607880
-0.024258674326236
-0.044774874197276
-0.023749912454791
-0.122579505768745
-0.096216896102752
-0.005879674481894
-0.073879209201446
-0.010338866635345
0.051028401594539
-0.041552491225610
0.068982936364155
-0.099954808465309
0.133284587810299
0.060713308875856
-0.036683986557569
0.093249099297346
0.030234615350940
0.057403031386826
0.104589908069083
0.053691020729747
0.065852066919667
-0.090816115009712
-0.007603945498572
0.020218028046258
-0.086732813170979
-0.029422438806278
-0.015073475368032
-0.039102105171914
-0.015726149957832
0.015041352998923
-0.002756026740360
-0.011680832235171
0.035552557958401
-0.031655447295870
-0.065755905313569
-0.039436822758609
0.021408406133569
0.103215949086523
0.060222964005257
-0.068270203433791
0.067223597115073
-0.046001413783331
-0.015622897520786
0.085982570869390
-0.051004809253100
0.100037448136152
0.105868093160656
0.037592351457555
0.063820174951636
-0.049226799865260
-0.013029828672829
-0.009918731160208
-0.022625409011123
-0.012293481317456
0.020118437759353
-0.071951499070963
0.009658817204427
-0.040146561507992
-0.040116291282053
-0.026922398337688
0.024468992851968
-0.086786344778793
-0.040956493653622
0.000584970071314
-0.015500788634622
-0.039650511373002
-0.036908432899218
-0.026722551027773
-0.019454606037045
-0.139037658787879
0.001947243604879
-0.033801207548212
0.040693958716410
0.089811469927602
0.053927573082407
0.009507372592882
-0.050237536948534
-0.050922577356392
-0.010906074969343
0.033996025493616
0.000383362486366
-0.051922976220389
-0.030470325942480
-0.008754670544486
-0.083248794828578
0.105738876526549
-0.073297002027207
0.004241169481853
-0.094733852867083
-0.053612878672337
-0.047966996880278
-0.038565938071480
-0.043988647613465
-0.063777921921383
-0.038561267871962
-0.148903076080512
-0.104837605666026
-0.029769559792728
0.024229281038397
-0.003616056013763
0.042292894990587
-0.006300551691734
-0.022931935060498
-0.005467105355156
0.041148244642081
0.019732130217374
-0.019225342394322
-0.028409386663691
0.088596454828798
0.066863093024419
-0.069467235645052
0.037458140415838
-0.097023145595323
-0.007860206009966
-0.056343700676417
0.068566801084405
0.035753142558135
-0.053620622679307
0.062680256300840
-0.074173810880413
0.044277795470670
0.034671547862688
-0.099488761315107
-0.000911781194427
-0.064444655318538
-0.116462051063997
-0.043614308423126
-0.077250534691585
-0.109636743434365
0.010398039068339
0.001677674928861
0.043604054598516
0.045978934254955
0.025337262444891
-0.092159378816232
0.099000001794910
-0.035609424339794
0.005487562886338
-0.111439702312147
-0.088348758287526
-0.053838767123102
-0.091507752554040
0.027142805815024
-0.001679055948638
0.015671789024359
-0.025883576485726
0.063613372979573
-0.003983857228770
0.020795452939071
0.035715088635692
-0.024001347194748
0.054031545635626
-0.039014554113099
-0.106709185942577
-0.103911679128129
-0.111219902970944
-0.025126970550414
-0.062943274075427
-0.020472189193609
0.042875528009341
-0.028406978597741
0.109562566097998
-0.005683868511523
-0.047310917677726
0.100241342157164
0.028394901724170
-0.016171275731374
-0.084787929260123
-0.043758789036825
-0.003408351804814
-0.006031107694559
0.058724702964045
-0.046986960015965
0.001360919835462
0.101240413781447
0.064323115554216
-0.108967477483262
0.076491216069542
0.041126513391055
-0.130533349401852
-0.030112827768713
-0.032170251886158
-0.058105774029882
0.019047750670821
0.044831343373876
0.018030803545672
-0.038168077390837
0.078340150078294
-0.009951057235279
0.035493409122782
-0.020905476096559
-0.053080995098401
0.011633409838331
-0.016850747592323
0.022066838523426
-0.008977609359949
-0.111385380030720
-0.076095105347156
-0.057121560896094
-0.071937718143733
-0.000665054478793
-0.028711387370479
-0.017848453691499
-0.030859216928433
0.049077587957634
-0.057241176724568
-0.003165066647406
0.050696639945140
-0.001744986435157
0.029851576063503
-0.030072171301450
-0.029364072401614
0.038694797619748
0.056302777585470
0.037416824845039
-0.012885856004351
0.022459972959077
0.024555956574605
0.042671988690382
-0.013845622811764
-0.003672040313497
0.085042715527613
-0.046566520805451
0.007075744754982
-0.072133014967307
-0.051970449630319
-0.061394213149433
0.037703179521736
-0.118644180517450
0.010427638843387
0.001234150691784
-0.039111209987082
-0.020752605716738
0.028460075408298
0.020515362750223
-0.001071708521352
-0.072822369871816
-0.003447861698720
-0.011574949533479
-0.021993240295891
0.090056674354416
0.068714571273233
0.039402159652469
0.016952620442562
0.078351973969302
0.125110237832576
0.026804887284899
0.084041879102161
0.032813980699090
-0.009106846068495
-0.036542027931019
0.000984359732691
-0.026984166898393
-0.098579870915373
-0.048117589730416
-0.038858091261526
-0.098504437728061
0.015238257652087
-0.009022282466123
0.017204096572380
0.070531390623744
0.010241913351752
-0.022907059577213
0.018035014561406
0.013046821586476
0.014849767554846
-0.064247849160114
-0.024211452456163
0.077822209242785
0.062753668332437
0.037638237423644
0.047940569710133
0.045102400056295
0.002190985325631
-0.001996562344152
-0.016348793916196
0.075290197398589
-0.029281673608777
-0.090561919155514
0.011054608701048
-0.068673405149426
-0.023971832003097
-0.040381339826608
0.024294517087971
-0.009293526385216
0.072427572320140
0.050486944462223
0.057694727606180
-0.025355047585537
0.057207094285232
-0.012751574087700
0.021307370633337
0.042845410476766
0.006323512939235
0.059936280879944
-0.087659606560178
0.011531627319864
0.073827729189244
0.129355980136653
0.033129910369039
-0.022022279943543
0.087678033663418
0.024862524789068
-0.003661921364482
-0.005521420698843
-0.011284759760194
-0.061677956063203
0.046323084073435
0.054656419561942
0.053698201132852
0.125835198352456
0.005554952825302
-0.064901807469675
0.000637064937114
-0.027819035328553
0.022115391864970
0.033412192360109
0.030091456343689
0.060507705798719
0.020026252843151
0.062486903287810
0.057833778629038
0.101292011763737
-0.009247075769155
0.064044128112412
-0.041803258133517
-0.019279578472056
0.071732918206290
-0.072111728331613
-0.002476101493772
0.021065186051112
0.017905210488641
0.019271882168775
-0.034399446937422
-0.046092959610991
-0.064224405616957
-0.009024089117685
0.077544457140728
0.025622826922639
-0.047009029382866
0.077881569124499
0.125020548026621
-0.088184954168044
-0.058253658931314
-0.067419218057267
0.006078311177632
-0.064634762916810
-0.002966001506171
-0.045526845619518
-0.007101726812210
0.085301622362794
-0.019167070593388
-0.002968525330636
-0.000264482848408
0.021815725421572
0.069484256325267
-0.001164635697511
0.061347314895951
0.058057411487013
-0.014444908594257
-0.112922526741819
-0.071703193998439
-0.105680096997795
-0.000495130689463
-0.022892382945199
-0.013162560740539
-0.060027897065266
-0.027086583781721
0.034298364394083
0.054732164615765
-0.037362073003551
-0.009469243006602
0.010346866654398
0.006780452189765
0.041849557906610
0.041077777579028
0.015381673111319
0.013259313871906
-0.038941544029118
-0.057899124366261
-0.057024829255783
0.018446126793574
-0.066984012208802
-0.047091824736866
-0.065673003414493
0.034687382672459
-0.053717871264928
-0.017471927434144
-0.043081661810228
0.009551777825237
0.020693035912144
-0.006108962476014
0.046483960073761
0.049997104924343
-0.006824709561937
0.008619958732213
0.000847651219302
0.006209978404775
-0.011434999399129
-0.104453363338304
0.024340373317977
0.010440202943947
-0.067042160436231
-0.004433996712428
0.058561318449339
-0.017027628676812
0.063407755414997
0.047144793836700
0.040254287515597
-0.025517526555021
-0.041817098867807
0.000214906879887
-0.120880596577259
-0.035120012016111
-0.036350334461236
-0.015815910982742
-0.029572274785495
0.086739178829791
0.005396389316296
0.043900011903804
0.004563846639361
-0.029852640653977
-0.078932560235350
0.042225752764287
0.042215063333808
-0.017291345554375
-0.021349833895876
-0.018026279321851
0.066447253212857
-0.029609924900771
0.011135926829742
0.125554865733403
0.077471870171667
-0.006464946601153
-0.019858862902067
0.018341605758569
-0.038188830811146
-0.046045716736123
-0.055486502012566
-0.032134118398856
-0.045441111999934
-0.055560170719747
-0.104356474713231
0.020156191111955
0.091325261136935
0.021863613082014
0.032327848947910
0.063822510494110
0.071831309200787
-0.010447880124555
0.038203835043526
-0.050112830650347
0.043945330352936
-0.038475158599518
-0.042936780343598
-0.018445347757286
-0.048934988980647
-0.060225940587193
-0.039305828974963
0.057533808643673
-0.062396314196753
-0.038496331858254
0.017002406896754
-0.035177548190143
-0.033764687576875
0.049796647462411
-0.059797131364542
0.007722509733058
0.027302600113528
-0.005118959795194
0.043996816988028
-0.062446602770446
-0.002208819226443
-0.028374094627201
-0.028864719805717
0.013073831093150
0.095499585741891
0.010637426897818
0.030565806006748
-0.045628708476666
-0.003214591095387
0.061725244416612
-0.054209809549626
-0.056404151249156
0.124977476061962
-0.059674318866025
-0.030208066359167
0.022742878362034
-0.036874018185819
0.020363469505733
-0.109832162807147
0.035161520915135
0.000527305654431
-0.048819466588120
-0.066478725792059
-0.068676018852867
-0.055166737216136
-0.081060381672835
-0.051446312864486
-0.059606580434623
-0.011989362172864
-0.032757703827953
-0.042896258024067
0.014676418233610
-0.010458509389407
0.029871053834138
-0.055460791963657
0.055145884140999
-0.042986276652964
0.051158778082691
-0.001156479650238
0.110706966459029
-0.049533630719390
0.043259472251468
0.018212618839388
-0.069431764452312
0.010773416413489
-0.113937776325365
0.019822665735256
-0.025225235036702
-0.030475914290348
-0.062864310803476
0.033888878737089
-0.102963891035329
-0.037964525142550
-0.015636126047592
-0.040843524233030
-0.018136215123124
0.108517495171652
-0.046996066172091
-0.082859060419493
-0.009067638750281
-0.061015594681572
-0.076696447815604
-0.014517900870266
0.005377083153049
0.029612630970802
0.029230907749169
0.026870759992799
-0.057974398558920
0.037541878738900
-0.002158588688608
-0.032957045473564
-0.016800327803681
0.069430110328971
0.096786561542622
-0.019516831911635
0.027905225312222
0.057089046164323
-0.049807728342129
0.053082828635090
0.066269341462420
0.109841360223939
0.024340359327674
0.012524574146716
0.127439987690230
-0.075879953370550
-0.100506502688289
-0.011745138099888
-0.011527215549685
0.075014351938619
0.015073402878752
-0.056054774423358
0.056097275111325
-0.032706977390241
0.105949253790001
0.059524950945439
0.014806008507292
-0.031115891535085
-0.078522097865857
-0.049129017676306
0.047376518257904
0.029626433401477
0.032136825892870
0.059812555048329
0.026768739853797
0.144625704105788
-0.064491475549561
0.081598953997565
0.095339957745799
0.020858886425707
0.071958956202345
0.051517350156951
0.093971729321508
0.030299641691038
0.101473754825352
0.039212700499773
0.010141514105759
0.049431525079961
0.098474263708926
0.021615919276346
-0.041685213947643
-0.093135957410716
-0.008327536512921
0.101063058242269
-0.014468567818285
-0.014548664116788
-0.016730331968621
-0.053902893352752
-0.066686336220408
-0.098837884885809
0.063559427146018
0.088015034714205
0.002681724824810
0.063126173757121
0.038934840512562
0.179246822581085
0.047242194635894
0.141523960356614
0.136882606002318
0.011202217045909
-0.010889336469864
0.091425467067754
0.001528904199308
0.083319507587835
0.003166685526926
-0.062492940278337
0.052210205507884
0.065523769005711
0.021430719381721
-0.134813478300952
-0.029157801927018
0.052018229192246
0.006982419942071
-0.046838705836372
-0.052989866513785
-0.012019706986338
-0.045238582894246
0.019890034361917
0.005665869571787
0.013584718737393
0.004792565010439
0.051514644219070
0.046887908678938
0.067507445173508
0.023930854510406
0.079728450599129
-0.079064169454001
0.062394928321699
0.083914192782501
0.069006237234313
0.127791589231071
0.027693576909219
0.008281379055909
0.033330265212590
0.040970326642040
0.050916909743477
0.028842625844668
0.012601977268181
0.055670129393360
-0.040619590751874
0.006785408768871
-0.031845761164956
-0.059184867526469
-0.043506235168658
0.040988707821044
-0.004574672524336
0.064196092199463
0.011601200978593
-0.004930344710316
0.062109181608398
0.039698837995563
-0.033615454706138
0.020391395426337
-0.024713906514506
0.087261671799874
0.006349174758598
0.093111257452921
0.021191394689026
0.013281751005938
0.019574512442964
-0.056227969529655
0.055263992358694
0.015897987486217
-0.031718715878722
0.011500917142845
0.011917128859716
0.037408628340619
-0.007990490717161
-0.046315646411379
-0.081647276556583
-0.051613635602708
0.018880782189829
0.016166529947116
-0.056927035865190
-0.026601546805726
-0.019887087655119
0.027664129580621
0.120028803135787
-0.000410578503527
0.039667617528464
-0.093271108514746
-0.070429316026905
-0.010098214508615
-0.002239359383598
-0.064294006361101
0.093707511487928
0.071462904594688
-0.035640097742874
0.114015936939838
0.013215491258407
-0.024508247642057
0.013179437121572
-0.010399443171352
0.089333954332704
0.000494425573083
0.032716453892883
-0.059712188141925
-0.027630918564432
-0.001596938229234
-0.040460887314370
0.058206216827880
-0.011749174706969
-0.048610407884133
-0.120645605214142
-0.096886205613041
-0.003377863085510
-0.045058979988121
-0.064239109287703
0.057867071268860
0.056556589298695
-0.084604025749474
0.031912243374230
0.054755426851742
-0.053932418180615
0.011842408518988
-0.007646611005001
-0.012749456987767
-0.017509138769509
0.011224980812292
0.098371254411490
0.001134624542691
-0.065298073101303
0.044256236425925
-0.010101142558240
0.004307621547324
0.038618949037712
0.104380731577476
0.025568634097781
-0.036995789879013
-0.099164178496232
0.061408488950675
-0.017962180113753
0.027092775653812
-0.024347620510722
0.024770240153910
-0.029916707799740
-0.033197909469910
-0.050425085984375
0.113012315156243
-0.077825242269364
-0.003041317184192
-0.025967170435721
-0.042159095552558
0.002235129024409
-0.041429821660654
0.092554561130451
-0.031699353404638
-0.029306420797852
-0.027883463358738
0.008302990357229
-0.005727063062633
-0.067385589780659
-0.076681599240674
-0.023383772383184
-0.011683597497615
0.095258175975205
0.030237735493552
-0.049434546735456
-0.062727329175026
-0.003772665886255
-0.010576074972294
-0.095370433070464
0.020131227866103
0.015094934143384
0.016032610743537
-0.122319674368193
-0.077558267958094
-0.008808664523412
0.022243729694003
0.050750840438259
0.085959892834876
0.086947832421643
-0.019164699869247
-0.036364394608749
0.001983757549254
0.072342778114000
-0.026590414039684
0.063647827652903
-0.028361423399395
-0.023404747410373
-0.038590181365327
0.013050840252506
-0.082820476473747
-0.031614104953530
-0.039824923740229
0.044399360965879
0.059380515003110
-0.050002117491260
0.047743575415039
0.136674164755796
0.038723934999861
-0.001306283495740
0.074290972153414
-0.056211914496125
-0.062530565476020
0.000298377127615
-0.068024496666406
0.040355745818568
0.005232450650305
0.024811048017844
0.005920415516045
-0.000424550040607
0.022791421180925
-0.012026284380764
0.025826683564594
0.039045309309582
-0.009580616226943
-0.042216600119668
-0.019740093573358
-0.072475703052628
-0.032467913167783
-0.002221681382153
0.048163251135670
0.017284571050714
0.036823075684991
0.001039640357674
-0.023681445844101
0.082364971549623
0.059461336460688
-0.073447333568809
0.028670770592780
-0.003164604298023
-0.068360241904435
-0.037687691415384
-0.057917664323393
-0.056947996676788
0.013395309378982
-0.012103391764045
-0.063985027313379
0.057999386392061
-0.009376883119117
-0.002541105756637
-0.014611789935896
-0.097214600498328
-0.018654706671037
-0.066866068405007
0.049203207535022
0.001287370995193
0.034729207788030
0.100351175145211
0.001362874529880
0.038135137461570
0.042243567464766
-0.029872065642770
0.161083873675343
-0.022122746525454
0.085200904527779
0.045477578546181
-0.117251925369109
-0.012679310555082
0.004196814637154
0.002164876640449
0.043281676883084
0.009237264916599
0.023975186915542
0.078940235009479
0.040261720721502
0.075646419877614
-0.030585699153878
0.031862313494416
0.034577589904420
0.041305084397316
0.004609570314971
-0.027756486404750
-0.012448056342637
0.098876335993063
0.089988474853729
0.020336380530736
0.065418750271082
0.050226995367651
0.120243792766678
0.049110041854343
0.058357931895131
0.036191005487012
0.015263053275608
-0.066606591477030
-0.085253201035059
-0.031027956384059
0.031148174080479
0.026353009314689
-0.013317319766183
0.099507684342628
0.041038231182620
0.083919044151816
-0.000760486884405
0.108240495124863
0.068984834628403
0.008275639501919
0.013741023590109
-0.057384867941804
0.047376512487887
0.020026116287772
0.016484101301168
0.049580205300438
-0.072618503573094
0.070393304342638
0.068938910268468
0.154579606335435
-0.008588801480964
-0.004961628751766
0.008559675497969
-0.029920761840654
-0.073747658321654
-0.001618670802448
0.041392916484878
0.005059634697397
0.102304633749479
-0.007781984751808
0.125489586891871
0.025968059350701
0.001925204729259
-0.012731306345790
0.041858416410366
0.059506288089966
0.033661093604764
0.057262046392552
0.029148119304819
-0.030326524982402
0.080624717719929
-0.025651306334368
-0.007564061777347
0.022999554004638
0.091784795894876
0.090671147368587
0.045666403210306
0.122743093021086
0.014546703529578
-0.022191790064453
-0.005575746204881
-0.032854369565393
0.024422343110919
-0.131856596108112
0.002849269302246
-0.007055979334223
0.133831313262593
0.062321524380325
-0.007238132326650
-0.021102204825145
0.032611956628010
0.049592620585774
0.078705496717228
0.058906403982602
0.123181695296837
0.111496001558330
0.026761125552158
-0.099784835178840
-0.016801101344068
-0.025760416269504
-0.009252436843566
0.022383612389830
0.017598542803863
0.079978938729029
0.110502892915482
0.058191896327911
0.095464341391036
0.018712410094842
0.035704934745022
-0.028038345926522
-0.079607014761710
0.016903858936498
-0.003784318631407
0.004830766892766
0.007758519859733
0.005444486273423
0.147046064267472
0.072157707778285
0.071102630147152
0.045108671108709
0.072070691653047
0.091051133175234
0.098577027978191
0.056641319891545
0.052083394875208
0.013215176632152
-0.076052761350080
0.012121023317514
0.057533894901029
-0.003239812430257
0.123323139238214
0.094661589154833
0.116860692453499
0.074608409731262
0.110531388204989
0.083845308561720
0.085750626792627
0.006131705410616
0.030398783728904
0.047811801544433
-0.089286858740080
-0.000829615833208
-0.002429638546418
0.104975665183466
0.062578260108539
0.012355228710365
0.081542863834898
0.057614459785046
0.106811447102221
0.048325330812963
0.110129493629251
-0.005823778307058
0.088912799733106
0.054063299297671
0.065644838963154
-0.019936983479768
-0.028666131382945
0.026470934417785
0.071461776469086
0.026223069022304
0.086505761561459
-0.010231574123079
0.095959218639046
0.027651609643842
0.065917421276391
-0.017603736911230
-0.065704313266960
0.030962622827286
0.051965945737881
-0.012965155181859
0.031915116215217
0.056433149519073
0.027406070419123
-0.041421416978972
0.180422193329641
0.070320595548915
0.101577215420460
0.115860857659730
0.107300999158123
0.030289538745806
-0.050522758747419
0.026261580729413
-0.028186242984639
0.039015703714473
0.022241770751151
-0.056817732657920
0.016056033754046
0.035452475591640
-0.018136117428737
0.066430088371365
0.028977387990534
0.131674059362509
0.101677355483812
0.022774131476108
0.040689184574158
0.019807497375706
-0.007697409431453
-0.018682480987624
-0.058347257112348
-0.006612946968766
0.051504595711964
0.038972756126989
0.034655436028337
0.138028762787921
0.094851522449436
0.116553543514761
0.074987557566173
-0.053936371063430
-0.066906558090796
0.077175918518212
0.014896093946934
-0.033048078751524
-0.016669838754353
0.026412387951584
0.013521851497902
0.006142854982106
0.042238740958645
-0.062468771461227
0.096844229645842
0.013160696040262
-0.023246715122371
0.067059366969415
0.081567004579650
0.099238670687524
0.028295236870883
-0.000195602858965
0.013810633559510
-0.083359537160653
0.085350452498979
0.093591653339832
-0.007493407753734
0.115601779077122
0.017700989424507
0.010661017381048
0.037450208620561
0.003786492454957
-0.098402487440036
0.031374133071106
0.017222731841737
-0.074904601541447
0.042848828935836
0.043455542465864
0.013996270007652
-0.037954077697549
0.007071131045843
-0.019517115428502
-0.019273587860426
-0.131408176495238
-0.007168396637943
-0.045741380224640
0.146927115982910
0.009224951423240
-0.030836112787446
-0.002185732640424
-0.004060727865691
-0.027310369879326
0.030227783079090
0.089791028467981
0.087672859488810
0.080575299257314
-0.045682693555591
0.141349208777480
0.028805118677695
-0.025057940205015
-0.078470055641315
0.078065177978058
-0.022283507688739
-0.069282864444310
0.003016808231320
0.029978637158453
-0.025164597326944
-0.036484939461408
-0.056094390484060
-0.013426515666099
-0.018157439235115
-0.023851000031318
0.076973488197501
-0.061500367373682
-0.123382729305667
0.026774659371871
-0.144800531533901
-0.065700813553178
0.000261657533791
0.016696826526578
0.036371399257776
0.014833352657573
0.054660647517086
0.095075002121890
0.010053782735866
0.076324428527194
-0.012997270638590
-0.018699024450578
-0.040683657863528
-0.009712776096698
-0.092390561200372
0.000322621045436
0.060963131076416
-0.030946619092406
-0.023253519586361
0.060341038352562
-0.050439694469531
-0.004898209288681
0.048789036233317
0.031081457569409
-0.166337662584496
-0.034434475961744
-0.049748166854470
-0.011996245562317
-0.037831669737451
-0.111971823976336
-0.082710427389511
-0.000166919885714
-0.062293799096151
-0.045155536564149
0.034819791574728
0.002351363812005
-0.030734173870157
0.019783220830405
-0.037674776248779
-0.003009916963234
-0.070191831838515
0.033022892659582
-0.009435806439485
-0.021412695012768
-0.032468809134701
-0.004854702884597
0.015852143875592
0.016294582672957
0.057459560816034
0.070048417056118
-0.099726973505875
0.020739872230166
0.108647697384198
-0.051929924434072
-0.034337909669532
-0.087112090548454
-0.122576107354020
0.010793282030425
-0.029760675425703
0.005039556332333
-0.034716269366419
0.070835103303779
-0.118186577567585
0.026275133931945
-0.053484174464099
-0.009820997586058
0.016916282585132
0.083211087558491
-0.035209010524483
-0.019789441262637
0.018457556320132
0.123518996798996
0.088093609646298
0.329739114699214
0.095419404525254
-0.293875096650179
-0.091511738851612
0.358687886859243
-0.392598952104202
-0.206490325101742
-0.299548693285570
-0.250932217182177
0.008125092455071
0.172366847723437
0.024492803134351
-0.113900142026574
0.195887489574504
0.353870588534139
0.196036662271470
0.323356378529475
0.070195531420075
-0.108464356692350
-0.288387091132142
0.298762967856857
-0.281165484377607
-0.206089591773839
-0.347127328409567
-0.017508553367450
-0.153500784784692
-0.175825001233517
-0.002931511395667
0.295565192047818
0.073359756007491
0.007973618795134
0.078081488283357
-0.089200961540087
0.105238555291490
0.117861215004227
-0.020770693391807
0.339607076466939
0.014909608324277
0.332978956413104
0.257082353833070
0.110509935649115
0.151230250073238
-0.049973451275239
-0.258483866898576
-0.224581115271401
0.175198855230657
-0.020518420720296
0.381490650064541
0.035871643541227
-0.234421224913401
-0.024748678078341
-0.306376622617724
-0.069363706748530
-0.090480282766149
-0.060427921205676
0.010152631135872
-0.096582248925027
-0.406039224888058
-0.445802261300613
0.024164704019951
0.049117779632800
-0.177366695153032
0.025432916042510
0.241813362222058
-0.224167884242428
-0.031955428577185
-0.053062604410670
-0.102273691004451
0.255074265797596
-0.256278036306495
0.232915047127852
0.054871137455632
-0.202452678887270
0.078869130861486
0.073239577311531
-0.153049704746942
-0.065641916658224
-0.068748380389652
0.041556007901848
0.131289674982961
0.206515312673516
0.004752948445988
-0.172402049931819
-0.177796731494907
-0.144526485618500
0.010099688929226
0.096408156835221
0.371484947874669
-0.199329855665370
-0.351047943693461
-0.258938491038045
-0.071204754713093
-0.117132522749278
0.050868490254774
0.115189325836554
0.275073835599481
0.017032960216370
0.453167889076067
0.144439262833616
0.059950637385196
0.240197134916544
-0.236834232501446
0.145010362547948
-0.022356481281352
-0.050142371696479
-0.075357049438678
0.231738861892281
-0.321864675548335
-0.088027076503363
0.480201972626277
-0.000671116855478
0.154422811659962
0.017748796212392
-0.096163153511039
-0.166967596580944
-0.101788038594641
-0.010326006264614
-0.301237232454183
0.022873636059868
0.005003699464062
-0.229950627644597
-0.102319628992529
0.261808795748493
-0.312862969578367
0.164705714032094
0.060766587804383
0.086896954645336
0.092505546807128
0.244961971418172
-0.200095667228755
0.112915747621907
0.012344320109090
0.033921084238027
-0.173482806428187
0.060355076299931
0.072415723719321
-0.228023124108849
-0.073542924339711
-0.049828032047452
-0.117592500119326
0.151094108724524
-0.090951779922795
-0.147482928689175
-0.246232821526842
-0.159279410032989
0.138940203851185
0.084993209181034
0.011996231288833
0.358299188653138
-0.189022452359386
-0.005103087286906
0.176428228483665
0.157390794034527
0.049174267494013
0.252718609322035
-0.212320738096431
0.221830895074478
0.384259748878889
-0.244417769697074
0.245857276510849
0.236827730982377
0.329339895833613
0.073386902952864
0.056461173135475
0.143542599169624
-0.244979360268499
0.098250556433143
0.248208611371704
0.097177287379432
0.304067250177386
-0.308538383402853
0.181348404363539
-0.644110260048140
0.090457140551573
0.091833463112349
0.137909961667613
0.011982465883166
-0.200493408629740
-0.299796428521204
-0.005282561052659
-0.260963592194163
0.083505590098364
0.114764003000993
-0.035958212138472
-0.254473696612416
-0.269972310173203
-0.223621057224370
0.202081141524101
-0.508873112352644
-0.209497848280972
0.048205576456004
0.011296465531752
-0.330092907805455
0.002722611393877
0.107284443643492
0.093321233513260
0.351159470715987
0.256420505923482
0.046162741845793
-0.254332862919532
-0.079521551090159
-0.002901088553317
0.242586848758294
0.037951128238698
-0.019050073365122
-0.306382000203313
-0.266132215739594
0.012417637566503
0.045843375205635
0.314863183928153
0.178050803838360
0.233365580122367
-0.054981695108366
0.264884540418687
-0.352632216014576
-0.211663193389302
0.285907965513009
0.181806177487593
0.037258470304188
0.219264153172509
-0.040506999044434
0.302767822439327
-0.024523416414832
0.184243074419956
-0.128964584623828
-0.095378516904516
0.097903504820923
-0.258179964060216
0.249363362117538
-0.254241294895945
0.023328406540713
0.402035847730048
-0.073262073672127
0.160660125459231
0.017733011041941
0.001258284748136
-0.371412267141828
0.176466360869689
-0.407004079350128
-0.099653776244668
0.011361536843149
0.013731655524936
0.249885338142019
0.259384908487303
-0.045871902788951
0.279542748013340
-0.061689913877188
0.012521151548567
0.198733281820684
0.234146719937723
-0.057818597910978
-0.016200964183306
0.054275753138307
0.463020608218590
-0.189176196002000
-0.240680375818100
0.089689533782656
0.280948198765670
0.175339262955728
0.075203918002673
0.045434932375459
0.078638487743574
0.405966687734692
-0.152846209507629
0.120579683573634
0.011576663155886
0.101007615070482
-0.001059499243998
-0.263050726320376
0.179688391375042
-0.191435419757906
-0.441120372241111
0.155954117128338
0.193671582850315
0.086015840739527
0.097737842633980
0.313319040899130
0.018698213634219
-0.100152208216226
0.222161724956967
-0.186394032916721
0.217878198505719
0.149295008240363
0.015306124902444
-0.125464942802478
0.212934841870302
0.165985044835939
0.212980796871671
0.187516741692327
-0.101371761076160
0.127729923588158
-0.007417145616657
-0.387085898459174
0.367484645793126
0.546243856242317
-0.115150334285717
-0.004509817928662
0.162045839730379
0.049450720618593
0.276372100382043
0.026257631454479
-0.049984800185572
-0.182380647823349
0.015935068962166
-0.482683230170554
0.316725885389283
0.090694563206357
0.157457878285484
0.127168843761508
-0.158628429438481
0.212627811448440
0.044391267919394
0.373512983481436
0.053995091886862
-0.321790632477033
0.202783479891249
0.156982773183508
0.078667585153686
-0.435489093574260
-0.109546769355486
0.272074557600724
0.320910299268523
-0.044448991574439
0.311060782318858
0.103965032099609
0.129910184536751
0.240812362668772
-0.146060374866404
-0.165029095549537
-0.044225222710434
0.120624305872774
0.290267171215904
-0.583164948023876
-0.114912511203445
0.075822105952463
-0.027883416618142
-0.056701963256169
-0.033262433691953
0.080658130262779
0.160236275147313
-0.196752017744812
0.471681453974088
-0.671095844942750
0.071145489816749
0.184342196007571
-0.159243850644699
-0.070263622441459
0.450278959861563
-0.161700425474654
-0.312772666103240
0.335730694569749
0.029140780234273
-0.154023069911224
-0.377567245419491
0.046065094590479
-0.096560151826723
0.429954082841685
0.073918597987464
0.160847625397106
0.070516461697259
0.486702238541995
0.206053002642385
0.178139133477012
-0.164269748304276
0.176163317472120
0.137739864052423
-0.124758591140158
0.161184027634422
-0.020258313315840
0.120146425955989
0.167864806833500
-0.083925824790607
0.001946318049781
-0.040794164522798
0.026627573224304
-0.044588584872483
0.291553185829446
-0.265265074054573
0.314027260880885
-0.191467090192889
-0.234043792512141
-0.157073452535555
-0.021026509223905
-0.114567735547107
-0.247382221472611
-0.227034125170246
-0.042285354257991
-0.176839869668015
-0.071104338271145
-0.131490063695682
0.171946258700440
-0.224227924161155
-0.107542574666037
-0.008590482709102
0.408195670472160
-0.031985905341457
-0.135172135421646
0.170099666271628
0.107658234726012
-0.147728946619670
0.125694440382064
0.127048335870726
0.495124364003630
0.111133098899358
0.203765328438141
0.039463140120521
0.295619522397034
-0.206395686094856
0.081939628991362
-0.087357545540250
0.094317734741001
-0.052661632750124
0.180640051575358
-0.114197164586338
0.221437770794484
0.391624509143120
-0.025306319737457
0.167963192361093
0.451564214139569
-0.102455523018985
-0.323204249999349
-0.028622378331478
-0.187736969972971
0.056578081087784
-0.171370536303527
-0.298329265957175
0.024735673396860
0.154883837596432
0.134067087478376
-0.147475534545981
-0.014257175282038
0.150230399620937
0.298756574945245
0.113348253714845
-0.025969775541613
0.294411345593806
0.001078154841709
0.003000401343264
-0.186209267763446
0.100473876704633
-0.352922283814442
0.539084721769107
-0.343337846288240
0.255832700092034
0.330852174860241
0.064273180596475
-0.314409720910622
0.102787127005593
0.115106277010270
0.225861544717144
0.136864812113536
0.118304616649321
-0.036604560770397
0.119788493054788
-0.307354811323233
-0.143395528829992
0.046762603040093
-0.021541280342598
-0.199995969346576
-0.322821808153321
0.034573732446223
-0.030338539332836
-0.227544517231890
-0.095111423976364
-0.276760551892758
-0.185985197037212
0.120042123393941
-0.268244656750031
0.098793401809888
0.049073826940532
0.017073262496699
-0.189927481486855
-0.000757723164463
-0.327659656150696
0.059478365335184
-0.083191889887003
0.097549054094773
0.033659269443695
-0.048611228651761
-0.032425257687433
0.062350811129592
-0.303526209736217
-0.157894382871066
0.354229827237360
-0.306725825076231
0.017261500298997
0.305022135187978
-0.178755136956742
-0.186231628618075
0.386477467220664
0.126201581327597
-0.009708935407944
0.036431531636332
0.370170548094416
0.333139652688688
-0.242886543165476
-0.296510693734452
-0.186130495364987
-0.101525871533669
-0.055349886930753
-0.360896955989956
-0.135393230673685
-0.201862008435938
-0.234000587022196
-0.119356538058754
0.058279701258816
0.150829207334785
0.013475353458630
0.082207647435748
0.017769257044152
0.172609487699214
-0.259231698837997
0.220363122184142
-0.349473936983401
-0.170374725676516
0.167652995364951
-0.055157681680736
-0.439365373610073
0.229495397775344
0.210177132306014
0.097712190915943
0.099537108537184
0.073356954881566
0.058471572919730
0.096515920476488
-0.108090951305134
0.001380390395289
0.120805465787708
0.016293423580644
0.104252566517547
-0.124977187825166
-0.244090553735111
-0.009560030271300
-0.324572308851715
-0.230125948451687
0.135931421147098
0.483517932689331
-0.327021069758843
-0.121305584719329
0.340579315421487
-0.104856575107393
-0.057648986949979
0.354246287310893
0.142057074286014
-0.242130539399604
0.148427397618671
0.044379169885124
0.383383623803660
0.194737646176317
-0.194600627673018
0.185546671142782
0.296449035655918
-0.087658183669017
-0.133871236465048
-0.385261231443106
-0.076439138808656
-0.129788708632493
-0.301971208164472
0.045583173349191
0.025704579188504
0.099758278148950
-0.489248836495840
-0.072364583781894
-0.092351897478727
-0.011142415757595
-0.260619172685161
-0.074396069997345
-0.009719044998705
-0.211642200744672
-0.176407309808304
0.288578829890596
0.491167497733377
-0.052621300623772
0.247883149177340
0.346728821982349
0.182457516182628
-0.140865126737729
0.080424695555789
-0.221993158912078
0.072246905863398
-0.290169676075617
0.113115137419765
-0.295060750430740
-0.210296377614409
-0.239969323568078
0.364988554568177
-0.114821770968691
0.123175353113242
0.227351411835391
-0.428104532336290
0.004135173577586
0.350298700539001
-0.036148949985204
-0.288571655326917
0.187066020760509
0.229367694302262
-0.082659080768043
0.107286796332748
0.067757067078072
-0.065316438985316
0.155703190666299
0.001174728574867
0.061327697139291
0.326486601306495
-0.344205150773827
-0.088727834995317
-0.241104907287943
0.426633973299195
-0.305553968308877
-0.018114546036042
0.118527058704077
0.047095628795607
0.129746237047271
0.143361814125578
0.216072483544135
-0.383347287933989
-0.014229382967006
-0.114519704897928
-0.183125599665044
0.520039673695394
0.176183515874863
0.090584489369692
0.113721349132134
-0.335655197656730
-0.093973471223427
-0.272486701736282
-0.267334289393846
0.226727189803670
0.169785874541146
-0.215459156051431
-0.260722966752754
-0.158215979917657
-0.215022742882400
-0.182535508649606
0.197667319991133
-0.002087232462149
-0.048253092242736
0.152353460563173
-0.249547160084474
-0.030413667872106
0.327102993288981
0.323759353391818
-0.419504428716107
0.306712841737576
-0.299063704596066
0.480180878014318
-0.043566208747560
-0.143859600117805
0.033959806849676
-0.156558724090443
-0.005476968277715
-0.017285451951008
-0.223316662952183
0.384119169408317
0.195133554216305
-0.014615213014054
0.100179762876622
-0.194379046044944
0.046832508696083
0.042863768623074
0.032146509701843
0.182406790961536
0.329588296908461
-0.420497351554329
-0.133321505765276
0.104811571457244
-0.256733113105844
0.225758757746588
0.188130041989816
0.067397741040460
-0.123863909254640
-0.004831764020504
-0.060266332724121
0.193773732871414
0.114097457344929
-0.018366957405975
0.046757868377999
-0.095381853829069
-0.173100332708479
-0.316370460475891
-0.054566581822324
0.145544177696257
0.100965823891110
0.134428509437083
0.307351719767468
0.216277124140025
-0.039302268700067
0.167003879972167
0.400784812236756
0.122497206163151
0.038871067765872
-0.106213528220711
-0.059311199007921
0.009684373812591
0.128325399581845
-0.022195508166119
0.209049435604781
0.115191448852925
0.043379228435189
0.294466713647630
0.461476534464329
-0.054237501499758
0.051315276029636
-0.074221754406876
-0.000548398488594
-0.079843255139642
-0.044711716548217
-0.191480188747322
0.220398792809131
0.103313797520644
-0.618859242917086
0.033592078899876
-0.349741033824657
-0.365327951476283
-0.010069105591240
-0.101980349868102
0.265138740886052
0.029459165989890
-0.193774744813274
-0.105390100415636
-0.225604396039086
-0.264777120675375
-0.038843204087310
0.153983612990894
-0.302258908070391
0.138253655074954
-0.243974085566923
0.039123933606766
-0.100893970509895
-0.103056139993112
-0.060012415138480
-0.063486925789392
-0.274609643729349
0.523523732839767
0.102220968540062
-0.215969000851701
0.081221130892052
0.054072685056058
0.074298029319959
-0.182072885063891
-0.118999404904068
-0.035526411769596
-0.092634540756721
0.410939549753830
-0.205351874202065
0.028556760628895
-0.058826657393197
0.355274602309846
-0.097354205063335
-0.108371469262144
-0.272026603589478
-0.440165156692266
-0.315086456606905
-0.306248562589922
0.153589002697568
0.248418130418965
-0.064328871054912
-0.130830305879027
0.321807579028858
0.343113907875459
-0.104126414639594
0.252967204387403
0.012246373918163
-0.040689510313718
0.140573896573551
0.105617678234049
0.184446853340447
0.164781783709710
0.105184252148067
-0.184694304129175
0.169114970640071
0.206071947932204
0.189043622538771
-0.409431211371573
0.304482160646274
0.331547074798330
-0.026868959478213
0.338768502991083
-0.490543767443762
0.007615376659038
0.127619732221107
-0.011639644890540
0.061382298089174
0.015019312363706
0.310124008702121
-0.092313207674925
0.482952076897125
0.297270095003453
0.292280794186782
0.011239307762926
-0.165841775015823
0.095537029759211
0.284899897351865
-0.330665139430710
0.099616297454566
-0.065306867079367
0.452918927148849
-0.223345163374472
-0.421498393678141
0.078881744377750
-0.035291041507575
-0.511182242985839
-0.006923079157890
-0.295325471794547
0.038247479324380
-0.220705332036698
-0.010982706184458
0.452851598513885
-0.144753236959206
-0.277120775549592
0.231541490077209
0.052981338938387
0.191265998359997
0.091012027871580
0.221690843189663
0.068619769112177
-0.132687030701738
0.251857857242716
0.538093367811218
-0.141783898336521
-0.110787470260562
-0.319202602933478
0.238112358443947
0.305998203370175
0.106029001233033
-0.045565242109092
-0.377328234620001
-0.151196878625975
0.132030474277415
-0.098893583487660
-0.365094592633974
-0.109860189635250
0.058075108883636
-0.294768978648022
0.020922298789546
-0.133697486777482
0.011132356942209
0.361592061565521
0.071605168417320
-0.201112627739339
0.309751502389996
0.125704504820428
-0.133526903932941
0.378894405848253
0.010826066254977
-0.299613972735716
-0.361917038767810
0.217083229476485
0.203691382751937
-0.318424137379259
-0.251058823918360
0.129812704793182
0.393514725195580
0.059105537848612
-0.276793194766844
-0.008234134949680
-0.107420445510131
0.159413451129739
0.009783491313334
0.634170322420268
-0.019110195961479
-0.283266871988660
-0.009690866025303
0.342515214990360
-0.018011928405647
0.286389081889871
-0.021824692538777
0.046120705472418
0.138785801168930
-0.003278358582269
-0.429995208379028
0.028612461064335
-0.133922357342175
0.396539782369415
0.249258588635075
-0.046250264843606
0.551845564362064
-0.342823784550574
-0.130447692568278
-0.396258607934008
0.126352449612120
-0.069731443765591
-0.079248570090991
-0.209357914330743
-0.114750195465885
0.277963063730455
-0.143393681610192
0.099511004100806
-0.161023135095929
0.088095489373805
-0.086052893097532
-0.353854892614857
-0.276713141603475
-0.251525070920179
-0.083650543654569
-0.490127122883423
-0.042977432449058
-0.263824829768341
-0.051754925921830
-0.007870334108712
0.055590513631128
0.216777985234122
0.086401482648783
0.467277681964199
-0.221083524396945
0.403437439607063
0.047558896448254
-0.064732045419557
0.278719464664730
-0.038484373367002
-0.190820609580525
-0.278583193986190
-0.153356448049907
-0.330389641054493
-0.150253832592742
0.012629318233214
0.239291112224992
0.211987070900177
-0.241377017122940
0.173182851242613
0.029701542521388
-0.459921799077646
-0.216644776045412
0.095076333331593
-0.219081861411079
0.270529725522742
0.026632978369216
0.126700899884292
0.133042823508907
-0.362529401645532
-0.296694835960848
-0.147586536098146
-0.138586381882603
-0.459443592639101
0.272920641779682
-0.244782529296500
-0.239554895930844
0.512316295410546
-0.006018787594629
-0.109887449335642
0.107401941684844
0.026233188260357
-0.026792192061933
0.133708764556165
-0.181498372492067
0.144435138108419
-0.034596907214217
0.347799336836314
0.080078675110990
0.104462111948963
-0.286585345789121
0.322610711318960
0.106438965099966
0.160290315825713
-0.217348843630900
-0.142591278666865
-0.259578923712077
0.204854781805295
0.205064894163126
0.478430018733186
0.234422076167620
0.309304415263186
0.311527074138469
-0.010173709631284
0.584250036011849
-0.139918430244788
0.056382418535395
0.015423867873855
-0.060442270688787
-0.077698766835059
-0.079223363060016
-0.235692376025460
-0.028715237110759
0.089193649747305
-0.079581637810545
-0.205393441230626
0.135435584088293
0.067585124629302
-0.069663158851144
-0.001868367581721
0.269456270625105
0.100052707557394
0.010543850724836
-0.187107067706697
0.012206418792053
0.300471343059245
0.286900514144305
0.213743573277067
0.209772669906965
0.094864181505982
-0.069084075049718
-0.078886311730015
-0.034402692192728
-0.047328891125561
-0.113381398975762
0.159014062658706
-0.195609510472260
-0.019219053480093
0.040140584214448
-0.338578192275361
-0.043722125540874
-0.144666041272399
-0.258498507052340
0.008419826402905
-0.173355843639517
-0.176406984489864
0.059063153901533
0.087440989188813
-0.223583771597360
-0.370212069108804
-0.049676592603098
0.155359940067593
0.149859612685105
-0.442250939325630
0.237865689318606
0.398170538827426
-0.100594668570443
-0.016089765988910
0.199839379877953
0.160619814454305
0.013468478011175
-0.277460335570295
-0.149649996305946
-0.068941241452420
0.051616619404347
-0.025888762848585
0.277068178788814
0.241715125101579
0.224316505477022
0.204221425146551
0.279751166628517
0.229036386540584
0.059042331658303
0.323811718152204
-0.201736320926430
0.174012123065228
0.112778089239050
-0.107932288124803
-0.104350063037303
-0.257984860915185
-0.050794709720940
0.123191158377183
-0.271108624484176
-0.233246639430016
-0.432292676757443
-0.291035358403701
0.145346005853561
-0.031970887917548
-0.236733492647713
0.082133380800834
0.103591805820662
0.025295407769284
-0.048842090314495
0.017467468577348
-0.378684653890533
0.527522840637495
0.000098120047468
-0.107614446496633
0.059429045811395
0.113215280425391
-0.215648157790100
-0.238311204278089
-0.087858724310407
-0.000780667506214
-0.496074061308066
-0.053875063179423
-0.131757962971645
0.196152411780935
0.030800367399160
-0.126703765489626
-0.072404371170152
0.182099654346905
-0.016159012134001
0.165359179914305
0.352866305074266
0.140174370216976
-0.054184910821011
-0.168777879846465
-0.226075861234350
-0.083094468375671
0.181178560034241
0.139307813800439
0.460761262234931
0.371050639063550
-0.002222356288589
-0.011594587210997
-0.268564201309757
-0.049482030432016
0.222339354471031
0.161437283083333
0.103119826270841
-0.346219621572701
0.139748083393875
-0.199375342492804
0.217874883440740
0.138474239597663
-0.090327576908899
0.401484047763398
-0.284253206504577
0.304863610507853
0.075445950205041
0.230233569963507
-0.177428764000847
-0.152012434305150
-0.428910651386719
0.223494972945088
0.435205546427809
-0.125820374049130
0.138308820042420
0.179349771235710
0.005530101976501
-0.218246146430340
0.400536593021559
-0.042937840466955
0.041058631978701
-0.317464009368329
-0.017264692077643
0.417688147588842
0.035465048864248
0.032595863096859
0.070356862933167
0.065983814347597
-0.342193649386827
0.355425117421799
0.050863519615463
-0.306205574264049
0.170101169516441
-0.368746106307570
-0.120552333020260
-0.002045808165306
0.156961989158479
-0.222483518169935
0.210356365975800
-0.004960751710095
-0.167145139410448
0.221468389386028
-0.032776671531457
0.019826812824284
0.165839597219018
-0.343519810947354
-0.161547445316330
-0.160305774712554
0.204829578801791
0.209778704631531
0.021829280525894
0.043596695140319
0.093866650875708
0.319207540911735
-0.023242145029113
0.266851406313140
0.376568408918599
-0.012100465283371
0.129656246687118
-0.133816800513343
0.059141551880893
0.296557098412670
-0.076319425815272
-0.242238794472880
0.161129368413040
0.256673498430084
0.361211066432040
0.205918519819740
0.014105908339515
-0.331555306168078
0.197470747235836
-0.028956352073536
0.071703237890911
0.091453895669757
-0.212011280407529
0.122670034902929
0.012579013949743
-0.456255239541375
0.192026722889783
-0.215606776336133
-0.357477693639668
0.178281899566575
-0.049593723679469
0.079320479810868
-0.154856676226914
0.257000236873584
-0.128116894523112
0.290589542389832
0.465862816545834
0.085575682143595
-0.159298562501042
0.090870654799037
-0.231951504918137
-0.147773984222198
0.008686973342157
0.119912874247599
0.135908527550521
0.056807360409855
-0.182455539039490
0.084531712836013
0.270635452590217
-0.133541207828036
0.075949432154236
-0.209376112293997
0.184904199262390
-0.108227000237708
0.036873543603258
-0.052365360230517
0.031367721591586
0.224994089448195
-0.019256995521183
-0.010785245619525
-0.133164826005007
0.254543689953988
0.106867755620067
0.192424126536440
0.078612811246373
0.173545924554826
-0.183364403187350
0.048226587002525
0.136613053254217
0.087246830619685
-0.055924065110844
-0.010076648525711
0.123896296706774
-0.241696140672129
0.408862643585115
0.045680428317684
-0.028721660965367
0.239170931179624
-0.061196167224381
0.366331598393155
-0.067135329390847
0.201690480563967
-0.016437236171403
-0.017090105491628
0.005586861757189
-0.013801854678560
-0.075070920858461
0.035803010598133
-0.220971830573766
0.094103653108122
0.004712902450121
0.253441575895632
0.105430286714268
-0.216663368417043
-0.132145514696947
-0.412733578742847
0.342902359919961
-0.270993723142106
-0.040631543229387
0.185713731132470
0.016276487046352
0.114500751182729
-0.139567222034758
0.260987289670964
0.142557716909108
-0.167721993567919
-0.315341271021214
-0.009240546950047
0.107411497526131
-0.224150209627584
0.431958664004762
-0.319828909752545
0.466784076647580
0.108970155213844
0.096815302043215
0.224089795618971
0.141120585408332
-0.116554744798967
-0.068706014761017
0.297154027677668
0.179920868906128
-0.156472435384672
-0.088502182828223
-0.121239579907743
0.369063761687667
-0.258555013357927
0.041606983355960
0.433317175054648
0.041229433271326
0.091333377587050
-0.005288023802751
-0.230120203949499
-0.318384112656390
-0.000339901400482
-0.124877480587409
-0.079020788347345
-0.149558478492499
0.049362634193263
0.070380163643969
0.158768345190548
0.026297031463642
-0.006806113462674
0.217059773884030
-0.084156422605061
0.128780407754703
-0.292059403725559
-0.039691378854704
0.490067028219309
-0.133322770070406
0.142561795341789
0.226103632545676
0.184917876910618
-0.144289159216909
-0.101689690676883
0.065901319520104
0.088831998308343
0.089216156142355
-0.331293263482226
0.090414590199256
-0.261385065820349
0.026382334949427
0.110152903637023
0.210389314508714
-0.280771914725869
-0.284680129696845
0.095451965696334
0.234063103200779
-0.333840715141092
-0.289771355977837
0.086703837480547
-0.109342387239714
-0.340974070264929
0.326790931755766
0.162007064281211
-0.270079858340536
-0.199499256466836
0.045163613952195
-0.003083051097713
0.318109592700713
-0.123313958396398
-0.123687113716527
0.252067109051921
-0.136033496917912
0.158188304110047
0.135733865139848
-0.211128476746043
-0.310772012915295
-0.275679182065308
0.171683228247169
0.258953165155103
0.048094770417640
0.127964673515205
0.310172493163257
-0.388081015870132
-0.006173699355586
0.178828980404933
-0.078760765993129
0.195422675564208
0.405756035896368
-0.150023077557454
0.275533400115149
-0.135000016989781
-0.025976829323763
-0.197580882964133
0.156209367192324
-0.125142304285549
0.424090830056299
-0.032313115458344
-0.129396863311291
-0.099107050219959
-0.102535113096977
0.006524106204160
0.219583207109683
0.138503645252584
0.127528161307003
-0.090664930565485
0.100792420742671
0.172230647823663
-0.106600304244969
0.074609600458314
-0.026786340918303
-0.357158499155836
-0.150409963417560
0.238723890828829
-0.003193924948988
-0.332420113398432
-0.049885952822708
0.464091123946661
0.056120875546817
-0.078478935923715
-0.146727236195493
-0.064659444396216
-0.061780276299041
-0.497364565942050
0.369694217152899
-0.391854680045573
-0.347880336143010
0.199545911908533
0.025943700231775
-0.002720845564652
0.055622439240277
-0.667807054911707
0.193460247952180
-0.044837562841117
0.276156634489768
0.219932035578563
0.305780557067362
-0.137836855527427
-0.026791069739272
-0.405330818369761
-0.004463297294438
0.061994889221731
-0.300414742441116
0.224473744362898
-0.024865045189335
0.126794204701113
0.022709494643554
0.108386834245035
-0.157436432596262
0.272064994528423
0.158783865774297
-0.018307164253176
0.359249819930432
-0.223214878757535
0.204918182151083
-0.189499977957483
0.086171844110045
-0.226035594545904
-0.204517605023911
0.089077404573173
0.231415468076906
0.122478436989756
-0.070422697999134
0.114762176105477
0.053954017096686
0.477917608836910
0.289478661453687
0.011681969315508
-0.328046765692939
0.065865038924367
0.064383674871370
0.060072030426690
0.008678828307828
0.199898262106884
0.053980508782893
0.212031027147566
-0.151184603039250
0.046807757783543
-0.018347080499128
-0.065952174578446
0.240297950622707
-0.272201601148916
-0.179470635510819
0.053400465544931
0.303176518212945
-0.080591577642586
0.174098607091691
0.082729036237787
-0.024438645135293
0.090882786048366
0.193684764245802
-0.126539480844808
-0.263324871867859
-0.246804827871004
-0.135795662075365
-0.176606726650131
-0.191830501453691
0.020630325874811
0.190059119214904
0.259203603629673
-0.067213802960363
0.414430850534470
-0.004700231002480
-0.088189635894391
-0.169300770098145
-0.265437148225808
0.218105401948508
-0.250686230371642
0.063944866939828
0.282330484542964
-0.169844717775128
-0.280745088483058
0.430243237885654
-0.148500796390624
0.159128335734265
0.544857390142963
-0.049399246965528
-0.407159875565531
-0.085197355237731
0.139358598639964
0.035774872849836
0.366840888395325
0.152073899423336
-0.215155635554257
-0.200899952204206
0.317802223565413
0.365326792806984
-0.161464372126542
-0.252731259934053
0.254665541052973
-0.014325593656273
0.047777591899225
0.038622279753869
0.027645855650827
-0.015288803660809
-0.272692066429683
0.099052279064639
-0.079864451067621
0.130179820475404
0.351373333057092
0.244908673274675
0.176960091251089
-0.049987550723090
-0.008004606690876
-0.375531297756785
-0.506032939462120
-0.093937069922111
0.287181109424487
-0.021115403092247
-0.094057219091256
0.001936404850369
0.038291888714561
-0.176847012321915
-0.176124939714077
0.107699356676280
0.213300254627271
0.044661219939653
0.406151284774429
-0.043517755868057
-0.179466227035402
-0.240215454347166
0.185703997761957
0.114965446847930
0.349326943711212
0.203056035628044
-0.385796339079775
-0.026193986961155
0.403846077159246
0.010628421977568
-0.201557257044794
-0.349688449667494
0.034836882372901
0.160456362096928
-0.180736229452387
0.157364575337240
0.161095255007725
0.213676067693530
0.077269238878759
-0.534212158420172
-0.104226658623626
-0.054404922730174
-0.210772486453170
0.051257190948529
-0.149117543984857
0.282380364680727
0.309092848927986
0.112637774548690
-0.145700332088475
-0.014579312277572
0.108956526670155
-0.050801655090533
0.036235260301343
-0.002623787055690
0.238212918770142
0.207191430466586
0.091540119979545
-0.135103870118036
0.132056292693640
-0.020356395125996
-0.224085694037911
-0.027701531827124
-0.266621018007093
-0.158673067175211
0.330985550547965
0.325995955082730
0.390082532277281
-0.222631349836102
-0.125020932826768
-0.196264788702953
0.478587972034988
0.147175712707696
0.063545641194325
-0.188089584528552
-0.387648034049656
-0.086065505143200
0.107363195667144
-0.366168763379366
-0.262552961564968
-0.194599039331072
-0.241749396513983
0.141428683731797
0.066175591624703
0.056270064897556
0.247619273563162
0.134914913052242
0.014027489804764
0.196658393180449
-0.241310372934317
-0.088587689377647
-0.223905488433553
-0.098850799968150
-0.446492975147679
0.151472749450168
0.242659581576004
0.037602990166908
0.064604239442985
0.008864948236327
-0.214782510184737
-0.121901102575519
-0.007493116133826
0.101235293985636
0.070183180605838
-0.095115444825084
0.009842604084966
0.155683661145303
0.425691131670693
0.433429314479999
-0.073379176160567
-0.451651373635933
-0.376414587628281
0.324154895797319
-0.103707048987521
-0.347298703839166
0.138430638376063
-0.130293929756505
0.212550043672134
-0.273112840610320
0.257847200251887
-0.047211862560714
0.218997831571836
0.021759282012406
-0.249482256440337
-0.170678887885976
0.064889191730227
-0.265281697222913
0.026097830362940
-0.060214188563285
0.112081709367959
0.070537968146930
-0.134651955403560
-0.090577214115352
-0.325672953483763
-0.018917215162410
-0.005141077346618
0.120372139011867
-0.001754617388228
-0.038963726589741
0.147051230833345
0.204801821749601
-0.143669685763126
0.162602105312843
0.162546460411323
-0.068919224916218
0.387727511395270
0.116167266124714
0.134476388767769
0.142452627473687
0.112551256950360
0.253636249979057
-0.011564127087744
-0.085725314571535
0.202579563655588
-0.464614286522929
0.353370406830516
-0.229485274429568
0.068762661464842
-0.293669422545427
-0.059697225341505
0.047442376596565
-0.238418406194836
-0.285190009631870
0.186366182886171
0.126563032138128
0.134651657076292
-0.242696585653635
0.185544865807870
-0.070652749110202
-0.079558716119684
0.040867921563062
-0.185394488366198
-0.209475615507937
-0.265305153870886
0.375884421453744
-0.229015791254884
-0.177771419567987
-0.221228183995044
0.063911912834620
0.121047016714292
0.395957729257554
0.245932522786332
0.240751461116024
0.121873230688191
-0.044487134704990
0.208153831109325
0.033086373645982
0.149669465062167
-0.261515861229814
-0.182816308709424
-0.405001615538988
0.093898997126859
-0.054851234874229
-0.137375642533072
0.033357144475331
0.358462165520504
0.027458629063602
-0.297262576836761
-0.195279848019342
0.016994573182696
0.173354678948871
-0.309053317010019
0.330839546675153
-0.052814049302569
-0.012169843467702
-0.093707998861036
0.173457512283178
0.128761223192845
0.286807836947717
0.206805946962437
-0.013453607411862
-0.000315988240293
-0.298636688892847
-0.125868991073704
0.133227429079985
0.151713786121265
0.051256561074711
-0.165339702775890
0.153847576324105
-0.202832440920501
0.030684748679652
0.008261107802475
0.056024207306879
0.152528323174934
0.167915205477447
-0.370573794536261
0.097813622167239
0.037708691544478
0.173764864182434
0.209139403464821
-0.093116204610646
-0.407579293006321
0.265196214591115
0.033660353559969
-0.011450997424631
0.026380562421732
0.426209114797566
0.022457563783508
-0.027693943614878
0.179349489370748
-0.159072440154433
-0.054424079191801
0.170552619800055
-0.205850704861073
0.230010337081780
-0.233969285929040
-0.090063767223782
-0.094254632414923
-0.023401834661161
0.174915305850161
-0.294457790277432
0.119845245694805
-0.176990132360180
0.179680233527492
-0.067269577780152
0.188375665214316
-0.307859929679241
0.011745518848144
-0.412512859618645
-0.034662475469022
-0.258929607346002
0.230849922748119
-0.243717983224361
0.086036226123068
0.124974003414608
0.116725405188593
-0.006174358395799
0.183496887863998
-0.058330673519734
0.243173248095687
0.024424085923728
-0.021164772700646
-0.205338394678015
0.054502483840985
-0.094978224018361
0.133497568692143
0.038238360916772
0.403394374619044
0.015628432840478
-0.204875133385061
-0.282831107349148
-0.396687589330061
0.050626865857811
-0.108438901102465
0.174207863557247
-0.025845210499008
0.687317157187156
0.226155070021378
0.017341128186272
0.483801475624706
-0.037252864791200
0.127937787224056
-0.075025955035659
-0.144820851318551
-0.104232636992517
-0.101008410428854
-0.207712685474988
0.056284244724401
0.217781270390188
-0.110486144137975
0.143188384850523
-0.138559443965556
0.140515793363877
-0.101678619742653
0.027800795235930
-0.081811941295067
-0.065239273403199
-0.134728813895043
-0.034609264745306
0.210932379838278
-0.191501731229038
-0.061567103497708
-0.180102326700511
-0.256798562632236
0.051138672459812
-0.259539361891100
0.023854381203394
-0.204248729535906
-0.197239705229558
-0.092045759627431
0.197004106355237
-0.183699344981289
0.122753070037828
-0.041754880741485
-0.015352706643617
0.038894336142041
0.221606376444284
0.253453906080544
-0.104806596085251
-0.000425330105285
0.315072825323593
0.073554548549048
0.230366191564904
0.425954982660134
0.405257904612987
-0.003321360774660
0.314484752245731
0.223720188503627
0.281726363877331
0.044385509331690
-0.159978521165874
0.353063242595475
-0.190537170928216
0.005265995089566
-0.103584188246704
-0.198417399606464
0.058059430264254
0.059407750236357
0.044197509557435
0.197499129997654
0.147995261552095
0.103165164499643
0.424645950457208
0.483807150656460
0.382179526440471
0.270455598031540
0.003204782613890
0.246910793592208
-0.124519548939548
-0.088278036546644
-0.103575621625373
0.098923739635181
-0.130316136601650
-0.010019842387769
0.184222899221291
-0.363647928144334
-0.219330355021627
-0.128081558856623
-0.363747765111334
0.039486242262377
-0.289721270119201
0.350455102499361
0.001519834355183
0.052005769290860
0.064560019180308
-0.216651066960629
-0.196047283972612
-0.040021967455054
-0.056239240715636
-0.306481104086609
0.169229486732356
0.201520499485763
-0.011386315734078
0.169026044794292
0.037175509811312
0.113848921656073
-0.705736836412954
-0.140087004024468
0.452761819583350
0.006620637623755
0.027258214623410
-0.262078152163371
-0.032841381852486
0.181327046044591
0.004138565835888
-0.085962518755376
0.453353418985159
0.054703189122924
0.280242587271886
0.302436110450884
-0.184307535311530
0.264354269104376
-0.129215042934190
-0.031638546202065
-0.161532666654771
-0.084192682303511
0.360019474991284
-0.141435329676850
-0.272063476957060
-0.270696465562967
0.357136684925597
-0.242645364617416
0.259336161486036
-0.080923247868444
0.197130780699835
0.195022190157634
-0.309253836337925
-0.026933636597911
-0.295278805570232
0.121641025859496
0.025908000962386
0.309951475831982
-0.045921860487335
-0.270612498064355
-0.119109066660474
0.098336494984451
-0.294696908007439
0.199522559681308
0.105438233851143
0.048679092122530
-0.634314412878769
-0.016539184962570
0.184699710590682
-0.018545757821305
-0.161573325909740
-0.403443752676999
0.360339776887975
-0.103334293082582
0.320128156518651
0.197139215206479
-0.318153123674499
0.020657980590614
0.052904801422157
-0.008593295594859
-0.212561015525882
-0.133256868632724
0.061179467447530
-0.209837406402120
0.594360821725421
-0.143690864817842
0.134786595369991
0.169264549646219
0.069049003891276
0.059870723856155
0.073584958681710
0.056784233790460
0.142364898708160
-0.211779099380308
0.087831737879329
0.447641294881710
-0.343736429567516
-0.251119280930603
-0.105285172799572
0.384578745944678
-0.345584657521152
-0.239676070613096
0.342817980656916
-0.259345257725124
0.099891173684885
-0.028769585407196
0.039925041117061
0.063598620147060
-0.063762647182905
-0.095545788349763
0.011370719587635
0.361198470001406
0.158428158443047
0.015338360402515
-0.217589953329686
-0.044271836340019
-0.071405457240934
0.123563133466221
-0.550594611786833
-0.170915983670584
-0.250293930801142
-0.276883767545924
-0.334537233747917
-0.018832448093246
-0.092631414833896
0.309480361706237
0.291169166030268
0.103031381499222
0.007143129122623
-0.084663215435641
0.021859099699008
0.186430507016069
0.155514974414878
-0.176229082863970
-0.136571200786892
-0.128906773114190
0.041738087217929
-0.134926855571416
0.002840619588858
0.124052259359486
-0.157222337584827
-0.062558592417282
0.331262801135939
0.021451356976877
0.091652051638297
-0.271313116567307
-0.014366488370310
-0.063631811282666
0.137302392011997
0.097813762359129
-0.115428693641251
-0.051904207799067
0.281668096898418
-0.077971671077128
-0.195897548998484
-0.126910965218665
0.327701238012604
-0.126555144717530
-0.091453473718444
-0.102905240464699
0.157487455578029
-0.169908531527546
-0.107468666742212
-0.170255823148295
0.021685730493034
0.046112678158209
0.086090527959270
0.127563218883881
0.156267078522477
0.132170676844199
-0.132391335030477
0.342314343756930
0.066237441153020
0.254801516667396
-0.050333565916215
0.242119469059845
-0.103144515164651
-0.318087921059380
-0.132460910062908
0.040299073845054
-0.102538256221338
0.264649120119712
0.162430528384443
-0.132575032042386
0.208979187256181
0.227474444984358
0.150211887561019
0.246057319785687
0.089405614935669
-0.165582128934774
0.091390857368149
-0.112227580093375
0.020979282371827
-0.198400852391032
-0.078329132108685
-0.107602669413968
-0.260972409487251
-0.092502435573101
-0.008700744570622
0.327079251785734
-0.396106494324431
-0.087655640994233
0.131159559416222
0.342058133003427
0.126545787849056
-0.031604698035073
0.317155040390737
-0.087561278805739
-0.021823996602847
-0.004324061675456
-0.088511013668276
0.264329207048066
-0.111153597465141
-0.134156834786756
-0.021159213892035
0.089665855434273
0.319531837650502
0.176534481785667
-0.095059045043592
0.242037355569118
-0.074978865228331
-0.200274553640529
0.268727075705633
-0.114480095534357
-0.281916065618279
-0.108505309234316
-0.183811265360527
0.011870094464570
-0.258563333099206
0.297398688389142
0.025937660971076
-0.239223029185425
0.021194872260544
-0.141401793556430
0.091387919892123
0.110024427193176
-0.258000352169510
-0.135684834701469
0.126922455293794
-0.080838214357453
0.102992439338476
-0.564683638623774
0.258983325496326
0.064103515441296
0.101616208900169
-0.126512658018058
-0.287061491293336
0.009392097360962
0.503391652227665
-0.368443699773540
-0.632391800911572
-0.035686441807245
0.111547686594215
0.074925522366073
-0.095903084100724
0.084865965642174
-0.107411582130077
-0.180149137559482
-0.083552949029560
0.247563709093579
0.264969014555863
-0.013063534498673
0.140377002431384
-0.090401463809197
-0.038840233247488
-0.158817725001643
0.189643120035784
0.007866809945218
0.090682090895371
-0.066374800343770
0.208720711353510
-0.485589718926595
-0.373552730544873
-0.120630566879041
-0.251682741749049
0.184042208137009
0.110503125775525
0.348603988260862
-0.147046948177164
-0.044799632313184
0.047541490788474
0.013919327670273
-0.075121371153023
-0.153941248482954
-0.315362309079252
-0.022403621284650
-0.074550036909389
-0.262307082122070
-0.343459180074666
-0.018366288377178
0.215326882705784
0.266576374208092
-0.155206641022212
-0.212136314927331
-0.279614619592871
-0.216400803274699
-0.029028744161506
-0.063592653597763
0.262834575882105
0.222474839571600
0.018236639695627
0.131725530921040
-0.220320492633124
-0.210001314606400
0.026778659274218
-0.116574245666693
0.403230603092504
-0.019931694218807
0.038190507656089
0.241299983279100
-0.177764948223197
-0.052573007164542
0.086793693168814
-0.061972188706396
-0.060548249335149
0.157578118932090
0.279567453834167
0.410950973809291
0.272806298634204
-0.109951119831705
0.014113819719221
-0.144284306653395
0.101355474727902
-0.013221512663938
0.039296498805299
-0.062346978498276
-0.256194382549294
0.058965013568843
-0.078693334728552
-0.187972059119782
0.224412284449455
0.052882821150586
0.065530605556457
0.276914417144813
0.058262256537895
-0.098926435562555
0.067791577814352
0.105088359318831
0.080150019128910
0.296121656051704
-0.009984847456658
0.181249653335178
0.086041996526403
0.358679241427908
-0.162656312419028
0.408038272877485
-0.118782632013518
-0.094091196384147
0.107141171335598
-0.021927283631329
0.048224859088381
-0.464792757039132
0.449471739986396
0.105983813635781
0.268142089480168
-0.240359415411529
0.229222684017420
-0.081825115871080
0.210906829138675
-0.226016304054457
0.062062629208801
-0.408102582990516
0.242337602479544
-0.216049309625364
-0.137808828266041
-0.146602831345087
-0.377514586316910
-0.239979869571839
0.231897686331093
-0.081610434586035
-0.328893695444267
0.185158619625853
-0.440738672522988
0.299976434152307
-0.265154504009706
0.125987657360397
-0.138720004918789
-0.043359183194847
-0.067494210254481
0.055943201687816
-0.256097507435002
0.656819680170905
-0.197377834244052
0.045787241378883
0.195330058865928
-0.140069245542896
0.011606447481422
0.050174220503834
0.365198901429364
0.079520307934768
-0.103114807658994
-0.296219527988945
-0.249060093237446
0.035549314126307
0.507085461167656
0.129672752918259
-0.008262823730969
0.281508915418404
-0.067161439947187
-0.027729359046706
0.118196919714205
0.549249391756107
0.284354952910500
-0.262318735609055
-0.199084457749258
0.115455036150516
-0.215370571987226
-0.207539086009479
0.316657439394623
-0.189019292485562
-0.023374669153129
-0.199535885924148
0.074936652581722
0.320339344480943
-0.131170706666662
0.093269074501037
-0.378361332791342
0.010639061402714
0.141437396250462
0.111463075924442
-0.160753431838700
0.261831245365810
-0.053381549998261
-0.061639544863916
-0.243247655504663
-0.140675626614602
-0.102698152897643
0.127364884790471
0.140339557547854
-0.016657778073889
-0.034614180707198
-0.325859709001297
0.161496477417492
0.353187887991430
-0.019234217205049
-0.113672934358437
0.167247872418305
-0.029058886510518
-0.319923465114369
0.509125526369977
0.027367325066584
0.250720828735232
0.153172592290807
0.112251836799764
0.257387292503103
0.047386740793376
0.307302564919696
0.170514437919330
-0.208764239409831
0.038283600629117
0.018052606790910
0.250126565705132
-0.205137079984478
-0.182365046623694
-0.355432784002810
-0.291853118485796
-0.065226850197245
-0.128962382904308
0.243373322715490
-0.068897580014760
0.170108144251292
0.091728129574175
0.091808350593456
-0.157683796478690
-0.258370404591522
-0.027915938343759
-0.359201646126913
-0.171847626102739
0.121201294671511
0.119945525462792
0.323618356052964
-0.426477388365518
0.170337961497467
0.097518953926243
-0.011069822545839
-0.057296788113960
-0.134083184914784
-0.032469416395718
-0.208226164171874
0.138844493078217
0.404731072226614
0.223937988695845
0.376680785088925
0.135920613017569
-0.067170825893590
0.019758963436537
-0.082197963257427
0.363227877226933
0.446410495217345
0.015650769254686
0.226644015368527
-0.106652823068613
0.026298929641256
0.026236748580268
-0.013086494313023
-0.028926942329435
-0.145367161711093
-0.129875628074911
0.057692159179172
0.100855791945260
0.381577538098868
-0.055174821344778
0.239410927921985
0.074507554789509
0.085114734966865
-0.086468880367766
0.118514534283889
0.074895981248012
0.440967027591233
-0.319174556425362
-0.152579118178098
0.247304684664618
0.214377246777659
0.418196993857989
-0.046938318270885
-0.114566846091023
-0.125867628716936
0.131362402878253
-0.367301891823832
-0.122682386387221
0.077596378546358
-0.176985660692558
-0.242207898657986
-0.054213160486867
-0.078049350132464
-0.130032792813219
-0.152636276634568
-0.327830446428326
0.046868825661046
0.170222758891725
-0.318994378143755
-0.056644445217979
0.089018315105771
-0.310125944531686
-0.220332140881026
0.300622540143120
0.008480375605825
0.086004094785385
-0.034920045136456
-0.088455474731419
-0.219989101225136
0.381888240643619
0.048986678063709
0.014792879479162
-0.019302058956564
0.092093667057190
-0.082432163534716
-0.049014643253577
-0.013088544841897
0.121400482592446
0.151023446495778
0.303877520134319
0.125884723288308
-0.025725556745573
-0.239930061200966
-0.037844232529374
-0.313815657099382
0.195646549926676
-0.204831186272761
0.403105069250430
-0.250097118725838
0.234332133543625
-0.067613618152074
-0.182075124222061
-0.124121698859060
-0.263501328811531
-0.023958820394380
0.131544497041894
0.211593897191893
-0.241189359141321
0.362606900582284
0.114865644835853
-0.201047226537525
0.008028690454885
-0.188406770625923
0.028958238535809
0.213773766629742
0.051628110024993
0.052411963449670
0.167336119666178
-0.030534636970822
-0.075432601878679
0.074922799081596
0.155620572313455
-0.020482583405299
-0.149538753397789
-0.121332116621803
0.025227468581670
0.203990388116034
0.180465708332491
-0.192443760184764
0.068706091612375
-0.616701822888473
-0.259007962346777
0.180046116994011
0.079821368833382
-0.152494079695717
-0.242337208148036
-0.031264541383228
0.265510429889143
-0.119367514258684
0.166768531639160
-0.291152552093387
0.193817425028914
-0.022750410582470
0.112533700951643
0.281870204967759
0.079899865646244
0.065864957465031
0.117064159575598
-0.073852370104525
-0.086439828141631
0.152611207046102
0.428062295882091
-0.116678570287526
0.102148128224315
-0.338065409742390
-0.009792267186982
-0.186360047597454
0.018501122635947
0.120833586268612
0.449700492928637
0.019381307748428
-0.172666381809991
0.280749707958352
-0.099124037740361
0.200785161650596
-0.058541430139663
0.278994754600989
-0.101570058062072
-0.236204249979325
0.063980619957840
-0.141495777337643
-0.034948876557870
0.107616325074462
-0.181658829305215
-0.449944211831905
0.239434016978194
0.004449981956095
-0.067660061101495
-0.126279750693440
-0.025944039319753
0.374369062851146
-0.064447919976898
0.163914122198380
0.000927694757440
-0.066397672517283
0.078354503502408
-0.261997928785707
0.134942309188150
0.318905327217122
0.274682230741276
0.221636149192775
-0.100816730171425
0.028083561877657
0.413084165530411
0.146010480166498
0.220643702883026
-0.190840408867939
0.008234461070920
0.547254630618334
0.019343139540799
-0.007417145519575
-0.235044435713788
-0.171606383551311
-0.295929071430742
0.474540880655873
-0.081014494951606
-0.202312696251378
-0.161313089377623
-0.216226894462658
-0.260722454229912
0.026520979500235
-0.147820213898073
-0.057126136494802
0.183290810382966
0.104944445731729
-0.273481113048034
-0.237025207102962
-0.597163063422379
-0.051326799607432
-0.201671091756479
0.123403874202342
-0.190458439531144
-0.052656613757033
-0.205721098567126
-0.092528750020920
0.136575182749126
0.190049751100470
0.030402925056690
0.166187683496281
0.039186473346417
-0.302719981439917
0.064374060728644
-0.243129548033771
-0.023807688771026
0.135566201324789
-0.016684195931185
-0.121839332231468
0.169485303845651
-0.043907157084271
0.323163462068382
0.029180826293000
-0.336990752296458
0.050957522480332
-0.260956602944116
-0.151413380616395
0.139241431690077
0.091129747604671
0.070374522616611
-0.185475726319048
0.037670847709970
0.080323960627693
0.430595061028664
-0.561163944048398
0.213819618484896
-0.142542299969154
0.036363639956014
0.024199283570694
0.258170556509623
-0.093233593533684
0.197859133852786
-0.261903858756067
-0.018170661446684
-0.359754425073751
-0.021517261032774
0.040715090273899
0.093359902057725
-0.454243658639874
-0.133935936877088
-0.094411257037417
0.053470790234741
0.207770377051938
-0.193932948451588
0.295157690763231
-0.349779270535603
0.102886891065456
-0.178428390599885
0.100470630916734
0.248168506506271
0.012347341652395
-0.084654028010530
-0.008262298246263
-0.018536096552298
-0.352128483917393
-0.373763816368709
0.002065550084364
0.230079035846083
0.004268530273295
0.030052938485491
0.122178268935286
0.069807345377908
-0.276036220638413
-0.234749088076397
0.645129852975618
0.117456991798062
0.122168240082697
-0.016792450014269
-0.102133538010109
-0.110802365318770
0.125325039348653
0.009827093460281
0.239974007558433
0.105201248560705
-0.055882029645239
0.567328986116145
-0.111640291611347
-0.091007296464383
-0.071863264789082
-0.251687677835488
-0.632535949707420
0.018476549183868
-0.001719446175666
-0.132442958320586
-0.150470020529366
0.185940249881075
-0.076115339334371
0.069596119740007
-0.190400570103101
0.213178142390015
-0.273338082538246
0.127116829638188
0.015671428782068
-0.354526681209016
-0.028796295757623
-0.317597397098500
0.080639731330498
0.502237785140744
-0.252029062987365
-0.282535792001690
-0.305575257758071
0.010795160860915
0.431262211379057
-0.108148503948985
-0.156128104489922
0.214986995451372
0.122778056342882
-0.222413876490408
-0.055318496650125
0.348730754348167
-0.004777680313487
-0.224618930457068
-0.132689270250343
0.213222814645086
0.061607359853483
0.150124026367542
-0.062739481560821
-0.224058382550515
-0.149291204470932
0.221645296884885
-0.531504773875857
0.289122269275223
0.150935497883634
-0.169974675939505
0.370821781424619
0.016783052586193
-0.284611704540379
0.076411867226235
0.131433177683601
-0.016830727775184
0.083855266012114
-0.382352680157459
0.136791403874687
-0.132014507396575
0.012200950079705
-0.193849289776030
0.077178264486696
0.043868714210090
0.124991766124660
-0.496462345858184
-0.009566615006379
0.038181405328179
-0.018766603083569
-0.194383741150054
0.134873389891524
-0.081899381031124
-0.236029452062300
-0.211540120584854
0.017389060137027
0.127662067451263
0.234626075787180
-0.337047515596476
-0.000615987062283
0.270453804728570
-0.126397629312420
0.212298606744028
-0.433802211178833
-0.080320348424635
0.106904337951496
-0.091347810984431
0.074636800135823
-0.168870761409946
-0.142772883428974
0.071183510344947
0.490159980184062
-0.208727844541927
-0.428862126959787
0.000514929953439
-0.183122192065198
0.056730538492039
-0.110664778262507
-0.294354527974400
-0.364373683824274
0.232130665430754
0.026223954201837
-0.005452602133004
-0.296938520880371
0.366017712500528
-0.060562449669323
0.093742249622484
0.199741843445196
0.002811236583177
0.169649879701679
0.173252553293703
-0.007841397613021
-0.027482782798974
-0.065687963501725
0.103835198466723
-0.183757027446944
0.107133454454533
0.320555210813720
0.109137324166318
0.243347127050422
-0.168995601353555
-0.113701640402916
-0.228351624862444
-0.197623959736877
0.265686692598884
0.018697863733623
0.072020821141815
-0.131435878673196
0.030146501161067
0.150157340394558
-0.003146208537550
-0.144405235240660
-0.109330519528737
0.157152383380275
-0.074365916439505
0.415579358447523
0.140388500674920
-0.515450055259334
0.141827895521454
0.145266813959613
0.000003792238403
-0.198687622462097
0.137806811753215
0.335511318944891
0.180674805954708
0.397012874281044
0.121164753594081
0.197795082925268
0.144868373400533
-0.026256599914287
-0.208169508910509
0.033328810239781
-0.196710786868256
0.030928269338742
-0.163848915175279
-0.493921258411316
0.184604261901345
0.036239764757981
-0.232398082164002
0.090744096026559
-0.039643843273022
-0.130360312482640
-0.239903980351814
0.185772237048296
-0.310904124781748
0.012681244700564
0.161392293691463
-0.075427096359060
0.102858057601506
-0.068222263265097
-0.007213855871522
-0.013958948493902
0.182747028558266
-0.111877153955948
0.226630416553261
0.104844450934370
0.056951813598115
-0.281422063504581
0.037902759150437
-0.131214831982603
-0.720196057943562
0.007204050754221
0.053623634863070
0.274641832388335
-0.135542918823107
0.027402780426764
0.183786368608029
-0.044217712284666
-0.013522011137169
0.209746371099781
-0.157008794467407
-0.165843808837481
0.211202915824739
-0.125243285579075
-0.017587778952105
-0.515989563871020
-0.132971013372917
-0.024719214127433
-0.115176406164583
-0.151908607319001
-0.127479062739942
0.119639062622276
-0.231767635287708
0.204401864808275
-0.407404897083966
0.026297120833276
0.114951946706756
-0.262345886675236
0.196864918631473
-0.167847372027611
0.229085974395003
-0.248730731637273
0.170890758920896
-0.401095061308394
0.322650005803751
0.249145233272181
-0.095961526275923
0.092005927688822
0.293852133781640
0.152661497437162
-0.294006803447049
0.046112519098997
-0.063828965657168
-0.130418838505213
0.210986313361169
0.240723976250487
-0.244536437421627
-0.113880240663111
0.021285167626558
-0.311187761310828
-0.497638730295033
-0.088822343996862
0.063973485982491
-0.086346906793923
0.127756619617863
0.208622443076389
-0.053022362530513
0.051263160432772
-0.117915523107307
-0.177622112055578
0.358423534086217
-0.077355858573348
0.150205907802893
0.123050327883285
0.044597041480275
0.054890752443452
0.260582313771881
-0.012815720158985
-0.480918765149899
-0.286405211915438
0.051722147158087
0.353290816591996
0.484820765868540
0.080462940083368
-0.220120724424713
0.142697633090902
0.296652639349299
0.190862404314741
-0.087464397056040
-0.070317951250868
0.048528512565270
0.176637661050820
0.125441371120181
-0.083561502534682
-0.366890094153566
-0.149342279569994
-0.067720765634380
-0.060371055199358
0.087482753773263
-0.031047521210829
0.152698082925653
-0.138219334516062
0.189829010048794
0.205836394381979
-0.165963671990646
-0.205923191446587
0.061349279205982
-0.244174733404319
0.138236509501453
-0.126539202404939
0.091496057634887
0.149989328603494
-0.026763168286181
-0.008746247794974
-0.021735483748971
0.008762222787158
0.052756569821249
0.151741218923741
0.307391298664603
0.297804155140575
0.383372665460062
0.238371890907961
0.039711069949656
0.097993232904608
-0.316896700024323
0.051342919782403
-0.061861221875418
0.125846025280229
0.331039475611762
0.146516330621445
-0.390971781946597
-0.340813678749871
-0.192678561963996
0.106780621233842
-0.091330651773296
-0.414907569753513
0.040014045050797
0.163191328730015
-0.154519288565780
-0.010884363803815
-0.278705009382464
0.453189859299727
-0.094961324951739
0.082567902880776
0.164299791355380
-0.091116006020711
-0.169928786996650
0.028182362470969
-0.327103870853649
0.302580020331654
0.036694810132937
-0.072492078396045
-0.069081113777320
0.085668518599189
-0.343800457531602
-0.086168925583236
0.179533049782638
0.041749121670459
-0.098090102067282
-0.122530567367218
-0.401065205299091
0.389455418641941
-0.157519241821283
-0.300055591075842
0.025223861692397
-0.037631879973486
-0.159798569570018
0.085172867601415
0.327105746362912
-0.302129645551802
0.197398694340881
-0.106433399552738
-0.122038268100994
-0.380205012011721
-0.219889752268933
0.193949283094018
0.002796053185725
0.078293927934939
0.011141601304541
-0.173522083803155
-0.039747082588603
0.239078242018878
0.166571444832365
-0.489731217948601
0.067147700698220
-0.350311008674107
0.161409278052314
0.133119120442635
-0.026657434917228
0.263443436265262
-0.128520192726972
-0.027559353484147
-0.404446691905895
0.098176196454889
-0.025984883771310
-0.034234941174834
0.226090890096580
0.143981188274515
0.149991661821079
0.103141086762440
-0.559326049225900
0.285976582909874
-0.031747408822421
0.231928115769691
-0.366074131148834
-0.149278894377559
0.045720638628798
0.024257930962901
0.165653316209170
0.108186001450976
-0.136957326769595
0.165047030649069
0.008164791878829
-0.263145108367107
-0.292649618089646
-0.038788716676713
-0.175714254884828
0.121891371058779
-0.002940020413501
0.021018075442952
-0.178367781544890
-0.162077304758971
-0.574423827151204
-0.027381106469819
-0.205885394738031
0.382715519572664
0.081296859054242
0.288079486160543
-0.032158030269730
0.508040596436796
-0.442827883154700
0.105367045285264
0.358357953732108
-0.428333111014312
0.034326809501142
-0.265057727811492
-0.132289507667242
-0.425424228790043
-0.145046390996651
-0.301782583580880
-0.163302358448898
0.139681283622443
-0.013157875874296
-0.027419462997447
0.131158106489133
0.471473897921329
0.202245379517536
-0.350048891669955
-0.268709837817037
0.697353454229754
0.004147265329761
-0.208790046625424
0.044722420059095
-0.301693143232611
0.431928204215515
-0.129845454013225
-0.012789051543354
0.249511324862751
0.175840727740721
-0.152183272872688
0.016724898162127
-0.245814655083065
0.214814153426468
0.053811433377628
0.273126291589564
-0.254130005249661
0.001019273093553
